District,RevenueCircle,Number of inmates,Date
Cachar,Udharbond,0,2022-05-15
Cachar,Lakhipur,0,2022-05-15
Cachar,Sonai,0,2022-05-15
Cachar,Silchar,573,2022-05-15
Cachar,Katigorah,1112,2022-05-15
Hojai,Lanka,0,2022-05-15
Hojai,Doboka,0,2022-05-15
Hojai,Hojai,2370,2022-05-15
Karbi Anglong West,Donkamokam,275,2022-05-15
Hojai,Lanka,0,2022-05-16
Hojai,Doboka,0,2022-05-16
Hojai,Hojai,29827,2022-05-16
Cachar,Udharbond,0,2022-05-16
Cachar,Sonai,0,2022-05-16
Cachar,Lakhipur,518,2022-05-16
Cachar,Silchar,631,2022-05-16
Cachar,Katigorah,1474,2022-05-16
Biswanath,Gohpur,0,2022-05-16
Biswanath,Biswanath,0,2022-05-16
Biswanath,Halem,100,2022-05-16
Udalguri,Udalguri,0,2022-05-16
Udalguri,Harisinga,0,2022-05-16
Udalguri,Mazbat,0,2022-05-16
Udalguri,Kalaigaon,0,2022-05-16
Udalguri,Khairabari,159,2022-05-16
Dima-Hasao,Haflong,250,2022-05-16
Hojai,Lanka,0,2022-05-17
Hojai,Doboka,0,2022-05-17
Hojai,Hojai,31111,2022-05-17
Dima-Hasao,Haflong,250,2022-05-17
Cachar,Katigorah,2851,2022-05-17
Cachar,Silchar,4220,2022-05-17
Cachar,Lakhipur,518,2022-05-17
Cachar,Udharbond,0,2022-05-17
Cachar,Sonai,0,2022-05-17
Nagaon,Kampur,169,2022-05-17
Nagaon,Raha,77,2022-05-17
Karimganj,Badarpur,50,2022-05-17
Karimganj,Karimganj,0,2022-05-17
Kamrup,Kayan,0,2022-05-17
Kamrup,Rangia,227,2022-05-17
Biswanath,Naduar,0,2022-05-17
Biswanath,Biswanath,0,2022-05-17
Biswanath,Gohpur,0,2022-05-17
Biswanath,Halem,85,2022-05-17
Hailakandi,Algapur,464,2022-05-18
Biswanath,Halem,52,2022-05-18
Biswanath,Naduar,0,2022-05-18
Biswanath,Gohpur,0,2022-05-18
Biswanath,Biswanath,0,2022-05-18
Hojai,Lanka,0,2022-05-18
Hojai,Doboka,0,2022-05-18
Hojai,Hojai,31981,2022-05-18
Kamrup,Kayan,0,2022-05-18
Kamrup,Rangia,40,2022-05-18
Karimganj,Karimganj,0,2022-05-18
Karimganj,Badarpur,152,2022-05-18
Nagaon,Nagaon,1008,2022-05-18
Nagaon,Raha,159,2022-05-18
Nagaon,Kampur,1686,2022-05-18
Udalguri,Udalguri,0,2022-05-18
Udalguri,Kalaigaon,0,2022-05-18
Udalguri,Harisinga,0,2022-05-18
Udalguri,Khairabari,163,2022-05-18
Dima-Hasao,Haflong,906,2022-05-18
Cachar,Sonai,1013,2022-05-18
Cachar,Lakhipur,1575,2022-05-18
Cachar,Udharbond,27,2022-05-18
Cachar,Silchar,5935,2022-05-18
Cachar,Katigorah,3143,2022-05-18
Biswanath,Biswanath,0,2022-05-19
Biswanath,Naduar,0,2022-05-19
Biswanath,Gohpur,0,2022-05-19
Biswanath,Halem,30,2022-05-19
Cachar,Katigorah,19360,2022-05-19
Cachar,Silchar,7346,2022-05-19
Cachar,Lakhipur,0,2022-05-19
Cachar,Sonai,1013,2022-05-19
Cachar,Udharbond,76,2022-05-19
Nagaon,Kampur,2737,2022-05-19
Nagaon,Raha,0,2022-05-19
Nagaon,Nagaon,5087,2022-05-19
Karimganj,Badarpur,607,2022-05-19
Kamrup,Kayan,0,2022-05-19
Kamrup,Nagarbera,0,2022-05-19
Kamrup,Rangia,40,2022-05-19
Hojai,Lanka,0,2022-05-19
Hojai,Doboka,13891,2022-05-19
Hojai,Hojai,29920,2022-05-19
Hailakandi,Algapur,125,2022-05-19
Darrang,Patharighat,66,2022-05-19
Darrang,Mangaldoi,0,2022-05-19
Darrang,Sipajhar,0,2022-05-19
Hojai,Lanka,0,2022-05-20
Hojai,Doboka,7437,2022-05-20
Hojai,Hojai,25158,2022-05-20
Karimganj,Karimganj,0,2022-05-20
Karimganj,Badarpur,607,2022-05-20
Nagaon,Kampur,6287,2022-05-20
Nagaon,Nagaon,6159,2022-05-20
Nagaon,Raha,306,2022-05-20
Darrang,Mangaldoi,0,2022-05-20
Darrang,Dalgaon,0,2022-05-20
Darrang,Sipajhar,0,2022-05-20
Darrang,Patharighat,91,2022-05-20
Cachar,Katigorah,19360,2022-05-20
Cachar,Silchar,7975,2022-05-20
Cachar,Udharbond,76,2022-05-20
Cachar,Sonai,1013,2022-05-20
Cachar,Lakhipur,0,2022-05-20
Morigaon,Mayong,0,2022-05-20
Morigaon,Morigaon,45,2022-05-20
Dima-Hasao,Haflong,161,2022-05-20
Biswanath,Naduar,0,2022-05-20
Biswanath,Biswanath,0,2022-05-20
Biswanath,Gohpur,0,2022-05-20
Biswanath,Halem,30,2022-05-20
Nagaon,Nagaon,7975,2022-05-21
Nagaon,Raha,1427,2022-05-21
Nagaon,Kampur,6947,2022-05-21
Morigaon,Mayong,0,2022-05-21
Morigaon,Morigaon,45,2022-05-21
Karimganj,Karimganj,0,2022-05-21
Karimganj,Badarpur,614,2022-05-21
Hailakandi,Algapur,79,2022-05-21
Dima-Hasao,Haflong,1402,2022-05-21
Darrang,Dalgaon,0,2022-05-21
Darrang,Mangaldoi,0,2022-05-21
Darrang,Sipajhar,0,2022-05-21
Darrang,Patharighat,72,2022-05-21
Hojai,Lanka,0,2022-05-21
Hojai,Doboka,7437,2022-05-21
Hojai,Hojai,6615,2022-05-21
Cachar,Silchar,13033,2022-05-21
Cachar,Katigorah,21618,2022-05-21
Cachar,Udharbond,76,2022-05-21
Cachar,Sonai,7567,2022-05-21
Cachar,Katigorah,37771,2022-05-22
Cachar,Udharbond,76,2022-05-22
Cachar,Silchar,13061,2022-05-22
Cachar,Lakhipur,0,2022-05-22
Cachar,Sonai,12703,2022-05-22
Hojai,Lanka,0,2022-05-22
Hojai,Doboka,7437,2022-05-22
Hojai,Hojai,2230,2022-05-22
Karimganj,Karimganj,0,2022-05-22
Karimganj,Badarpur,531,2022-05-22
Morigaon,Mayong,0,2022-05-22
Morigaon,Morigaon,45,2022-05-22
Nagaon,Nagaon,9290,2022-05-22
Nagaon,Raha,1427,2022-05-22
Nagaon,Kampur,6947,2022-05-22
Dima-Hasao,Haflong,268,2022-05-23
Cachar,Katigorah,33462,2022-05-23
Cachar,Udharbond,43,2022-05-23
Cachar,Sonai,10309,2022-05-23
Cachar,Lakhipur,0,2022-05-23
Cachar,Silchar,18694,2022-05-23
Nagaon,Kampur,7102,2022-05-23
Nagaon,Raha,1527,2022-05-23
Nagaon,Nagaon,12063,2022-05-23
Morigaon,Morigaon,105,2022-05-23
Morigaon,Mayong,0,2022-05-23
Karimganj,Karimganj,0,2022-05-23
Karimganj,Badarpur,308,2022-05-23
Hojai,Lanka,0,2022-05-23
Hojai,Doboka,6286,2022-05-23
Hojai,Hojai,430,2022-05-23
Cachar,Katigorah,33475,2022-05-24
Cachar,Silchar,18694,2022-05-24
Cachar,Udharbond,0,2022-05-24
Cachar,Sonai,10309,2022-05-24
Hojai,Doboka,198,2022-05-24
Hojai,Lanka,0,2022-05-24
Hojai,Hojai,236,2022-05-24
Karimganj,Karimganj,0,2022-05-24
Karimganj,Badarpur,24,2022-05-24
Morigaon,Mayong,0,2022-05-24
Morigaon,Morigaon,105,2022-05-24
Dima-Hasao,Haflong,621,2022-05-24
Hailakandi,Algapur,238,2022-05-24
Nagaon,Nagaon,10865,2022-05-24
Nagaon,Kampur,5387,2022-05-24
Nagaon,Raha,1560,2022-05-24
Cachar,Katigorah,29569,2022-05-25
Cachar,Silchar,16199,2022-05-25
Cachar,Sonai,8908,2022-05-25
Dima-Hasao,Haflong,211,2022-05-25
Hojai,Lanka,0,2022-05-25
Hojai,Hojai,198,2022-05-25
Hailakandi,Algapur,173,2022-05-25
Nagaon,Kampur,4833,2022-05-25
Nagaon,Nagaon,10933,2022-05-25
Nagaon,Raha,1560,2022-05-25
Morigaon,Morigaon,105,2022-05-25
Morigaon,Mayong,0,2022-05-25
Karimganj,Karimganj,0,2022-05-25
Karimganj,Badarpur,9,2022-05-25
Nagaon,Nagaon,10933,2022-05-26
Nagaon,Kampur,2045,2022-05-26
Nagaon,Raha,1591,2022-05-26
Morigaon,Mayong,0,2022-05-26
Morigaon,Morigaon,105,2022-05-26
Hailakandi,Algapur,173,2022-05-26
Dima-Hasao,Haflong,92,2022-05-26
Cachar,Udharbond,0,2022-05-26
Cachar,Sonai,6502,2022-05-26
Cachar,Lakhipur,0,2022-05-26
Cachar,Silchar,15826,2022-05-26
Cachar,Katigorah,29569,2022-05-26
Nagaon,Nagaon,10718,2022-05-27
Nagaon,Kampur,2044,2022-05-27
Nagaon,Raha,1591,2022-05-27
Cachar,Silchar,11678,2022-05-27
Cachar,Katigorah,29569,2022-05-27
Cachar,Sonai,6502,2022-05-27
Cachar,Udharbond,0,2022-05-27
Dima-Hasao,Haflong,64,2022-05-27
Hailakandi,Algapur,18,2022-05-27
Morigaon,Morigaon,105,2022-05-27
Morigaon,Mayong,0,2022-05-27
Cachar,Katigorah,24676,2022-05-28
Cachar,Lakhipur,0,2022-05-28
Cachar,Sonai,458,2022-05-28
Cachar,Silchar,10281,2022-05-28
Cachar,Udharbond,0,2022-05-28
Morigaon,Mayong,0,2022-05-28
Morigaon,Morigaon,105,2022-05-28
Nagaon,Nagaon,5489,2022-05-28
Nagaon,Raha,1591,2022-05-28
Nagaon,Kampur,1951,2022-05-28
Cachar,Lakhipur,0,2022-05-29
Cachar,Udharbond,0,2022-05-29
Cachar,Sonai,458,2022-05-29
Cachar,Katigorah,18459,2022-05-29
Cachar,Silchar,8081,2022-05-29
Nagaon,Nagaon,1148,2022-05-29
Nagaon,Raha,1591,2022-05-29
Nagaon,Kampur,1803,2022-05-29
Morigaon,Mayong,0,2022-05-29
Morigaon,Morigaon,105,2022-05-29
Nagaon,Nagaon,712,2022-05-30
Nagaon,Raha,1413,2022-05-30
Nagaon,Kampur,1421,2022-05-30
Morigaon,Mayong,0,2022-05-30
Morigaon,Morigaon,105,2022-05-30
Cachar,Lakhipur,0,2022-05-30
Cachar,Sonai,268,2022-05-30
Cachar,Silchar,6388,2022-05-30
Cachar,Katigorah,15065,2022-05-30
Cachar,Silchar,600,2022-05-06
Cachar,Katigorah,0,2022-05-06
Morigaon,Morigaon,26,2022-05-06
Cachar,Silchar,600,2022-06-06
Cachar,Katigorah,0,2022-06-06
Cachar,Katigorah,0,2022-07-06
Cachar,Silchar,530,2022-07-06
Cachar,Katigorah,0,2022-08-06
Cachar,Silchar,530,2022-08-06
Kamrup (M),Sonapur,0,2022-06-14
Kamrup (M),Guwahati,67,2022-06-14
Kamrup (M),Dispur,550,2022-06-14
Bajali,Bajali,155,2022-06-15
Baksa,Jalah,0,2022-06-15
Baksa,Baska,0,2022-06-15
Baksa,Barama,91,2022-06-15
Kamrup (M),Guwahati,67,2022-06-15
Kamrup (M),Dispur,610,2022-06-15
Kokrajhar,Dotma,0,2022-06-15
Kokrajhar,Bagribari,0,06-15-2022
Kokrajhar,Kokrajhar,301,06-15-2022
Udalguri,Khairabari,0,06-16-2022
Udalguri,Mazbat,0,06-16-2022
Udalguri,Kalaigaon,0,06-16-2022
Udalguri,Harisinga,0,06-16-2022
Udalguri,Udalguri,348,06-16-2022
Nalbari,Banekuchi,0,06-16-2022
Nalbari,Barkhetri,0,2022-06-16
Nalbari,Barbhag,0,2022-06-16
Nalbari,Tihu,0,2022-06-16
Nalbari,Nalbari,2498,2022-06-16
Nalbari,Ghograpar,264,2022-06-16
Nalbari,Paschim,610,2022-06-16
Kamrup (M),Sonapur,0,2022-06-16
Kamrup (M),Chandrapur,0,2022-06-16
Kamrup (M),Guwahati,77,2022-06-16
Kamrup (M),Dispur,620,2022-06-16
Kamrup,Kayan,4332,2022-06-16
Kamrup,Kamalpur,0,2022-06-16
Kamrup,Palashbari,0,2022-06-16
Kamrup,Boko,0,2022-06-16
Kamrup,Hajo,0,2022-06-16
Kamrup,Rangia,400,2022-06-16
Hojai,Lanka,0,2022-06-16
Hojai,Hojai,43033,2022-06-16
Hojai,Doboka,0,2022-06-16
Goalpara,Balijana,1157,2022-06-16
Goalpara,Lakhipur,473,2022-06-16
Goalpara,Rongjuli,0,2022-06-16
Dhubri,Bilasipara,648,2022-06-16
Dhubri,Chapar,21,2022-06-16
Dhubri,Athani,184,2022-06-16
Chirang,Bengtal,0,2022-06-16
Chirang,Sidli,0,2022-06-16
Chirang,Bijni,128,2022-06-16
Bongaigaon,Manikpur,0,2022-06-16
Bongaigaon,Bongaigaon,153,2022-06-16
Bongaigaon,Dangtol,995,2022-06-16
Barpeta,Barnagar,0,2022-06-16
Barpeta,Kalgachia,0,2022-06-16
Barpeta,Sarthebari,0,2022-06-16
Barpeta,Barpeta,186,2022-06-16
Baksa,Barnagar,0,2022-06-16
Baksa,Jalah,102,2022-06-16
Baksa,Baganpara,614,2022-06-16
Baksa,Barama,754,2022-06-16
Baksa,Baska,834,2022-06-16
Bajali,Sarupeta,0,2022-06-16
Bajali,Bajali,1349,2022-06-16
Dima-Hasao,Haflong,1530,2022-06-16
Tamulpur,Goreswar,0,2022-06-16
Tamulpur,Tamulpur,188,2022-06-16
Kokrajhar,Dotma,0,2022-06-16
Kokrajhar,Bhawraguri,1692,2022-06-16
Kokrajhar,Gossaigaon,1917,2022-06-16
Kokrajhar,Kokrajhar,3224,2022-06-16
Bajali,Sarupeta,0,2022-06-17
Bajali,Bajali,2990,2022-06-17
Udalguri,Khairabari,0,2022-06-17
Udalguri,Harisinga,0,2022-06-17
Udalguri,Udalguri,1025,2022-06-17
Udalguri,Mazbat,310,2022-06-17
Udalguri,Kalaigaon,541,2022-06-17
Tinsukia,Tinsukia,0,2022-06-17
Tinsukia,Doomdooma,2165,2022-06-17
Tamulpur,Tamulpur,440,2022-06-17
Tamulpur,Goreswar,987,2022-06-17
Nalbari,Banekuchi,2329,2022-06-17
Nalbari,Barkhetri,0,2022-06-17
Nalbari,Paschim,2815,2022-06-17
Nalbari,Nalbari,3247,2022-06-17
Nalbari,Tihu,6065,2022-06-17
Nalbari,Ghograpar,281,2022-06-17
Nalbari,Barbhag,366,2022-06-17
Nagaon,Raha,0,2022-06-17
Nagaon,Kampur,924,2022-06-17
Kokrajhar,Bagribari,1516,2022-06-17
Kokrajhar,Kokrajhar,5880,2022-06-17
Kokrajhar,Bhawraguri,1692,2022-06-17
Kokrajhar,Gossaigaon,2179,2022-06-17
Kokrajhar,Dotma,8312,2022-06-17
Kamrup (M),Chandrapur,0,2022-06-17
Kamrup (M),Guwahati,77,2022-06-17
Kamrup (M),Dispur,620,2022-06-17
Kamrup,Kayan,4332,2022-06-17
Kamrup,Goroimari,0,2022-06-17
Kamrup,Palashbari,0,2022-06-17
Kamrup,Chaygaon,0,2022-06-17
Kamrup,Kamalpur,0,2022-06-17
Kamrup,Boko,0,2022-06-17
Kamrup,North,221,2022-06-17
Kamrup,Hajo,0,2022-06-17
Kamrup,Rangia,748,2022-06-17
Sonitpur,Dhekiajuli,0,2022-06-17
Sonitpur,Naduar,0,2022-06-17
Sonitpur,Tezpur,0,2022-06-17
Sonitpur,Chariduar,66,2022-06-17
Goalpara,Balijana,2563,2022-06-17
Goalpara,Dudhnoi,0,2022-06-17
Goalpara,Rongjuli,0,2022-06-17
Goalpara,Lakhipur,1971,2022-06-17
Goalpara,Matia,584,2022-06-17
Hojai,Lanka,0,2022-06-17
Hojai,Hojai,27730,2022-06-17
Hojai,Doboka,2015,2022-06-17
Barpeta,Baghbar,0,2022-06-17
Barpeta,Kalgachia,0,2022-06-17
Barpeta,Barnagar,0,2022-06-17
Barpeta,Chenga,280,2022-06-17
Barpeta,Barpeta,5294,2022-06-17
Barpeta,Sarthebari,538,2022-06-17
Bongaigaon,Srijangram,1569,2022-06-17
Bongaigaon,Manikpur,582,2022-06-17
Bongaigaon,Bongaigaon,153,2022-06-17
Bongaigaon,Boitamari,480,2022-06-17
Bongaigaon,Dangtol,1657,2022-06-17
Chirang,Sidli,0,2022-06-17
Chirang,Bengtal,0,2022-06-17
Chirang,Bijni,96,2022-06-17
Baksa,Baganpara,0,2022-06-17
Baksa,Barnagar,0,2022-06-17
Baksa,Baska,1469,2022-06-17
Baksa,Barama,314,2022-06-17
Baksa,Jalah,70,2022-06-17
Darrang,Dalgaon,0,2022-06-17
Darrang,Sipajhar,377,2022-06-17
Darrang,Patharighat,234,2022-06-17
Darrang,Mangaldoi,4474,2022-06-17
Dhubri,South,0,2022-06-17
Dhubri,Athani,318,2022-06-17
Dhubri,Bilasipara,3509,2022-06-17
Dhubri,Agamoni,0,2022-06-17
Dhubri,Chapar,223,2022-06-17
Dima-Hasao,Haflong,1476,2022-06-17
Bajali,Bajali,4060,2022-06-18
Bajali,Sarupeta,1662,2022-06-18
Barpeta,Baghbar,0,2022-06-18
Barpeta,Kalgachia,0,2022-06-18
Barpeta,Chenga,2311,2022-06-18
Barpeta,Barpeta,23603,2022-06-18
Barpeta,Barnagar,0,2022-06-18
Barpeta,Sarthebari,623,2022-06-18
Bongaigaon,Bongaigaon,0,2022-06-18
Bongaigaon,Dangtol,0,2022-06-18
Bongaigaon,Srijangram,3671,2022-06-18
Bongaigaon,Manikpur,760,2022-06-18
Bongaigaon,Boitamari,480,2022-06-18
Cachar,Silchar,46,2022-06-18
Cachar,Katigorah,65,2022-06-18
Cachar,Udharbond,0,2022-06-18
Cachar,Lakhipur,0,2022-06-18
Cachar,Sonai,0,2022-06-18
Chirang,Sidli,0,2022-06-18
Chirang,Bijni,3440,2022-06-18
Chirang,Bengtal,163,2022-06-18
Darrang,Dalgaon,1670,2022-06-18
Darrang,Mangaldoi,4474,2022-06-18
Darrang,Sipajhar,511,2022-06-18
Darrang,Patharighat,501,2022-06-18
Dhubri,Dhubri,0,2022-06-18
Dhubri,Gauripur,0,2022-06-18
Dhubri,South,0,2022-06-18
Dhubri,Bilasipara,6545,2022-06-18
Dhubri,Athani,503,2022-06-18
Dhubri,Golakganj,66,2022-06-18
Dhubri,Chapar,176,2022-06-18
Dima-Hasao,Haflong,1630,2022-06-18
Goalpara,Balijana,5945,2022-06-18
Goalpara,Lakhipur,5603,2022-06-18
Goalpara,Rongjuli,0,2022-06-18
Goalpara,Matia,584,2022-06-18
Hojai,Lanka,0,2022-06-18
Hojai,Hojai,35404,2022-06-18
Hojai,Doboka,2381,2022-06-18
Baksa,Jalah,0,2022-06-18
Baksa,Barnagar,0,2022-06-18
Baksa,Baska,964,2022-06-18
Baksa,Baganpara,75,2022-06-18
Baksa,Barama,204,2022-06-18
Kamrup,Boko,0,2022-06-18
Kamrup,Chaygaon,0,2022-06-18
Kamrup,Kayan,0,2022-06-18
Kamrup,Goroimari,0,2022-06-18
Kamrup,Palashbari,0,2022-06-18
Kamrup,Rangia,2069,2022-06-18
Kamrup,Kamalpur,588,2022-06-18
Kamrup,North,174,2022-06-18
Kamrup,Hajo,883,2022-06-18
Kokrajhar,Bhawraguri,89,2022-06-18
Kokrajhar,Gossaigaon,736,2022-06-18
Kokrajhar,Dotma,6451,2022-06-18
Kokrajhar,Kokrajhar,1733,2022-06-18
Kokrajhar,Bagribari,2119,2022-06-18
Karimganj,Patherkandi,12,2022-06-18
Karimganj,Karimganj,0,2022-06-18
Karimganj,Rk,0,2022-06-18
Karimganj,Badarpur,16,2022-06-18
Udalguri,Khairabari,0,2022-06-18
Udalguri,Udalguri,1395,2022-06-18
Udalguri,Mazbat,1710,2022-06-18
Udalguri,Kalaigaon,1492,2022-06-18
Udalguri,Harisinga,609,2022-06-18
Tinsukia,Doomdooma,2123,2022-06-18
Kamrup (M),Chandrapur,0,2022-06-18
Kamrup (M),Sonapur,0,2022-06-18
Kamrup (M),Guwahati,77,2022-06-18
Kamrup (M),Azara,0,2022-06-18
Kamrup (M),Dispur,10,2022-06-18
Sonitpur,Chariduar,0,2022-06-18
Sonitpur,Dhekiajuli,500,2022-06-18
Sonitpur,Tezpur,0,2022-06-18
Nalbari,Tihu,3602,2022-06-18
Nalbari,Banekuchi,6447,2022-06-18
Nalbari,Barkhetri,0,2022-06-18
Nalbari,Paschim,2836,2022-06-18
Nalbari,Barbhag,999,2022-06-18
Nalbari,Ghograpar,276,2022-06-18
Nalbari,Nalbari,4716,2022-06-18
Nagaon,Kaliabor,0,2022-06-18
Nagaon,Samaguri,0,2022-06-18
Nagaon,Raha,120,2022-06-18
Nagaon,Kampur,1711,2022-06-18
Nagaon,Nagaon,2657,2022-06-18
Tamulpur,Goreswar,1167,2022-06-18
Tamulpur,Tamulpur,928,2022-06-18
Udalguri,Khairabari,0,2022-06-19
Udalguri,Mazbat,412,2022-06-19
Udalguri,Udalguri,1689,2022-06-19
Udalguri,Harisinga,744,2022-06-19
Udalguri,Kalaigaon,1019,2022-06-19
Tamulpur,Goreswar,1207,2022-06-19
Tamulpur,Tamulpur,1583,2022-06-19
Sonitpur,Dhekiajuli,500,2022-06-19
Sonitpur,Chariduar,117,2022-06-19
Sonitpur,Naduar,0,2022-06-19
Sonitpur,Thelamara,0,2022-06-19
Sonitpur,Tezpur,0,2022-06-19
Nalbari,Tihu,7562,2022-06-19
Nalbari,Banekuchi,3645,2022-06-19
Nalbari,Paschim,10914,2022-06-19
Nalbari,Barkhetri,0,2022-06-19
Nalbari,Barbhag,1746,2022-06-19
Nalbari,Nalbari,5500,2022-06-19
Nalbari,Ghograpar,598,2022-06-19
Nagaon,Kaliabor,0,2022-06-19
Nagaon,Samaguri,0,2022-06-19
Nagaon,Kampur,4021,2022-06-19
Nagaon,Raha,296,2022-06-19
Nagaon,Nagaon,4398,2022-06-19
Kokrajhar,Bhawraguri,0,2022-06-19
Kokrajhar,Gossaigaon,542,2022-06-19
Kokrajhar,Bagribari,2125,2022-06-19
Kokrajhar,Kokrajhar,483,2022-06-19
Kokrajhar,Dotma,266,2022-06-19
Karimganj,Nilambazar,0,2022-06-19
Karimganj,Rk,0,2022-06-19
Karimganj,Badarpur,959,2022-06-19
Karimganj,Patherkandi,42,2022-06-19
Karimganj,Karimganj,9303,2022-06-19
Kamrup (M),Chandrapur,0,2022-06-19
Kamrup (M),Dispur,0,2022-06-19
Kamrup (M),Sonapur,0,2022-06-19
Kamrup (M),Guwahati,42,2022-06-19
Kamrup,Goroimari,0,2022-06-19
Kamrup,Kayan,0,2022-06-19
Kamrup,Palashbari,0,2022-06-19
Kamrup,Chamaria,0,2022-06-19
Kamrup,Chaygaon,0,2022-06-19
Kamrup,Kamalpur,2454,2022-06-19
Kamrup,Rangia,2015,2022-06-19
Kamrup,Hajo,1060,2022-06-19
Kamrup,North,530,2022-06-19
Hailakandi,Katlicherra,0,2022-06-19
Hailakandi,Lala,0,2022-06-19
Hailakandi,Hailakandi,772,2022-06-19
Hailakandi,Algapur,551,2022-06-19
Goalpara,Balijana,6962,2022-06-19
Goalpara,Lakhipur,9208,2022-06-19
Goalpara,Matia,584,2022-06-19
Goalpara,Rongjuli,0,2022-06-19
Dima-Hasao,Haflong,1628,2022-06-19
Darrang,Mangaldoi,4474,2022-06-19
Darrang,Dalgaon,1670,2022-06-19
Darrang,Sipajhar,0,2022-06-19
Darrang,Patharighat,633,2022-06-19
Chirang,Sidli,0,2022-06-19
Chirang,Bengtal,224,2022-06-19
Chirang,Bijni,3160,2022-06-19
Cachar,Katigorah,1962,2022-06-19
Cachar,Silchar,10468,2022-06-19
Cachar,Lakhipur,108,2022-06-19
Cachar,Sonai,677,2022-06-19
Cachar,Udharbond,44,2022-06-19
Bongaigaon,Boitamari,586,2022-06-19
Bongaigaon,Srijangram,7021,2022-06-19
Bongaigaon,Manikpur,760,2022-06-19
Barpeta,Barpeta,7253,2022-06-19
Barpeta,Kalgachia,0,2022-06-19
Barpeta,Sarthebari,2706,2022-06-19
Barpeta,Barnagar,0,2022-06-19
Barpeta,Chenga,1604,2022-06-19
Barpeta,Baghbar,1615,2022-06-19
Baksa,Baganpara,0,2022-06-19
Baksa,Barnagar,0,2022-06-19
Baksa,Jalah,0,2022-06-19
Baksa,Barama,305,2022-06-19
Baksa,Baska,376,2022-06-19
Bajali,Sarupeta,1662,2022-06-19
Bajali,Bajali,4777,2022-06-19
Hojai,Lanka,0,2022-06-19
Hojai,Hojai,35986,2022-06-19
Hojai,Doboka,3419,2022-06-19
Dhubri,Dhubri,0,2022-06-19
Dhubri,Gauripur,0,2022-06-19
Dhubri,South,0,2022-06-19
Dhubri,Athani,597,2022-06-19
Dhubri,Bilasipara,7422,2022-06-19
Dhubri,Agamoni,0,2022-06-19
Dhubri,Chapar,149,2022-06-19
Dhubri,Golakganj,66,2022-06-19
Tinsukia,Doomdooma,1223,2022-06-19
Cachar,Silchar,10468,2022-06-20
Cachar,Sonai,1823,2022-06-20
Cachar,Udharbond,44,2022-06-20
Cachar,Katigorah,4463,2022-06-20
Cachar,Lakhipur,2635,2022-06-20
Barpeta,Barpeta,55933,2022-06-20
Barpeta,Sarthebari,2841,2022-06-20
Barpeta,Barnagar,0,2022-06-20
Barpeta,Kalgachia,0,2022-06-20
Barpeta,Chenga,1180,2022-06-20
Barpeta,Baghbar,2523,2022-06-20
Bongaigaon,Boitamari,656,2022-06-20
Bongaigaon,Srijangram,7021,2022-06-20
Bongaigaon,Manikpur,753,2022-06-20
Chirang,Sidli,0,2022-06-20
Chirang,Bijni,3090,2022-06-20
Chirang,Bengtal,741,2022-06-20
Darrang,Mangaldoi,1227,2022-06-20
Darrang,Patharighat,572,2022-06-20
Darrang,Dalgaon,1670,2022-06-20
Darrang,Sipajhar,1564,2022-06-20
Dhubri,Agamoni,0,2022-06-20
Dhubri,Athani,596,2022-06-20
Dhubri,Dhubri,40,2022-06-20
Dhubri,Gauripur,0,2022-06-20
Dhubri,Bilasipara,6171,2022-06-20
Dhubri,Chapar,117,2022-06-20
Dhubri,Golakganj,66,2022-06-20
Dima-Hasao,Haflong,1609,2022-06-20
Goalpara,Balijana,8622,2022-06-20
Goalpara,Matia,1673,2022-06-20
Goalpara,Rongjuli,0,2022-06-20
Goalpara,Lakhipur,9208,2022-06-20
Hailakandi,Lala,0,2022-06-20
Hailakandi,Hailakandi,0,2022-06-20
Hailakandi,Algapur,429,2022-06-20
Hailakandi,Katlicherra,245,2022-06-20
Udalguri,Khairabari,0,2022-06-20
Udalguri,Mazbat,280,2022-06-20
Udalguri,Udalguri,1615,2022-06-20
Udalguri,Kalaigaon,540,2022-06-20
Udalguri,Harisinga,743,2022-06-20
Tinsukia,Tinsukia,0,2022-06-20
Tinsukia,Doomdooma,54,2022-06-20
Tamulpur,Tamulpur,1512,2022-06-20
Tamulpur,Goreswar,1411,2022-06-20
Sonitpur,Chariduar,117,2022-06-20
Sonitpur,Thelamara,0,2022-06-20
Sonitpur,Dhekiajuli,170,2022-06-20
Sonitpur,Tezpur,0,2022-06-20
Nalbari,Ghograpar,0,2022-06-20
Nalbari,Tihu,3192,2022-06-20
Nalbari,Paschim,10914,2022-06-20
Nalbari,Banekuchi,1763,2022-06-20
Nalbari,Barkhetri,85,2022-06-20
Nalbari,Barbhag,1746,2022-06-20
Nalbari,Nalbari,5500,2022-06-20
Nagaon,Samaguri,0,2022-06-20
Nagaon,Rupahi,0,2022-06-20
Nagaon,Dhing,0,2022-06-20
Nagaon,Kaliabor,0,2022-06-20
Nagaon,Nagaon,7638,2022-06-20
Nagaon,Raha,1135,2022-06-20
Nagaon,Kampur,4139,2022-06-20
Karimganj,Rk,0,2022-06-20
Karimganj,Badarpur,1523,2022-06-20
Karimganj,Karimganj,9303,2022-06-20
Karimganj,Patherkandi,85,2022-06-20
Hojai,Lanka,0,2022-06-20
Hojai,Hojai,31964,2022-06-20
Hojai,Doboka,3419,2022-06-20
Kamrup,Rangia,2419,2022-06-20
Kamrup,Chamaria,0,2022-06-20
Kamrup,Chaygaon,0,2022-06-20
Kamrup,Kamalpur,2450,2022-06-20
Kamrup,Goroimari,0,2022-06-20
Kamrup,Palashbari,0,2022-06-20
Kamrup,Hajo,3387,2022-06-20
Kamrup,Kayan,163,2022-06-20
Kamrup,North,554,2022-06-20
Baksa,Barnagar,0,2022-06-20
Baksa,Jalah,0,2022-06-20
Baksa,Baska,40,2022-06-20
Baksa,Baganpara,148,2022-06-20
Baksa,Barama,89,2022-06-20
Bajali,Sarupeta,1702,2022-06-20
Bajali,Bajali,4016,2022-06-20
Kamrup (M),Sonapur,0,2022-06-20
Kamrup (M),Chandrapur,0,2022-06-20
Kamrup (M),Azara,0,2022-06-20
Kamrup (M),Dispur,0,2022-06-20
Kamrup (M),Guwahati,23,2022-06-20
Chirang,Bijni,569,2022-06-21
Chirang,Bengtal,741,2022-06-21
Bajali,Sarupeta,1702,2022-06-21
Bajali,Bajali,624,2022-06-21
Baksa,Barnagar,0,2022-06-21
Baksa,Baganpara,0,2022-06-21
Baksa,Baska,0,2022-06-21
Baksa,Jalah,0,2022-06-21
Baksa,Barama,69,2022-06-21
Barpeta,Barpeta,82772,2022-06-21
Barpeta,Chenga,1180,2022-06-21
Barpeta,Sarthebari,2022,2022-06-21
Barpeta,Kalgachia,0,2022-06-21
Barpeta,Barnagar,0,2022-06-21
Barpeta,Baghbar,2044,2022-06-21
Bongaigaon,Srijangram,7061,2022-06-21
Bongaigaon,Manikpur,1059,2022-06-21
Bongaigaon,Boitamari,656,2022-06-21
Cachar,Silchar,10468,2022-06-21
Cachar,Lakhipur,3250,2022-06-21
Cachar,Sonai,1940,2022-06-21
Cachar,Udharbond,70,2022-06-21
Cachar,Katigorah,8615,2022-06-21
Darrang,Dalgaon,1670,2022-06-21
Darrang,Patharighat,0,2022-06-21
Darrang,Mangaldoi,1056,2022-06-21
Darrang,Sipajhar,1917,2022-06-21
Dhubri,Dhubri,190,2022-06-21
Dhubri,Agamoni,0,2022-06-21
Dhubri,Gauripur,0,2022-06-21
Dhubri,Bilasipara,6171,2022-06-21
Dhubri,South,0,2022-06-21
Dhubri,Golakganj,0,2022-06-21
Dhubri,Athani,667,2022-06-21
Dhubri,Chapar,40,2022-06-21
Goalpara,Matia,1431,2022-06-21
Goalpara,Balijana,22020,2022-06-21
Goalpara,Lakhipur,9940,2022-06-21
Goalpara,Dudhnoi,0,2022-06-21
Goalpara,Rongjuli,0,2022-06-21
Hailakandi,Algapur,0,2022-06-21
Hailakandi,Hailakandi,0,2022-06-21
Hailakandi,Lala,0,2022-06-21
Hailakandi,Katlicherra,245,2022-06-21
Hojai,Hojai,22546,2022-06-21
Hojai,Lanka,0,2022-06-21
Hojai,Doboka,3419,2022-06-21
Kamrup,Rangia,2960,2022-06-21
Kamrup,Goroimari,0,2022-06-21
Kamrup,Kayan,1597,2022-06-21
Kamrup,Palashbari,0,2022-06-21
Kamrup,Nagarbera,0,2022-06-21
Kamrup,Chaygaon,0,2022-06-21
Kamrup,Kamalpur,3053,2022-06-21
Kamrup,Chamaria,0,2022-06-21
Kamrup,Hajo,3013,2022-06-21
Kamrup,North,1946,2022-06-21
Karimganj,Nilambazar,0,2022-06-21
Karimganj,Rk,0,2022-06-21
Karimganj,Badarpur,1630,2022-06-21
Karimganj,Patherkandi,85,2022-06-21
Karimganj,Karimganj,9594,2022-06-21
Nagaon,Kaliabor,0,2022-06-21
Nagaon,Rupahi,0,2022-06-21
Nagaon,Dhing,0,2022-06-21
Nagaon,Samaguri,0,2022-06-21
Nagaon,Nagaon,8508,2022-06-21
Nagaon,Kampur,4980,2022-06-21
Nagaon,Raha,1700,2022-06-21
Dima-Hasao,Haflong,1663,2022-06-21
Nalbari,Ghograpar,0,2022-06-21
Nalbari,Banekuchi,1503,2022-06-21
Nalbari,Tihu,1248,2022-06-21
Nalbari,Barbhag,1746,2022-06-21
Nalbari,Paschim,10914,2022-06-21
Nalbari,Nalbari,5500,2022-06-21
Nalbari,Barkhetri,210,2022-06-21
Sonitpur,Chariduar,0,2022-06-21
Sonitpur,Naduar,0,2022-06-21
Sonitpur,Thelamara,0,2022-06-21
Sonitpur,Dhekiajuli,170,2022-06-21
Sonitpur,Tezpur,0,2022-06-21
Tamulpur,Goreswar,1121,2022-06-21
Tamulpur,Tamulpur,1186,2022-06-21
Udalguri,Mazbat,430,2022-06-21
Udalguri,Khairabari,0,2022-06-21
Udalguri,Udalguri,738,2022-06-21
Udalguri,Harisinga,454,2022-06-21
Udalguri,Kalaigaon,52,2022-06-21
Dhubri,Dhubri,1887,2022-06-22
Dhubri,Bilasipara,3292,2022-06-22
Dhubri,Golakganj,0,2022-06-22
Dhubri,South,0,2022-06-22
Dhubri,Athani,304,2022-06-22
Dhubri,Gauripur,0,2022-06-22
Dhubri,Chapar,0,2022-06-22
Dhubri,Agamoni,0,2022-06-22
Sonitpur,Thelamara,0,2022-06-22
Sonitpur,Tezpur,0,2022-06-22
Sonitpur,Dhekiajuli,170,2022-06-22
Nalbari,Tihu,565,2022-06-22
Nalbari,Paschim,10177,2022-06-22
Nalbari,Barbhag,1800,2022-06-22
Nalbari,Banekuchi,643,2022-06-22
Nalbari,Nalbari,220,2022-06-22
Nalbari,Barkhetri,210,2022-06-22
Nagaon,Kaliabor,0,2022-06-22
Nagaon,Rupahi,0,2022-06-22
Nagaon,Dhing,0,2022-06-22
Nagaon,Samaguri,0,2022-06-22
Nagaon,Nagaon,9744,2022-06-22
Nagaon,Kampur,4980,2022-06-22
Nagaon,Raha,1698,2022-06-22
Morigaon,Mayong,0,2022-06-22
Morigaon,Bhuragaon,0,2022-06-22
Morigaon,Laharighat,0,2022-06-22
Morigaon,Mikirbheta,0,2022-06-22
Morigaon,Morigaon,175,2022-06-22
Karimganj,Badarpur,2522,2022-06-22
Karimganj,Rk,0,2022-06-22
Karimganj,Karimganj,17888,2022-06-22
Karimganj,Patherkandi,185,2022-06-22
Kamrup,Rangia,2421,2022-06-22
Kamrup,Kamalpur,3053,2022-06-22
Kamrup,Kayan,1597,2022-06-22
Kamrup,Chaygaon,0,2022-06-22
Kamrup,Nagarbera,0,2022-06-22
Kamrup,Chamaria,0,2022-06-22
Kamrup,Palashbari,0,2022-06-22
Kamrup,Goroimari,0,2022-06-22
Kamrup,North,2192,2022-06-22
Kamrup,Hajo,50,2022-06-22
Hojai,Hojai,10117,2022-06-22
Hojai,Lanka,0,2022-06-22
Hojai,Doboka,3419,2022-06-22
Hailakandi,Algapur,0,2022-06-22
Hailakandi,Katlicherra,0,2022-06-22
Hailakandi,Hailakandi,716,2022-06-22
Hailakandi,Lala,335,2022-06-22
Goalpara,Matia,1708,2022-06-22
Goalpara,Lakhipur,14048,2022-06-22
Goalpara,Rongjuli,0,2022-06-22
Goalpara,Balijana,17607,2022-06-22
Goalpara,Dudhnoi,0,2022-06-22
Tamulpur,Goreswar,212,2022-06-22
Tamulpur,Tamulpur,306,2022-06-22
Darrang,Patharighat,0,2022-06-22
Darrang,Sipajhar,865,2022-06-22
Darrang,Mangaldoi,1056,2022-06-22
Darrang,Dalgaon,1647,2022-06-22
Bongaigaon,Srijangram,2526,2022-06-22
Bongaigaon,Boitamari,656,2022-06-22
Bongaigaon,Manikpur,1297,2022-06-22
Barpeta,Baghbar,2594,2022-06-22
Barpeta,Barpeta,101244,2022-06-22
Barpeta,Sarthebari,2514,2022-06-22
Barpeta,Kalgachia,0,2022-06-22
Barpeta,Barnagar,0,2022-06-22
Barpeta,Chenga,1180,2022-06-22
Baksa,Barnagar,0,2022-06-22
Baksa,Baganpara,0,2022-06-22
Baksa,Barama,56,2022-06-22
Bajali,Sarupeta,1788,2022-06-22
Bajali,Bajali,65,2022-06-22
Udalguri,Mazbat,820,2022-06-22
Udalguri,Khairabari,0,2022-06-22
Udalguri,Harisinga,408,2022-06-22
Udalguri,Udalguri,625,2022-06-22
Udalguri,Kalaigaon,37,2022-06-22
South Salmara,South,0,2022-06-22
South Salmara,Mankachar,472,2022-06-22
Cachar,Katigorah,8615,2022-06-22
Cachar,Lakhipur,3415,2022-06-22
Cachar,Silchar,19704,2022-06-22
Cachar,Sonai,1938,2022-06-22
Cachar,Udharbond,94,2022-06-22
Chirang,Sidli,0,2022-06-22
Chirang,Bijni,622,2022-06-22
Chirang,Bengtal,741,2022-06-22
Dima-Hasao,Haflong,1905,2022-06-22
Dima-Hasao,Haflong,1905,2022-06-23
Dhubri,Bilasipara,1509,2022-06-23
Dhubri,Dhubri,1887,2022-06-23
Dhubri,South,0,2022-06-23
Dhubri,Athani,0,2022-06-23
Dhubri,Golakganj,0,2022-06-23
Dhubri,Gauripur,0,2022-06-23
Dhubri,Agamoni,0,2022-06-23
Dhubri,Chapar,0,2022-06-23
Cachar,Katigorah,8985,2022-06-23
Cachar,Silchar,22549,2022-06-23
Cachar,Sonai,36916,2022-06-23
Cachar,Lakhipur,3415,2022-06-23
Cachar,Udharbond,112,2022-06-23
Goalpara,Matia,1443,2022-06-23
Goalpara,Lakhipur,14476,2022-06-23
Goalpara,Balijana,7064,2022-06-23
Goalpara,Rongjuli,0,2022-06-23
Chirang,Bijni,561,2022-06-23
Chirang,Bengtal,257,2022-06-23
Bongaigaon,Srijangram,366,2022-06-23
Bongaigaon,Boitamari,656,2022-06-23
Bongaigaon,Manikpur,1211,2022-06-23
Bajali,Sarupeta,2122,2022-06-23
Bajali,Bajali,48,2022-06-23
Hailakandi,Algapur,280,2022-06-23
Hailakandi,Katlicherra,0,2022-06-23
Hailakandi,Hailakandi,204,2022-06-23
Hailakandi,Lala,337,2022-06-23
Darrang,Sipajhar,1409,2022-06-23
Darrang,Patharighat,0,2022-06-23
Darrang,Mangaldoi,734,2022-06-23
Darrang,Dalgaon,1670,2022-06-23
Sonitpur,Thelamara,0,2022-06-23
Sonitpur,Tezpur,0,2022-06-23
Sonitpur,Dhekiajuli,170,2022-06-23
Nalbari,Ghograpar,0,2022-06-23
Nalbari,Paschim,10086,2022-06-23
Nalbari,Barbhag,1550,2022-06-23
Nalbari,Tihu,173,2022-06-23
Nalbari,Nalbari,250,2022-06-23
Nalbari,Barkhetri,193,2022-06-23
Nagaon,Dhing,0,2022-06-23
Nagaon,Rupahi,0,2022-06-23
Nagaon,Samaguri,0,2022-06-23
Nagaon,Nagaon,11185,2022-06-23
Nagaon,Kampur,4980,2022-06-23
Nagaon,Raha,1510,2022-06-23
Morigaon,Bhuragaon,0,2022-06-23
Morigaon,Morigaon,175,2022-06-23
Morigaon,Mayong,0,2022-06-23
Morigaon,Mikirbheta,0,2022-06-23
Karimganj,Nilambazar,357,2022-06-23
Karimganj,Rk,0,2022-06-23
Karimganj,Badarpur,2522,2022-06-23
Karimganj,Karimganj,16570,2022-06-23
Karimganj,Patherkandi,185,2022-06-23
South Salmara,South,0,2022-06-23
South Salmara,Mankachar,432,2022-06-23
Tamulpur,Goreswar,888,2022-06-23
Tamulpur,Tamulpur,105,2022-06-23
Udalguri,Harisinga,0,2022-06-23
Udalguri,Khairabari,0,2022-06-23
Udalguri,Mazbat,400,2022-06-23
Udalguri,Kalaigaon,0,2022-06-23
Udalguri,Udalguri,625,2022-06-23
Kamrup,Rangia,510,2022-06-23
Kamrup,Palashbari,0,2022-06-23
Kamrup,Hajo,167,2022-06-23
Kamrup,Chaygaon,0,2022-06-23
Kamrup,Nagarbera,0,2022-06-23
Kamrup,Kayan,524,2022-06-23
Kamrup,Chamaria,0,2022-06-23
Kamrup,Goroimari,0,2022-06-23
Kamrup,Kamalpur,1607,2022-06-23
Kamrup,North,2111,2022-06-23
Hojai,Hojai,4162,2022-06-23
Hojai,Lanka,0,2022-06-23
Hojai,Doboka,2787,2022-06-23
Barpeta,Barpeta,101245,2022-06-23
Barpeta,Baghbar,3222,2022-06-23
Barpeta,Chenga,3554,2022-06-23
Barpeta,Barnagar,0,2022-06-23
Barpeta,Sarthebari,2514,2022-06-23
Barpeta,Kalgachia,0,2022-06-23
Udalguri,Khairabari,0,2022-06-24
Udalguri,Harisinga,0,2022-06-24
Udalguri,Mazbat,0,2022-06-24
Udalguri,Kalaigaon,0,2022-06-24
Udalguri,Udalguri,302,2022-06-24
Dhubri,Bilasipara,1377,2022-06-24
Dhubri,Gauripur,0,2022-06-24
Dhubri,Athani,0,2022-06-24
Dhubri,South,0,2022-06-24
Dhubri,Agamoni,0,2022-06-24
Dhubri,Dhubri,1402,2022-06-24
Barpeta,Barpeta,80745,2022-06-24
Barpeta,Baghbar,11044,2022-06-24
Barpeta,Barnagar,0,2022-06-24
Barpeta,Kalgachia,0,2022-06-24
Barpeta,Chenga,3554,2022-06-24
Barpeta,Sarthebari,288,2022-06-24
Dima-Hasao,Haflong,1922,2022-06-24
Cachar,Katigorah,44183,2022-06-24
Cachar,Lakhipur,3415,2022-06-24
Cachar,Silchar,22545,2022-06-24
Cachar,Sonai,37063,2022-06-24
Cachar,Udharbond,116,2022-06-24
Goalpara,Matia,1443,2022-06-24
Goalpara,Lakhipur,3791,2022-06-24
Goalpara,Balijana,3473,2022-06-24
Goalpara,Rongjuli,0,2022-06-24
Hailakandi,Katlicherra,0,2022-06-24
Hailakandi,Lala,0,2022-06-24
Hailakandi,Algapur,0,2022-06-24
Hailakandi,Hailakandi,810,2022-06-24
Darrang,Sipajhar,672,2022-06-24
Darrang,Patharighat,0,2022-06-24
Darrang,Dalgaon,0,2022-06-24
Darrang,Mangaldoi,714,2022-06-24
Hojai,Hojai,1728,2022-06-24
Hojai,Lanka,0,2022-06-24
Hojai,Doboka,1664,2022-06-24
Kamrup,Rangia,537,2022-06-24
Kamrup,Hajo,0,2022-06-24
Kamrup,Palashbari,0,2022-06-24
Kamrup,Chamaria,0,2022-06-24
Kamrup,Chaygaon,0,2022-06-24
Kamrup,Kamalpur,718,2022-06-24
Kamrup,Nagarbera,0,2022-06-24
Kamrup,Goroimari,0,2022-06-24
Kamrup,Kayan,258,2022-06-24
Kamrup,North,1605,2022-06-24
Karimganj,Rk,0,2022-06-24
Karimganj,Badarpur,2485,2022-06-24
Karimganj,Nilambazar,357,2022-06-24
Karimganj,Patherkandi,185,2022-06-24
Karimganj,Karimganj,10858,2022-06-24
Morigaon,Bhuragaon,0,2022-06-24
Morigaon,Morigaon,175,2022-06-24
Morigaon,Mikirbheta,0,2022-06-24
Morigaon,Mayong,0,2022-06-24
Nagaon,Rupahi,0,2022-06-24
Nagaon,Samaguri,0,2022-06-24
Nagaon,Kampur,4980,2022-06-24
Nagaon,Nagaon,11460,2022-06-24
Nagaon,Raha,1510,2022-06-24
Nalbari,Paschim,4291,2022-06-24
Nalbari,Barbhag,730,2022-06-24
Nalbari,Tihu,83,2022-06-24
Nalbari,Barkhetri,0,2022-06-24
Nalbari,Nalbari,170,2022-06-24
Sonitpur,Thelamara,0,2022-06-24
Sonitpur,Dhekiajuli,170,2022-06-24
Sonitpur,Tezpur,0,2022-06-24
South Salmara,South,0,2022-06-24
South Salmara,Mankachar,410,2022-06-24
Tamulpur,Tamulpur,25,2022-06-24
Chirang,Bijni,543,2022-06-24
Bongaigaon,Manikpur,0,2022-06-24
Bongaigaon,Srijangram,147,2022-06-24
Bajali,Sarupeta,1808,2022-06-24
Bajali,Bajali,32,2022-06-24
Sonitpur,Thelamara,0,2022-06-25
Sonitpur,Dhekiajuli,170,2022-06-25
Karimganj,Rk,0,2022-06-25
Karimganj,Nilambazar,463,2022-06-25
Karimganj,Badarpur,2171,2022-06-25
Karimganj,Patherkandi,185,2022-06-25
Karimganj,Karimganj,11595,2022-06-25
Cachar,Lakhipur,3415,2022-06-25
Cachar,Katigorah,44183,2022-06-25
Cachar,Udharbond,61,2022-06-25
Cachar,Sonai,37061,2022-06-25
Cachar,Silchar,25148,2022-06-25
Kamrup,Palashbari,0,2022-06-25
Kamrup,Hajo,0,2022-06-25
Kamrup,Rangia,324,2022-06-25
Kamrup,Nagarbera,0,2022-06-25
Kamrup,Chamaria,0,2022-06-25
Kamrup,Chaygaon,0,2022-06-25
Kamrup,Kamalpur,867,2022-06-25
Kamrup,North,1547,2022-06-25
Kamrup,Kayan,47,2022-06-25
Morigaon,Mikirbheta,0,2022-06-25
Morigaon,Mayong,0,2022-06-25
Morigaon,Bhuragaon,0,2022-06-25
Morigaon,Morigaon,175,2022-06-25
Hojai,Hojai,707,2022-06-25
Hojai,Lanka,0,2022-06-25
Hojai,Doboka,110,2022-06-25
Nagaon,Dhing,0,2022-06-25
Nagaon,Kampur,4980,2022-06-25
Nagaon,Nagaon,13128,2022-06-25
Nagaon,Raha,1510,2022-06-25
Goalpara,Lakhipur,2569,2022-06-25
Goalpara,Matia,0,2022-06-25
Goalpara,Balijana,2426,2022-06-25
Goalpara,Rongjuli,0,2022-06-25
Nalbari,Paschim,3634,2022-06-25
Nalbari,Tihu,83,2022-06-25
Nalbari,Barbhag,650,2022-06-25
Nalbari,Nalbari,200,2022-06-25
Tamulpur,Goreswar,160,2022-06-25
Tamulpur,Tamulpur,25,2022-06-25
South Salmara,South,0,2022-06-25
South Salmara,Mankachar,404,2022-06-25
Bajali,Sarupeta,41,2022-06-25
Bajali,Bajali,0,2022-06-25
Hailakandi,Algapur,0,2022-06-25
Hailakandi,Hailakandi,717,2022-06-25
Dima-Hasao,Haflong,1821,2022-06-25
Chirang,Bijni,543,2022-06-25
Darrang,Dalgaon,0,2022-06-25
Darrang,Patharighat,0,2022-06-25
Darrang,Sipajhar,672,2022-06-25
Darrang,Mangaldoi,1681,2022-06-25
Barpeta,Barpeta,56492,2022-06-25
Barpeta,Barnagar,0,2022-06-25
Barpeta,Baghbar,10444,2022-06-25
Barpeta,Kalgachia,0,2022-06-25
Barpeta,Chenga,2862,2022-06-25
Barpeta,Sarthebari,0,2022-06-25
South Salmara,South,0,2022-06-26
South Salmara,Mankachar,235,2022-06-26
Sonitpur,Dhekiajuli,170,2022-06-26
Dima-Hasao,Haflong,1702,2022-06-26
Darrang,Dalgaon,0,2022-06-26
Darrang,Patharighat,0,2022-06-26
Darrang,Mangaldoi,895,2022-06-26
Darrang,Sipajhar,677,2022-06-26
Hailakandi,Hailakandi,0,2022-06-26
Hailakandi,Lala,0,2022-06-26
Hailakandi,Algapur,2237,2022-06-26
Cachar,Silchar,25223,2022-06-26
Cachar,Sonai,38448,2022-06-26
Cachar,Katigorah,44229,2022-06-26
Cachar,Udharbond,0,2022-06-26
Cachar,Lakhipur,1723,2022-06-26
Barpeta,Barpeta,44973,2022-06-26
Barpeta,Barnagar,0,2022-06-26
Barpeta,Kalgachia,0,2022-06-26
Barpeta,Baghbar,10479,2022-06-26
Barpeta,Sarthebari,0,2022-06-26
Barpeta,Chenga,2506,2022-06-26
Chirang,Bijni,543,2022-06-26
Goalpara,Matia,0,2022-06-26
Goalpara,Rongjuli,0,2022-06-26
Goalpara,Lakhipur,2459,2022-06-26
Goalpara,Balijana,834,2022-06-26
Nalbari,Paschim,3634,2022-06-26
Nalbari,Barbhag,81,2022-06-26
Nalbari,Tihu,83,2022-06-26
Nagaon,Raha,1591,2022-06-26
Nagaon,Nagaon,13480,2022-06-26
Nagaon,Kampur,4980,2022-06-26
Morigaon,Mikirbheta,0,2022-06-26
Morigaon,Mayong,0,2022-06-26
Morigaon,Morigaon,177,2022-06-26
Morigaon,Bhuragaon,0,2022-06-26
Karimganj,Badarpur,1395,2022-06-26
Karimganj,Nilambazar,413,2022-06-26
Karimganj,Patherkandi,118,2022-06-26
Karimganj,Rk,0,2022-06-26
Karimganj,Karimganj,11535,2022-06-26
Kamrup,Chamaria,0,2022-06-26
Kamrup,Hajo,0,2022-06-26
Kamrup,Palashbari,0,2022-06-26
Kamrup,Kamalpur,253,2022-06-26
Kamrup,Chaygaon,0,2022-06-26
Kamrup,Rangia,175,2022-06-26
Kamrup,Kayan,59,2022-06-26
Kamrup,North,1416,2022-06-26
Hojai,Hojai,220,2022-06-26
Hojai,Lanka,0,2022-06-26
Hojai,Doboka,0,2022-06-26
Tamulpur,Goreswar,161,2022-06-26
Udalguri,Mazbat,0,2022-06-26
Udalguri,Kalaigaon,0,2022-06-26
Udalguri,Harisinga,0,2022-06-26
Udalguri,Khairabari,0,2022-06-26
Udalguri,Udalguri,309,2022-06-26
Hailakandi,Algapur,0,2022-06-27
Hailakandi,Lala,0,2022-06-27
Hailakandi,Hailakandi,366,2022-06-27
Cachar,Sonai,38448,2022-06-27
Cachar,Udharbond,0,2022-06-27
Cachar,Silchar,25223,2022-06-27
Cachar,Lakhipur,1724,2022-06-27
Cachar,Katigorah,44229,2022-06-27
Chirang,Bengtal,0,2022-06-27
Chirang,Sidli,0,2022-06-27
Chirang,Bijni,593,2022-06-27
Udalguri,Kalaigaon,0,2022-06-27
Udalguri,Harisinga,0,2022-06-27
Udalguri,Khairabari,0,2022-06-27
Udalguri,Udalguri,309,2022-06-27
Tamulpur,Goreswar,102,2022-06-27
Sonitpur,Dhekiajuli,170,2022-06-27
Nalbari,Paschim,438,2022-06-27
Nalbari,Barbhag,32,2022-06-27
Nagaon,Nagaon,13725,2022-06-27
Nagaon,Kampur,4980,2022-06-27
Nagaon,Raha,1591,2022-06-27
Morigaon,Mikirbheta,0,2022-06-27
Morigaon,Bhuragaon,0,2022-06-27
Morigaon,Mayong,0,2022-06-27
Morigaon,Morigaon,175,2022-06-27
Karimganj,Nilambazar,413,2022-06-27
Karimganj,Badarpur,1265,2022-06-27
Karimganj,Rk,0,2022-06-27
Karimganj,Patherkandi,118,2022-06-27
Karimganj,Karimganj,8089,2022-06-27
Kamrup,Rangia,0,2022-06-27
Kamrup,Hajo,3238,2022-06-27
Kamrup,Chamaria,0,2022-06-27
Kamrup,Kamalpur,253,2022-06-27
Kamrup,Kayan,40,2022-06-27
Kamrup,North,1389,2022-06-27
Barpeta,Baghbar,5984,2022-06-27
Barpeta,Sarthebari,0,2022-06-27
Barpeta,Barpeta,31273,2022-06-27
Barpeta,Chenga,2284,2022-06-27
Barpeta,Kalgachia,0,2022-06-27
Barpeta,Barnagar,0,2022-06-27
Darrang,Dalgaon,0,2022-06-27
Darrang,Patharighat,0,2022-06-27
Darrang,Mangaldoi,895,2022-06-27
Darrang,Sipajhar,677,2022-06-27
Goalpara,Matia,0,2022-06-27
Goalpara,Balijana,0,2022-06-27
Goalpara,Lakhipur,1747,2022-06-27
Dima-Hasao,Haflong,1424,2022-06-27
Nalbari,Paschim,115,2022-06-28
Nalbari,Barbhag,32,2022-06-28
Dhemaji,Sissiborgaon,0,2022-06-28
Dhemaji,Jonai,0,2022-06-28
Dhemaji,Dhemaji,191,2022-06-28
Dima-Hasao,Haflong,1425,2022-06-28
Goalpara,Balijana,0,2022-06-28
Goalpara,Lakhipur,1747,2022-06-28
Hailakandi,Lala,0,2022-06-28
Hailakandi,Hailakandi,246,2022-06-28
Hailakandi,Katlicherra,0,2022-06-28
Hailakandi,Algapur,0,2022-06-28
Hojai,Hojai,564,2022-06-28
Kamrup,Rangia,0,2022-06-28
Kamrup,Chamaria,0,2022-06-28
Kamrup,Kamalpur,253,2022-06-28
Kamrup,Hajo,2363,2022-06-28
Kamrup,North,645,2022-06-28
Kamrup,Kayan,40,2022-06-28
Cachar,Katigorah,44238,2022-06-28
Cachar,Sonai,45093,2022-06-28
Cachar,Udharbond,0,2022-06-28
Cachar,Silchar,25223,2022-06-28
Cachar,Lakhipur,3688,2022-06-28
Biswanath,Halem,56,2022-06-28
Biswanath,Biswanath,0,2022-06-28
Biswanath,Gohpur,105,2022-06-28
Barpeta,Barpeta,7135,2022-06-28
Barpeta,Baghbar,4715,2022-06-28
Barpeta,Kalgachia,0,2022-06-28
Barpeta,Chenga,2109,2022-06-28
Barpeta,Sarthebari,0,2022-06-28
Bajali,Sarupeta,1123,2022-06-28
Bajali,Bajali,0,2022-06-28
Karimganj,Nilambazar,413,2022-06-28
Karimganj,Badarpur,1265,2022-06-28
Karimganj,Patherkandi,118,2022-06-28
Karimganj,Karimganj,8089,2022-06-28
Karimganj,Rk,689,2022-06-28
Morigaon,Mikirbheta,0,2022-06-28
Morigaon,Mayong,0,2022-06-28
Morigaon,Bhuragaon,0,2022-06-28
Morigaon,Morigaon,175,2022-06-28
Nagaon,Nagaon,13680,2022-06-28
Nagaon,Raha,1591,2022-06-28
Nagaon,Kampur,4980,2022-06-28
Darrang,Mangaldoi,779,2022-06-28
Darrang,Dalgaon,0,2022-06-28
Darrang,Sipajhar,606,2022-06-28
Darrang,Patharighat,0,2022-06-28
Chirang,Sidli,0,2022-06-28
Chirang,Bijni,1892,2022-06-28
Chirang,Bengtal,237,2022-06-28
Sonitpur,Dhekiajuli,170,2022-06-28
Tamulpur,Goreswar,102,2022-06-28
Udalguri,Harisinga,0,2022-06-28
Udalguri,Khairabari,0,2022-06-28
Udalguri,Kalaigaon,0,2022-06-28
Udalguri,Udalguri,309,2022-06-28
Dhemaji,Sissiborgaon,0,2022-06-29
Dhemaji,Gogamukh,0,2022-06-29
Dhemaji,Jonai,0,2022-06-29
Dhemaji,Dhemaji,207,2022-06-29
Nagaon,Samaguri,0,2022-06-29
Nagaon,Kampur,4980,2022-06-29
Nagaon,Nagaon,14416,2022-06-29
Nagaon,Raha,1591,2022-06-29
Nalbari,Paschim,45,2022-06-29
Nalbari,Barbhag,32,2022-06-29
Sonitpur,Dhekiajuli,170,2022-06-29
Tamulpur,Tamulpur,0,2022-06-29
Tamulpur,Goreswar,102,2022-06-29
Tinsukia,Sadiya,0,2022-06-29
Tinsukia,Tinsukia,0,2022-06-29
Tinsukia,Doomdooma,118,2022-06-29
Bajali,Sarupeta,1260,2022-06-29
Bajali,Bajali,0,2022-06-29
Darrang,Mangaldoi,265,2022-06-29
Darrang,Patharighat,0,2022-06-29
Darrang,Dalgaon,0,2022-06-29
Darrang,Sipajhar,606,2022-06-29
Kamrup,Rangia,0,2022-06-29
Kamrup,Hajo,2363,2022-06-29
Kamrup,Chamaria,0,2022-06-29
Kamrup,Nagarbera,0,2022-06-29
Kamrup,Kayan,40,2022-06-29
Kamrup,North,535,2022-06-29
Udalguri,Harisinga,0,2022-06-29
Udalguri,Khairabari,0,2022-06-29
Udalguri,Kalaigaon,0,2022-06-29
Udalguri,Udalguri,309,2022-06-29
Barpeta,Barpeta,6830,2022-06-29
Barpeta,Baghbar,3023,2022-06-29
Barpeta,Chenga,2017,2022-06-29
Barpeta,Kalgachia,0,2022-06-29
Barpeta,Sarthebari,0,2022-06-29
Biswanath,Biswanath,0,2022-06-29
Biswanath,Halem,390,2022-06-29
Biswanath,Gohpur,241,2022-06-29
Cachar,Silchar,168398,2022-06-29
Cachar,Lakhipur,2858,2022-06-29
Cachar,Sonai,42327,2022-06-29
Cachar,Katigorah,44238,2022-06-29
Cachar,Udharbond,0,2022-06-29
Morigaon,Mikirbheta,0,2022-06-29
Morigaon,Mayong,0,2022-06-29
Morigaon,Morigaon,175,2022-06-29
Morigaon,Bhuragaon,0,2022-06-29
Lakhimpur,Bihpuria,0,2022-06-29
Lakhimpur,Dhakuakhana,0,2022-06-29
Lakhimpur,Nowboicha,0,2022-06-29
Lakhimpur,Subansiri,0,2022-06-29
Lakhimpur,North,0,2022-06-29
Lakhimpur,Kadam,0,2022-06-29
Lakhimpur,Narayanpur,893,2022-06-29
Karimganj,Nilambazar,413,2022-06-29
Karimganj,Badarpur,1265,2022-06-29
Karimganj,Patherkandi,0,2022-06-29
Karimganj,Karimganj,8089,2022-06-29
Karimganj,Rk,806,2022-06-29
Chirang,Bijni,942,2022-06-29
Chirang,Bengtal,237,2022-06-29
Hojai,Lanka,0,2022-06-29
Hojai,Hojai,474,2022-06-29
Dima-Hasao,Haflong,1430,2022-06-29
Udalguri,Harisinga,0,2022-06-30
Udalguri,Kalaigaon,0,2022-06-30
Udalguri,Udalguri,271,2022-06-30
Bajali,Sarupeta,1005,2022-06-30
Bajali,Bajali,0,2022-06-30
Barpeta,Barpeta,5659,2022-06-30
Barpeta,Baghbar,983,2022-06-30
Barpeta,Chenga,827,2022-06-30
Barpeta,Kalgachia,0,2022-06-30
Barpeta,Sarthebari,65,2022-06-30
Cachar,Udharbond,0,2022-06-30
Cachar,Silchar,168398,2022-06-30
Cachar,Katigorah,44238,2022-06-30
Cachar,Sonai,42324,2022-06-30
Cachar,Lakhipur,2878,2022-06-30
Tamulpur,Goreswar,102,2022-06-30
Nalbari,Paschim,45,2022-06-30
Nalbari,Barbhag,19,2022-06-30
Nagaon,Kaliabor,0,2022-06-30
Nagaon,Samaguri,0,2022-06-30
Nagaon,Nagaon,14416,2022-06-30
Nagaon,Raha,1591,2022-06-30
Nagaon,Kampur,4980,2022-06-30
Morigaon,Mikirbheta,0,2022-06-30
Morigaon,Bhuragaon,0,2022-06-30
Morigaon,Morigaon,175,2022-06-30
Morigaon,Mayong,0,2022-06-30
Biswanath,Biswanath,0,2022-06-30
Biswanath,Gohpur,0,2022-06-30
Biswanath,Halem,44,2022-06-30
Karimganj,Nilambazar,413,2022-06-30
Karimganj,Badarpur,1013,2022-06-30
Karimganj,Karimganj,8089,2022-06-30
Karimganj,Rk,1562,2022-06-30
Kamrup,Nagarbera,0,2022-06-30
Kamrup,Chamaria,0,2022-06-30
Kamrup,Hajo,1210,2022-06-30
Kamrup,Kayan,40,2022-06-30
Kamrup,North,535,2022-06-30
Hojai,Hojai,382,2022-06-30
Hojai,Lanka,0,2022-06-30
Hailakandi,Algapur,0,2022-06-30
Hailakandi,Lala,0,2022-06-30
Hailakandi,Katlicherra,0,2022-06-30
Hailakandi,Hailakandi,78,2022-06-30
Dima-Hasao,Haflong,1432,2022-06-30
Dhemaji,Sissiborgaon,0,2022-06-30
Dhemaji,Gogamukh,0,2022-06-30
Dhemaji,Jonai,0,2022-06-30
Dhemaji,Dhemaji,279,2022-06-30
Darrang,Dalgaon,0,2022-06-30
Darrang,Patharighat,0,2022-06-30
Darrang,Mangaldoi,265,2022-06-30
Darrang,Sipajhar,522,2022-06-30
Chirang,Bengtal,237,2022-06-30
Chirang,Bijni,626,2022-06-30
Tinsukia,Sadiya,0,2022-06-30
Tinsukia,Doomdooma,158,2022-06-30
Tinsukia,Tinsukia,203,2022-06-30
Lakhimpur,Dhakuakhana,0,2022-06-30
Lakhimpur,Bihpuria,0,2022-06-30
Lakhimpur,North,0,2022-06-30
Lakhimpur,Kadam,0,2022-06-30
Lakhimpur,Nowboicha,0,2022-06-30
Lakhimpur,Subansiri,95,2022-06-30
Lakhimpur,Narayanpur,406,2022-06-30
Bajali,Sarupeta,1280,2022-01-07
Bajali,Bajali,0,2022-01-07
Tamulpur,Goreswar,102,2022-01-07
Cachar,Sonai,20450,2022-01-07
Cachar,Katigorah,44238,2022-01-07
Cachar,Silchar,168398,2022-01-07
Cachar,Lakhipur,2575,2022-01-07
Cachar,Udharbond,0,2022-01-07
Chirang,Bengtal,0,2022-01-07
Chirang,Bijni,648,2022-01-07
Tinsukia,Sadiya,0,2022-01-07
Tinsukia,Tinsukia,209,2022-01-07
Tinsukia,Doomdooma,157,2022-01-07
Nalbari,Barbhag,19,2022-01-07
Nalbari,Paschim,45,2022-01-07
Darrang,Mangaldoi,0,2022-01-07
Darrang,Dalgaon,0,2022-01-07
Darrang,Patharighat,0,2022-01-07
Darrang,Sipajhar,522,01-07-2022
Nagaon,Kaliabor,0,01-07-2022
Nagaon,Samaguri,0,01-07-2022
Nagaon,Rupahi,0,01-07-2022
Nagaon,Kampur,4980,01-07-2022
Nagaon,Raha,1591,01-07-2022
Nagaon,Nagaon,8446,01-07-2022
Biswanath,Gohpur,0,01-07-2022
Biswanath,Halem,44,01-07-2022
Dhemaji,Gogamukh,0,01-07-2022
Dhemaji,Jonai,0,01-07-2022
Dhemaji,Sissiborgaon,0,01-07-2022
Dhemaji,Dhemaji,394,01-07-2022
Morigaon,Morigaon,23931,01-07-2022
Morigaon,Mikirbheta,928,01-07-2022
Morigaon,Bhuragaon,2915,01-07-2022
Morigaon,Mayong,578,01-07-2022
Lakhimpur,Dhakuakhana,0,01-07-2022
Lakhimpur,Bihpuria,0,01-07-2022
Lakhimpur,Kadam,0,01-07-2022
Lakhimpur,Nowboicha,0,01-07-2022
Lakhimpur,North,0,01-07-2022
Lakhimpur,Narayanpur,222,01-07-2022
Lakhimpur,Subansiri,95,01-07-2022
Karimganj,Nilambazar,413,01-07-2022
Karimganj,Badarpur,952,01-07-2022
Karimganj,Patherkandi,0,01-07-2022
Karimganj,Rk,1069,01-07-2022
Karimganj,Karimganj,5662,01-07-2022
Kamrup,Nagarbera,0,01-07-2022
Kamrup,Chamaria,0,01-07-2022
Kamrup,Hajo,810,01-07-2022
Kamrup,Kayan,40,01-07-2022
Kamrup,North,245,01-07-2022
Hojai,Lanka,0,01-07-2022
Hojai,Hojai,295,01-07-2022
Hailakandi,Lala,0,01-07-2022
Hailakandi,Algapur,3497,01-07-2022
Hailakandi,Katlicherra,0,01-07-2022
Hailakandi,Hailakandi,2365,01-07-2022
Dibrugarh,Chabua,0,01-07-2022
Dibrugarh,Tengakhat,0,01-07-2022
Dibrugarh,Naharkatia,0,01-07-2022
Dibrugarh,Moran,0,01-07-2022
Dibrugarh,Dibrugarh,0,01-07-2022
Dibrugarh,Tingkhong,0,01-07-2022
Dibrugarh,Dibrugarh,184,01-07-2022
Udalguri,Khairabari,0,01-07-2022
Udalguri,Harisinga,0,01-07-2022
Udalguri,Kalaigaon,0,01-07-2022
Udalguri,Udalguri,214,01-07-2022
Dima-Hasao,Haflong,1382,01-07-2022
Barpeta,Barpeta,3253,01-07-2022
Barpeta,Sarthebari,0,01-07-2022
Barpeta,Kalgachia,0,01-07-2022
Barpeta,Chenga,336,01-07-2022
Dibrugarh,Chabua,0,02-07-2022
Dibrugarh,Moran,0,02-07-2022
Dibrugarh,Dibrugarh,0,02-07-2022
Dibrugarh,Naharkatia,0,02-07-2022
Dibrugarh,Tengakhat,0,02-07-2022
Dibrugarh,Tingkhong,0,02-07-2022
Dibrugarh,Dibrugarh,203,02-07-2022
Dima-Hasao,Haflong,1421,02-07-2022
Udalguri,Khairabari,0,02-07-2022
Udalguri,Harisinga,0,02-07-2022
Udalguri,Kalaigaon,0,02-07-2022
Udalguri,Udalguri,309,02-07-2022
Tinsukia,Margherita,0,02-07-2022
Tinsukia,Tinsukia,203,02-07-2022
Tinsukia,Doomdooma,155,02-07-2022
Bajali,Bajali,0,02-07-2022
Bajali,Sarupeta,1280,02-07-2022
Tamulpur,Goreswar,102,02-07-2022
Nalbari,Paschim,26,02-07-2022
Biswanath,Gohpur,0,02-07-2022
Biswanath,Halem,44,02-07-2022
Barpeta,Barpeta,3249,02-07-2022
Barpeta,Baghbar,0,02-07-2022
Barpeta,Kalgachia,0,02-07-2022
Barpeta,Chenga,158,02-07-2022
Barpeta,Sarthebari,0,02-07-2022
Nagaon,Kaliabor,0,02-07-2022
Nagaon,Samaguri,0,02-07-2022
Nagaon,Rupahi,0,02-07-2022
Nagaon,Nagaon,6351,02-07-2022
Nagaon,Kampur,4980,02-07-2022
Nagaon,Raha,1591,02-07-2022
Morigaon,Mikirbheta,928,02-07-2022
Morigaon,Morigaon,482,02-07-2022
Morigaon,Mayong,0,02-07-2022
Morigaon,Laharighat,0,02-07-2022
Morigaon,Bhuragaon,3697,02-07-2022
Karimganj,Nilambazar,368,02-07-2022
Karimganj,Badarpur,824,02-07-2022
Karimganj,Patherkandi,0,02-07-2022
Karimganj,Karimganj,3770,02-07-2022
Karimganj,Rk,880,02-07-2022
Kamrup,Chamaria,0,02-07-2022
Kamrup,Hajo,752,02-07-2022
Kamrup,North,175,02-07-2022
Kamrup,Kayan,38,02-07-2022
Hojai,Lanka,0,02-07-2022
Hojai,Hojai,408,02-07-2022
Hailakandi,Katlicherra,0,02-07-2022
Hailakandi,Lala,0,02-07-2022
Hailakandi,Hailakandi,0,02-07-2022
Hailakandi,Algapur,2136,02-07-2022
Chirang,Bijni,648,02-07-2022
Cachar,Udharbond,0,02-07-2022
Cachar,Silchar,143368,02-07-2022
Cachar,Sonai,20450,02-07-2022
Cachar,Lakhipur,2075,02-07-2022
Cachar,Katigorah,76264,02-07-2022
Bajali,Sarupeta,1280,03-07-2022
Tinsukia,Tinsukia,40,03-07-2022
Tinsukia,Doomdooma,14,03-07-2022
Udalguri,Khairabari,0,03-07-2022
Udalguri,Harisinga,0,03-07-2022
Udalguri,Kalaigaon,0,03-07-2022
Udalguri,Udalguri,309,03-07-2022
Hailakandi,Lala,0,03-07-2022
Hailakandi,Algapur,1996,03-07-2022
Hailakandi,Katlicherra,0,03-07-2022
Hailakandi,Hailakandi,0,03-07-2022
Karimganj,Nilambazar,368,03-07-2022
Karimganj,Badarpur,727,03-07-2022
Karimganj,Rk,892,03-07-2022
Karimganj,Karimganj,2575,03-07-2022
Dima-Hasao,Haflong,1409,03-07-2022
Kamrup,North,115,03-07-2022
Kamrup,Kayan,38,03-07-2022
Kamrup,Hajo,539,03-07-2022
Nagaon,Samaguri,0,03-07-2022
Nagaon,Rupahi,0,03-07-2022
Nagaon,Nagaon,5606,03-07-2022
Nagaon,Raha,1591,03-07-2022
Nagaon,Kampur,4980,03-07-2022
Morigaon,Mikirbheta,0,03-07-2022
Morigaon,Mayong,0,03-07-2022
Morigaon,Morigaon,21817,03-07-2022
Morigaon,Laharighat,0,03-07-2022
Morigaon,Bhuragaon,4019,03-07-2022
Chirang,Bijni,580,03-07-2022
Cachar,Katigorah,76249,03-07-2022
Cachar,Lakhipur,2075,03-07-2022
Cachar,Udharbond,0,03-07-2022
Cachar,Sonai,16897,03-07-2022
Cachar,Silchar,130348,03-07-2022
Barpeta,Barpeta,2784,03-07-2022
Barpeta,Kalgachia,0,03-07-2022
Barpeta,Chenga,103,03-07-2022
Barpeta,Baghbar,0,03-07-2022
Nalbari,Paschim,26,03-07-2022
Tamulpur,Goreswar,102,03-07-2022
Dibrugarh,Dibrugarh,0,03-07-2022
Dibrugarh,Moran,0,03-07-2022
Dibrugarh,Chabua,0,03-07-2022
Dibrugarh,Naharkatia,0,03-07-2022
Dibrugarh,Tingkhong,0,03-07-2022
Dibrugarh,Tengakhat,0,03-07-2022
Dibrugarh,Dibrugarh,215,03-07-2022
Hojai,Lanka,0,03-07-2022
Hojai,Hojai,366,03-07-2022
Udalguri,Harisinga,0,04-07-2022
Udalguri,Kalaigaon,0,04-07-2022
Udalguri,Udalguri,309,04-07-2022
Nagaon,Samaguri,0,04-07-2022
Nagaon,Nagaon,4689,04-07-2022
Nagaon,Kampur,4980,04-07-2022
Nagaon,Raha,1591,04-07-2022
Tamulpur,Tamulpur,0,04-07-2022
Tamulpur,Goreswar,102,04-07-2022
Karimganj,Nilambazar,368,04-07-2022
Karimganj,Badarpur,654,04-07-2022
Karimganj,Karimganj,2109,04-07-2022
Karimganj,Rk,892,04-07-2022
Bajali,Sarupeta,1280,04-07-2022
Barpeta,Barpeta,1694,04-07-2022
Barpeta,Baghbar,0,04-07-2022
Barpeta,Kalgachia,0,04-07-2022
Cachar,Katigorah,65295,04-07-2022
Cachar,Silchar,43365,04-07-2022
Cachar,Udharbond,0,04-07-2022
Cachar,Sonai,16897,04-07-2022
Cachar,Lakhipur,1550,04-07-2022
Chirang,Bijni,580,04-07-2022
Morigaon,Mikirbheta,928,04-07-2022
Morigaon,Mayong,0,04-07-2022
Morigaon,Laharighat,0,04-07-2022
Morigaon,Morigaon,573,04-07-2022
Morigaon,Bhuragaon,4019,04-07-2022
Dima-Hasao,Haflong,1396,04-07-2022
Dibrugarh,Moran,0,04-07-2022
Dibrugarh,Tengakhat,0,04-07-2022
Dibrugarh,Chabua,0,04-07-2022
Dibrugarh,Dibrugarh,0,04-07-2022
Dibrugarh,Naharkatia,0,04-07-2022
Dibrugarh,Tingkhong,0,04-07-2022
Dibrugarh,Dibrugarh,215,04-07-2022
Hailakandi,Lala,0,04-07-2022
Hailakandi,Katlicherra,0,04-07-2022
Hailakandi,Algapur,1075,04-07-2022
Hojai,Lanka,0,04-07-2022
Hojai,Hojai,548,04-07-2022
Kamrup,North,100,04-07-2022
Kamrup,Kayan,38,04-07-2022
Kamrup,Hajo,24,04-07-2022
Cachar,Udharbond,0,05-07-2022
Cachar,Sonai,13766,05-07-2022
Cachar,Lakhipur,1550,05-07-2022
Cachar,Silchar,43359,05-07-2022
Cachar,Katigorah,65295,05-07-2022
Chirang,Bengtal,0,05-07-2022
Chirang,Bijni,513,05-07-2022
Dibrugarh,Moran,0,05-07-2022
Dibrugarh,Chabua,0,05-07-2022
Dibrugarh,Tingkhong,0,05-07-2022
Dibrugarh,Naharkatia,0,05-07-2022
Dibrugarh,Dibrugarh,0,05-07-2022
Dibrugarh,Dibrugarh,190,05-07-2022
Bajali,Sarupeta,1280,05-07-2022
Hailakandi,Hailakandi,0,05-07-2022
Hailakandi,Lala,0,05-07-2022
Hailakandi,Katlicherra,0,05-07-2022
Hailakandi,Algapur,1075,05-07-2022
Kamrup,Kayan,38,05-07-2022
Kamrup,North,100,05-07-2022
Karimganj,Nilambazar,368,05-07-2022
Karimganj,Badarpur,654,05-07-2022
Karimganj,Patherkandi,0,05-07-2022
Karimganj,Karimganj,1567,05-07-2022
Karimganj,Rk,718,05-07-2022
Morigaon,Mikirbheta,1620,05-07-2022
Morigaon,Morigaon,573,05-07-2022
Morigaon,Mayong,0,05-07-2022
Morigaon,Bhuragaon,3325,05-07-2022
Nagaon,Samaguri,0,05-07-2022
Nagaon,Nagaon,3956,05-07-2022
Nagaon,Raha,1591,05-07-2022
Nagaon,Kampur,4980,05-07-2022
Barpeta,Barpeta,95,05-07-2022
Barpeta,Kalgachia,0,05-07-2022
Dima-Hasao,Haflong,1407,05-07-2022
Tamulpur,Goreswar,102,05-07-2022
Bajali,Sarupeta,475,06-07-2022
Cachar,Silchar,41197,06-07-2022
Cachar,Katigorah,65295,06-07-2022
Cachar,Sonai,13430,06-07-2022
Cachar,Lakhipur,1550,06-07-2022
Cachar,Udharbond,0,06-07-2022
Chirang,Bijni,153,06-07-2022
Dibrugarh,Moran,0,06-07-2022
Dibrugarh,Chabua,0,06-07-2022
Dibrugarh,Naharkatia,0,06-07-2022
Dibrugarh,Dibrugarh,143,06-07-2022
Dibrugarh,Dibrugarh,0,06-07-2022
Dima-Hasao,Haflong,1405,06-07-2022
Tamulpur,Tamulpur,0,06-07-2022
Tamulpur,Goreswar,102,06-07-2022
Nagaon,Samaguri,0,06-07-2022
Nagaon,Kampur,2159,06-07-2022
Nagaon,Nagaon,2796,06-07-2022
Nagaon,Raha,1590,06-07-2022
Morigaon,Mikirbheta,0,06-07-2022
Morigaon,Mayong,0,06-07-2022
Morigaon,Morigaon,930,06-07-2022
Morigaon,Bhuragaon,468,06-07-2022
Karimganj,Nilambazar,368,06-07-2022
Karimganj,Rk,523,06-07-2022
Karimganj,Badarpur,512,06-07-2022
Karimganj,Karimganj,1080,06-07-2022
Kamrup,North,57,06-07-2022
Kamrup,Kayan,38,06-07-2022
Hailakandi,Algapur,895,06-07-2022
Hailakandi,Lala,0,06-07-2022
Hailakandi,Katlicherra,0,06-07-2022
Hailakandi,Hailakandi,0,06-07-2022
Hailakandi,Algapur,671,07-07-2022
Hailakandi,Lala,0,07-07-2022
Hailakandi,Katlicherra,0,07-07-2022
Hailakandi,Hailakandi,0,07-07-2022
Kamrup,Kamalpur,0,07-07-2022
Kamrup,Kayan,38,07-07-2022
Kamrup,North,57,07-07-2022
Tamulpur,Goreswar,102,07-07-2022
Chirang,Bijni,153,07-07-2022
Bajali,Sarupeta,475,07-07-2022
Nagaon,Nagaon,0,07-07-2022
Nagaon,Kampur,1216,07-07-2022
Nagaon,Raha,1590,07-07-2022
Dima-Hasao,Haflong,1374,07-07-2022
Karimganj,Rk,523,07-07-2022
Karimganj,Karimganj,941,07-07-2022
Karimganj,Nilambazar,368,07-07-2022
Karimganj,Badarpur,512,07-07-2022
Morigaon,Mikirbheta,0,07-07-2022
Morigaon,Mayong,0,07-07-2022
Morigaon,Bhuragaon,0,07-07-2022
Morigaon,Morigaon,573,07-07-2022
Cachar,Lakhipur,1550,07-07-2022
Cachar,Silchar,41197,07-07-2022
Cachar,Sonai,8982,07-07-2022
Cachar,Katigorah,31242,07-07-2022
Dibrugarh,Naharkatia,0,07-07-2022
Dibrugarh,Moran,0,07-07-2022
Dibrugarh,Dibrugarh,0,07-07-2022
Dibrugarh,Dibrugarh,30,07-07-2022
Tamulpur,Goreswar,56,08-07-2022
Morigaon,Mikirbheta,0,08-07-2022
Morigaon,Mayong,0,08-07-2022
Morigaon,Bhuragaon,0,08-07-2022
Morigaon,Morigaon,573,08-07-2022
Karimganj,Nilambazar,343,08-07-2022
Karimganj,Karimganj,732,08-07-2022
Karimganj,Badarpur,369,08-07-2022
Karimganj,Patherkandi,0,08-07-2022
Nagaon,Nagaon,0,08-07-2022
Nagaon,Raha,1591,08-07-2022
Hailakandi,Lala,0,08-07-2022
Hailakandi,Hailakandi,0,08-07-2022
Hailakandi,Katlicherra,0,08-07-2022
Hailakandi,Algapur,353,08-07-2022
Dima-Hasao,Haflong,1374,08-07-2022
Bajali,Sarupeta,355,08-07-2022
Chirang,Bijni,153,08-07-2022
Cachar,Sonai,302,08-07-2022
Cachar,Silchar,37197,08-07-2022
Cachar,Lakhipur,482,08-07-2022
Cachar,Katigorah,31242,08-07-2022
Kamrup,Kayan,38,08-07-2022
Kamrup,North,25,08-07-2022
Tamulpur,Goreswar,56,09-07-2022
Morigaon,Mikirbheta,0,09-07-2022
Morigaon,Mayong,0,09-07-2022
Morigaon,Morigaon,573,09-07-2022
Morigaon,Bhuragaon,0,09-07-2022
Karimganj,Nilambazar,288,09-07-2022
Karimganj,Karimganj,519,09-07-2022
Karimganj,Badarpur,369,09-07-2022
Hailakandi,Lala,0,09-07-2022
Hailakandi,Katlicherra,0,09-07-2022
Hailakandi,Hailakandi,0,09-07-2022
Hailakandi,Algapur,353,09-07-2022
Dima-Hasao,Haflong,1366,09-07-2022
Chirang,Bijni,153,09-07-2022
Cachar,Silchar,41197,09-07-2022
Cachar,Sonai,0,09-07-2022
Cachar,Lakhipur,433,09-07-2022
Cachar,Katigorah,4571,09-07-2022
Kamrup,North,0,09-07-2022
Kamrup,Kayan,38,09-07-2022
Bajali,Bajali,0,09-07-2022
Bajali,Sarupeta,251,09-07-2022
Morigaon,Morigaon,815,10-07-2022
Morigaon,Mayong,0,10-07-2022
Morigaon,Mikirbheta,0,10-07-2022
Morigaon,Bhuragaon,0,10-07-2022
Tamulpur,Goreswar,56,10-07-2022
Kamrup,Kayan,38,10-07-2022
Chirang,Bijni,153,10-07-2022
Cachar,Silchar,32197,10-07-2022
Cachar,Sonai,0,10-07-2022
Cachar,Lakhipur,433,10-07-2022
Cachar,Katigorah,3442,10-07-2022
Dima-Hasao,Haflong,1366,10-07-2022
Bajali,Sarupeta,251,10-07-2022
Tamulpur,Goreswar,56,11-07-2022
Morigaon,Mayong,0,11-07-2022
Morigaon,Morigaon,815,11-07-2022
Morigaon,Mikirbheta,0,11-07-2022
Kamrup,Kayan,38,11-07-2022
Chirang,Bijni,153,11-07-2022
Cachar,Udharbond,0,11-07-2022
Cachar,Silchar,15443,11-07-2022
Cachar,Katigorah,2844,11-07-2022
Cachar,Sonai,0,11-07-2022
Cachar,Lakhipur,60,11-07-2022
Dima-Hasao,Haflong,1304,11-07-2022
Bajali,Sarupeta,251,11-07-2022
Cachar,Silchar,15443,12-07-2022
Cachar,Lakhipur,60,12-07-2022
Cachar,Katigorah,1572,12-07-2022
Chirang,Bijni,153,12-07-2022
Dima-Hasao,Haflong,1138,12-07-2022
Morigaon,Mikirbheta,0,12-07-2022
Morigaon,Morigaon,815,12-07-2022
Tamulpur,Goreswar,56,12-07-2022
Cachar,Katigorah,1572,07-13-2022
Cachar,Lakhipur,60,07-13-2022
Cachar,Silchar,13485,07-13-2022
Chirang,Bijni,153,07-13-2022
Dima-Hasao,Haflong,1104,07-13-2022
Morigaon,Morigaon,640,07-13-2022
Morigaon,Bhuragaon,0,07-15-2022
Morigaon,Morigaon,738,07-15-2022
Morigaon,Mikirbheta,0,07-15-2022
Chirang,Bijni,153,07-15-2022
Dima-Hasao,Haflong,1063,07-15-2022
Cachar,Silchar,8346,07-15-2022
Morigaon ,Morigaon,738,07-16-2022
Dima-Hasao,Haflong,1070,07-16-2022
Chirang,Bijni,153,07-16-2022
Cachar,Silchar,8346,07-16-2022
Cachar,Katigorah,0,07-16-2022
Cachar,Silchar,5246,07-17-2022
Cachar,Katigorah,0,2022-07-17
Dima-Hasao,Haflong,327,2022-07-17
Morigaon,Morigaon,706,2022-07-17
Dima-Hasao,Haflong,291,2022-07-18
Cachar,Silchar,2748,2022-07-18
Cachar,Katigorah,0,2022-07-18
Morigaon,Morigaon,676,2022-07-18
Cachar,Silchar,1022,2022-07-19
Cachar,Katigorah,0,2022-07-19
Morigaon,Morigaon,676,2022-07-19
Dima-Hasao,Haflong,121,2022-07-19
Cachar,Katigorah,0,2022-07-20
Cachar,Silchar,788,2022-07-20
Dima-Hasao,Haflong,121,2022-07-20
Morigaon,Morigaon,626,2022-07-20
Cachar,Silchar,647,2022-07-21
Cachar,Katigorah,0,2022-07-21
Morigaon,Mikirbheta,0,2022-07-21
Morigaon,Morigaon,606,2022-07-21
Cachar,Silchar,488,2022-07-22
Cachar,Katigorah,0,2022-07-22
Morigaon,Morigaon,596,2022-07-22
Cachar,Silchar,86,2022-07-23
Cachar,Katigorah,0,2022-07-23
Morigaon,Morigaon,570,2022-07-23
Morigaon,Morigaon,542,2022-07-24
Morigaon,Morigaon,537,2022-07-25
Morigaon,Morigaon,278,2022-07-26
Morigaon,Morigaon,143,2022-07-27
Morigaon,Morigaon,118,2022-07-28
Charaideo,Sapekhati,0,2022-07-28
Charaideo,Sonari,74,2022-07-28
Charaideo,Sonari,75,2022-07-29
Morigaon,Mayong,0,2022-07-29
Morigaon,Morigaon,115,2022-07-29
Morigaon,Morigaon,76,2022-07-30
Morigaon,Morigaon,76,2022-07-31
Dhemaji,Gogamukh,0,2022-07-31
Dhemaji,Dhemaji,344,2022-07-31
Lakhimpur,Subansiri,366,2022-01-08
Dhemaji,Sissiborgaon,0,2022-01-08
Dhemaji,Dhemaji,355,2022-01-08
Dhemaji,Gogamukh,92,2022-01-08
Chirang,Sidli,0,2022-01-08
Chirang,Bengtal,0,2022-01-08
Chirang,Bijni,241,2022-01-08
Dhemaji,Gogamukh,0,2022-02-08
Dhemaji,Dhemaji,327,2022-02-08
Udalguri,Khairabari,902,2022-02-08
Udalguri,Harisinga,348,2022-02-08
Lakhimpur,Subansiri,38,2022-02-08
Chirang,Bengtal,0,2022-02-08
Chirang,Bijni,241,2022-02-08
Udalguri,Udalguri,0,2022-03-08
Udalguri,Khairabari,764,2022-03-08
Udalguri,Harisinga,348,2022-03-08
Dhemaji,Gogamukh,0,2022-03-08
Dhemaji,Dhemaji,176,2022-03-08
Chirang,Bijni,223,2022-03-08
Chirang,Bijni,223,2022-04-08
Udalguri,Khairabari,727,2022-04-08
Udalguri,Harisinga,349,04-08-2022
Udalguri,Khairabari,96,05-08-2022
Udalguri,Harisinga,138,05-08-2022
Udalguri,Khairabari,0,06-08-2022
Udalguri,Harisinga,138,06-08-2022
Udalguri,Harisinga,42,09-08-2022
Udalguri,Khairabari,0,09-08-2022
Udalguri,Khairabari,0,10-08-2022
Udalguri,Harisinga,42,10-08-2022
Udalguri,Khairabari,0,11-08-2022
Udalguri,Harisinga,42,11-08-2022
,,,
,,,
,,,
,,,
,,,
,,,
,,,
,,,
,,,
,,,
,,,
,,,
,,,
,,,
,,,
,,,
,,,
,,,
,,,
,,,
,,,
,,,
,,,
,,,
,,,
,,,
,,,
,,,
,,,
,,,
,,,
,,,
,,,
,,,
,,,
,,,
,,,
,,,
,,,
,,,
,,,
,,,
,,,
,,,
,,,
,,,
,,,
,,,
,,,
,,,
,,,
,,,
,,,
,,,
,,,
,,,
,,,
,,,
,,,
,,,
,,,
,,,
,,,
,,,
,,,
,,,
,,,
,,,
,,,
,,,
,,,
,,,
,,,
,,,
,,,
,,,
,,,
,,,
,,,
,,,
,,,
,,,
,,,
,,,
,,,
,,,
,,,
,,,
,,,
,,,
,,,
,,,
,,,
,,,
,,,
,,,
,,,
,,,
,,,
,,,
,,,
,,,
,,,
,,,
,,,
,,,
,,,
,,,
,,,
,,,
,,,
,,,
,,,
,,,
,,,
,,,
,,,
,,,
,,,
,,,
,,,
,,,
,,,
,,,
,,,
,,,
,,,
,,,
,,,
,,,
,,,
,,,
,,,
,,,
,,,
,,,
,,,
,,,
,,,
,,,
,,,
,,,
,,,
,,,
,,,
,,,
,,,
,,,
,,,
,,,
,,,
,,,
,,,
,,,
,,,
,,,
,,,
,,,
,,,
,,,
,,,
,,,
,,,
,,,
,,,
,,,
,,,
,,,
,,,
,,,
,,,
,,,
,,,
,,,
,,,
,,,
,,,
,,,
,,,
,,,
,,,
,,,
,,,
,,,
,,,
,,,
,,,
,,,
,,,
,,,
,,,
,,,
,,,
,,,
,,,
,,,
,,,
,,,
,,,
,,,
,,,
,,,
,,,
,,,
,,,
,,,
,,,
,,,
,,,
,,,
,,,
,,,
,,,
,,,
,,,
,,,
,,,
,,,
,,,
,,,
,,,
,,,
,,,
,,,
,,,
,,,
,,,
,,,
,,,
,,,
,,,
,,,
,,,
,,,
,,,
,,,
,,,
,,,
,,,
,,,
,,,
,,,
,,,
,,,
,,,
,,,
,,,
,,,
,,,
,,,
,,,
,,,
,,,
,,,
,,,
,,,
,,,
,,,
,,,
,,,
,,,
,,,
,,,
,,,
,,,
,,,
,,,
,,,
,,,
,,,
,,,
,,,
,,,
,,,
,,,
,,,
,,,
,,,
,,,
,,,
,,,
,,,
,,,
,,,
,,,
,,,
,,,
,,,
,,,
,,,
,,,
,,,
,,,
,,,
,,,
,,,
,,,
,,,
,,,
,,,
,,,
,,,
,,,
,,,
,,,
,,,
,,,
,,,
,,,
,,,
,,,
,,,
,,,
,,,
,,,
,,,
,,,
,,,
,,,
,,,
,,,
,,,
,,,
,,,
,,,
,,,
,,,
,,,
,,,
,,,
,,,
,,,
,,,
,,,
,,,
,,,
,,,
,,,
,,,
,,,
,,,
,,,
,,,
,,,
,,,
,,,
,,,
,,,
,,,
,,,
,,,
,,,
,,,
,,,
,,,
,,,
,,,
,,,
,,,
,,,
,,,
,,,
,,,
,,,
,,,
,,,
,,,
,,,
,,,
,,,
,,,
,,,
,,,
,,,
,,,
,,,
,,,
,,,
,,,
,,,
,,,
,,,
,,,
,,,
,,,
,,,
,,,
,,,
,,,
,,,
,,,
,,,
,,,
,,,
,,,
,,,
,,,
,,,
,,,
,,,
,,,
,,,
,,,
,,,
,,,
,,,
,,,
,,,
,,,
,,,
,,,
,,,
,,,
,,,
,,,
,,,
,,,
,,,
,,,
,,,
,,,
,,,
,,,
,,,
,,,
,,,
,,,
,,,
,,,
,,,
,,,
,,,
,,,
,,,
,,,
,,,
,,,
,,,
,,,
,,,
,,,
,,,
,,,
,,,
,,,
,,,
,,,
,,,
,,,
,,,
,,,
,,,
,,,
,,,
,,,
,,,
,,,
,,,
,,,
,,,
,,,
,,,
,,,
,,,
,,,
,,,
,,,
,,,
,,,
,,,
,,,
,,,
,,,
,,,
,,,
,,,
,,,
,,,
,,,
,,,
,,,
,,,
,,,
,,,
,,,
,,,
,,,
,,,
,,,
,,,
,,,
,,,
,,,
,,,
,,,
,,,
,,,
,,,
,,,
,,,
,,,
,,,
,,,
,,,
,,,
,,,
,,,
,,,
,,,
,,,
,,,
,,,
,,,
,,,
,,,
,,,
,,,
,,,
,,,
,,,
,,,
,,,
,,,
,,,
,,,
,,,
,,,
,,,
,,,
,,,
,,,
,,,
,,,
,,,
,,,
,,,
,,,
,,,
,,,
,,,
,,,
,,,
,,,
,,,
,,,
,,,
,,,
,,,
,,,
,,,
,,,
,,,
,,,
,,,
,,,
,,,
,,,
,,,
,,,
,,,
,,,
,,,
,,,
,,,
,,,
,,,
,,,
,,,
,,,
,,,
,,,
,,,
,,,
,,,
,,,
,,,
,,,
,,,
,,,
,,,
,,,
,,,
,,,
,,,
,,,
,,,
,,,
,,,
,,,
,,,
,,,
,,,
,,,
,,,
,,,
,,,
,,,
,,,
,,,
,,,
,,,
,,,
,,,
,,,
,,,
,,,
,,,
,,,
,,,
,,,
,,,
,,,
,,,
,,,
,,,
,,,
,,,
,,,
,,,
,,,
,,,
,,,
,,,
,,,
,,,
,,,
,,,
,,,
,,,
,,,
,,,
,,,
,,,
,,,
,,,
,,,
,,,
,,,
,,,
,,,
,,,
,,,
,,,
,,,
,,,
,,,
,,,
,,,
,,,
,,,
,,,
,,,
,,,
,,,
,,,
,,,
,,,
,,,
,,,
,,,
,,,
,,,
,,,
,,,
,,,
,,,
,,,
,,,
,,,
,,,
,,,
,,,
,,,
,,,
,,,
,,,
,,,
,,,
,,,
,,,
,,,
,,,
,,,
,,,
,,,
,,,
,,,
,,,
,,,
,,,
,,,
,,,
,,,
,,,
,,,
,,,
,,,
,,,
,,,
,,,
,,,
,,,
,,,
,,,
,,,
,,,
,,,
,,,
,,,
,,,
,,,
,,,
,,,
,,,
,,,
,,,
,,,
,,,
,,,
,,,
,,,
,,,
,,,
,,,
,,,
,,,
,,,
,,,
,,,
,,,
,,,
,,,
,,,
,,,
,,,
,,,
,,,
,,,
,,,
,,,
,,,
,,,
,,,
,,,
,,,
,,,
,,,
,,,
,,,
,,,
,,,
,,,
,,,
,,,
,,,
,,,
,,,
,,,
,,,
,,,
,,,
,,,
,,,
,,,
,,,
,,,
,,,
,,,
,,,
,,,
,,,
,,,
,,,
,,,
,,,
,,,
,,,
,,,
,,,
,,,
,,,
,,,
,,,
,,,
,,,
,,,
,,,
,,,
,,,
,,,
,,,
,,,
,,,
,,,
,,,
,,,
,,,
,,,
,,,
,,,
,,,
,,,
,,,
,,,
,,,
,,,
,,,
,,,
,,,
,,,
,,,
,,,
,,,
,,,
,,,
,,,
,,,
,,,
,,,
,,,
,,,
,,,
,,,
,,,
,,,
,,,
,,,
,,,
,,,
,,,
,,,
,,,
,,,
,,,
,,,
,,,
,,,
,,,
,,,
,,,
,,,
,,,
,,,
,,,
,,,
,,,
,,,
,,,
,,,
,,,
,,,
,,,
,,,
,,,
,,,
,,,
,,,
,,,
,,,
,,,
,,,
,,,
,,,
,,,
,,,
,,,
,,,
,,,
,,,
,,,
,,,
,,,
,,,
,,,
,,,
,,,
,,,
,,,
,,,
,,,
,,,
,,,
,,,
,,,
,,,
,,,
,,,
,,,
,,,
,,,
,,,
,,,
,,,
,,,
,,,
,,,
,,,
,,,
,,,
,,,
,,,
,,,
,,,
,,,
,,,
,,,
,,,
,,,
,,,
,,,
,,,
,,,
,,,
,,,
,,,
,,,
,,,
,,,
,,,
,,,
,,,
,,,
,,,
,,,
,,,
,,,
,,,
,,,
,,,
,,,
,,,
,,,
,,,
,,,
,,,
,,,
,,,
,,,
,,,
,,,
,,,
,,,
,,,
,,,
,,,
,,,
,,,
,,,
,,,
,,,
,,,
,,,
,,,
,,,
,,,
,,,
,,,
,,,
,,,
,,,
,,,
,,,
,,,
,,,
,,,
,,,
,,,
,,,
,,,
,,,
,,,
,,,
,,,
,,,
,,,
,,,
,,,
,,,
,,,
,,,
,,,
,,,
,,,
,,,
,,,
,,,
,,,
,,,
,,,
,,,
,,,
,,,
,,,
,,,
,,,
,,,
,,,
,,,
,,,
,,,
,,,
,,,
,,,
,,,
,,,
,,,
,,,
,,,
,,,
,,,
,,,
,,,
,,,
,,,
,,,
,,,
,,,
,,,
,,,
,,,
,,,
,,,
,,,
,,,
,,,
,,,
,,,
,,,
,,,
,,,
,,,
,,,
,,,
,,,
,,,
,,,
,,,
,,,
,,,
,,,
,,,
,,,
,,,
,,,
,,,
,,,
,,,
,,,
,,,
,,,
,,,
,,,
,,,
,,,
,,,
,,,
,,,
,,,
,,,
,,,
,,,
,,,
,,,
,,,
,,,
,,,
,,,
,,,
,,,
,,,
,,,
,,,
,,,
,,,
,,,
,,,
,,,
,,,
,,,
,,,
,,,
,,,
,,,
,,,
,,,
,,,
,,,
,,,
,,,
,,,
,,,
,,,
,,,
,,,
,,,
,,,
,,,
,,,
,,,
,,,
,,,
,,,
,,,
,,,
,,,
,,,
,,,
,,,
,,,
,,,
,,,
,,,
,,,
,,,
,,,
,,,
,,,
,,,
,,,
,,,
,,,
,,,
,,,
,,,
,,,
,,,
,,,
,,,
,,,
,,,
,,,
,,,
,,,
,,,
,,,
,,,
,,,
,,,
,,,
,,,
,,,
,,,
,,,
,,,
,,,
,,,
,,,
,,,
,,,
,,,
,,,
,,,
,,,
,,,
,,,
,,,
,,,
,,,
,,,
,,,
,,,
,,,
,,,
,,,
,,,
,,,
,,,
,,,
,,,
,,,
,,,
,,,
,,,
,,,
,,,
,,,
,,,
,,,
,,,
,,,
,,,
,,,
,,,
,,,
,,,
,,,
,,,
,,,
,,,
,,,
,,,
,,,
,,,
,,,
,,,
,,,
,,,
,,,
,,,
,,,
,,,
,,,
,,,
,,,
,,,
,,,
,,,
,,,
,,,
,,,
,,,
,,,
,,,
,,,
,,,
,,,
,,,
,,,
,,,
,,,
,,,
,,,
,,,
,,,
,,,
,,,
,,,
,,,
,,,
,,,
,,,
,,,
,,,
,,,
,,,
,,,
,,,
,,,
,,,
,,,
,,,
,,,
,,,
,,,
,,,
,,,
,,,
,,,
,,,
,,,
,,,
,,,
,,,
,,,
,,,
,,,
,,,
,,,
,,,
,,,
,,,
,,,
,,,
,,,
,,,
,,,
,,,
,,,
,,,
,,,
,,,
,,,
,,,
,,,
,,,
,,,
,,,
,,,
,,,
,,,
,,,
,,,
,,,
,,,
,,,
,,,
,,,
,,,
,,,
,,,
,,,
,,,
,,,
,,,
,,,
,,,
,,,
,,,
