District,RevenueCircle,Number of camps,Date
Cachar,silchar,3,2022-05-15
Cachar,katigorah,9,2022-05-15
Nagaon,kampur,0,2022-05-15
Hojai,hojai,5,2022-05-15
Karbi Anglong West,donkamokam,3,2022-05-15
Biswanath,halem,1,2022-05-16
Cachar,lakhipur,2,2022-05-16
Cachar,silchar,5,2022-05-16
Cachar,katigorah,13,2022-05-16
Dima-Hasao,haflong,1,2022-05-16
Hojai,hojai,31,2022-05-16
Karbi Anglong West,donkamokam,0,2022-05-16
Nagaon,kampur,0,2022-05-16
Udalguri,khairabari,2,2022-05-16
Udalguri,mazbat,0,2022-05-17
Udalguri,kalaigaon,0,2022-05-17
Udalguri,khairabari,0,2022-05-17
Udalguri,udalguri,0,2022-05-17
Sonitpur,dhekiajuli,0,2022-05-17
Sonitpur,tezpur,0,2022-05-17
Nagaon,raha,2,2022-05-17
Nagaon,kampur,1,2022-05-17
Karimganj,badarpur,1,2022-05-17
Karimganj,karimganj,0,2022-05-17
Karbi Anglong West,donkamokam,0,2022-05-17
Kamrup,rangia,1,2022-05-17
Hojai,hojai,37,2022-05-17
Hojai,lanka,3,2022-05-17
Hojai,doboka,0,2022-05-17
Dima-Hasao,haflong,1,2022-05-17
Dibrugarh,chabua,0,2022-05-17
Charaideo,sapekhati,0,2022-05-17
Cachar,lakhipur,2,2022-05-17
Cachar,katigorah,23,2022-05-17
Cachar,silchar,16,2022-05-17
Biswanath,halem,2,2022-05-17
Biswanath,biswanath,0,2022-05-17
Bajali,bajali,0,2022-05-17
Udalguri,khairabari,2,2022-05-18
Udalguri,udalguri,0,2022-05-18
Udalguri,kalaigaon,0,2022-05-18
Udalguri,harisinga,0,2022-05-18
Sonitpur,naduar,0,2022-05-18
Nagaon,nagaon,5,2022-05-18
Nagaon,raha,2,2022-05-18
Nagaon,kampur,4,2022-05-18
Karimganj,badarpur,2,2022-05-18
Karimganj,karimganj,0,2022-05-18
Karbi Anglong West,donkamokam,0,2022-05-18
Kamrup,rangia,1,2022-05-18
Charaideo,sapekhati,0,2022-05-18
Hailakandi,algapur,2,2022-05-18
Hojai,hojai,46,2022-05-18
Hojai,doboka,1,2022-05-18
Hojai,lanka,0,2022-05-18
Bajali,bajali,0,2022-05-18
Biswanath,halem,2,2022-05-18
Biswanath,naduar,0,2022-05-18
Biswanath,biswanath,0,2022-05-18
Cachar,udharbond,1,2022-05-18
Cachar,silchar,27,2022-05-18
Cachar,lakhipur,5,2022-05-18
Cachar,sonai,6,2022-05-18
Cachar,katigorah,25,2022-05-18
Darrang,mangaldoi,0,2022-05-18
Darrang,patharighat,0,2022-05-18
Dima-Hasao,haflong,4,2022-05-18
Biswanath,halem,1,2022-05-19
Biswanath,biswanath,0,2022-05-19
Cachar,udharbond,1,2022-05-19
Cachar,lakhipur,11,2022-05-19
Cachar,sonai,6,2022-05-19
Cachar,silchar,35,2022-05-19
Cachar,katigorah,32,2022-05-19
Darrang,patharighat,1,2022-05-19
Darrang,dalgaon,0,2022-05-19
Darrang,mangaldoi,0,2022-05-19
Dima-Hasao,haflong,0,2022-05-19
Hojai,doboka,11,2022-05-19
Hojai,hojai,46,2022-05-19
Hojai,lanka,0,2022-05-19
Kamrup,rangia,1,2022-05-19
Karbi Anglong West,donkamokam,0,2022-05-19
Karimganj,badarpur,6,2022-05-19
Karimganj,karimganj,0,2022-05-19
Lakhimpur,nowboicha,0,2022-05-19
Lakhimpur,bihpuria,0,2022-05-19
Lakhimpur,north,0,2022-05-19
Nagaon,nagaon,5,2022-05-19
Nagaon,kampur,10,2022-05-19
Nagaon,raha,0,2022-05-19
Sonitpur,tezpur,0,2022-05-19
Udalguri,khairabari,0,2022-05-19
Udalguri,udalguri,0,2022-05-19
Udalguri,kalaigaon,0,2022-05-19
Dhemaji,dhemaji,0,2022-05-19
Hailakandi,algapur,1,2022-05-19
Karimganj,badarpur,6,2022-05-20
Karimganj,karimganj,0,2022-05-20
Biswanath,halem,1,2022-05-20
Cachar,udharbond,1,2022-05-20
Cachar,sonai,6,2022-05-20
Cachar,katigorah,62,2022-05-20
Cachar,silchar,82,2022-05-20
Cachar,lakhipur,0,2022-05-20
Darrang,patharighat,1,2022-05-20
Darrang,mangaldoi,0,2022-05-20
Dima-Hasao,haflong,2,2022-05-20
Hailakandi,algapur,0,2022-05-20
Hojai,hojai,36,2022-05-20
Hojai,doboka,11,2022-05-20
Karbi Anglong West,donkamokam,0,2022-05-20
Lakhimpur,bihpuria,0,2022-05-20
Morigaon,morigaon,1,2022-05-20
Nagaon,kampur,15,2022-05-20
Nagaon,nagaon,7,2022-05-20
Nagaon,raha,3,2022-05-20
Sonitpur,naduar,0,2022-05-20
Udalguri,udalguri,0,2022-05-20
Darrang,patharighat,1,2022-05-21
Darrang,mangaldoi,0,2022-05-21
Karbi Anglong West,donkamokam,0,2022-05-21
Dima-Hasao,haflong,8,2022-05-21
Cachar,silchar,99,2022-05-21
Cachar,katigorah,76,2022-05-21
Cachar,udharbond,1,2022-05-21
Cachar,sonai,23,2022-05-21
Cachar,lakhipur,0,2022-05-21
Hailakandi,algapur,1,2022-05-21
Hojai,hojai,22,2022-05-21
Hojai,doboka,11,2022-05-21
Hojai,lanka,0,2022-05-21
Udalguri,udalguri,0,2022-05-21
Karimganj,badarpur,7,2022-05-21
Karimganj,karimganj,0,2022-05-21
Lakhimpur,north,0,2022-05-21
Lakhimpur,narayanpur,0,2022-05-21
Lakhimpur,bihpuria,0,2022-05-21
Morigaon,morigaon,1,2022-05-21
Nagaon,nagaon,10,2022-05-21
Nagaon,raha,7,2022-05-21
Nagaon,kampur,15,2022-05-21
Nalbari,tihu,0,2022-05-21
Sonitpur,tezpur,0,2022-05-21
Kamrup,rangia,0,2022-05-21
Karimganj,badarpur,7,2022-05-22
Karimganj,karimganj,0,2022-05-22
Hojai,hojai,11,2022-05-22
Hojai,doboka,11,2022-05-22
Hailakandi,algapur,0,2022-05-22
Cachar,katigorah,76,2022-05-22
Cachar,sonai,23,2022-05-22
Cachar,udharbond,1,2022-05-22
Cachar,silchar,99,2022-05-22
Cachar,lakhipur,0,2022-05-22
Barpeta,sarthebari,0,2022-05-22
Morigaon,morigaon,1,2022-05-22
Darrang,mangaldoi,0,2022-05-22
Nagaon,nagaon,18,2022-05-22
Nagaon,raha,7,2022-05-22
Nagaon,kampur,15,2022-05-22
Morigaon,morigaon,3,2022-05-23
Karimganj,badarpur,6,2022-05-23
Karimganj,karimganj,0,2022-05-23
Dibrugarh,chabua,0,2022-05-23
Udalguri,udalguri,0,2022-05-23
Karbi Anglong West,donkamokam,0,2022-05-23
Cachar,udharbond,1,2022-05-23
Cachar,katigorah,102,2022-05-23
Cachar,silchar,162,2022-05-23
Cachar,sonai,23,2022-05-23
Cachar,lakhipur,0,2022-05-23
Hojai,doboka,11,2022-05-23
Hojai,hojai,3,2022-05-23
Kamrup,rangia,0,2022-05-23
Kamrup,kayan,0,2022-05-23
Kamrup,kamalpur,0,2022-05-23
Barpeta,sarthebari,0,2022-05-23
Nagaon,kampur,15,2022-05-23
Nagaon,raha,7,2022-05-23
Nagaon,nagaon,26,2022-05-23
Hailakandi,algapur,3,2022-05-23
Dima-Hasao,haflong,4,2022-05-23
Barpeta,sarthebari,0,2022-05-24
Nagaon,nagaon,25,2022-05-24
Nagaon,kampur,9,2022-05-24
Nagaon,raha,7,2022-05-24
Morigaon,morigaon,3,2022-05-24
Karimganj,badarpur,2,2022-05-24
Karimganj,karimganj,0,2022-05-24
Kamrup,kamalpur,0,2022-05-24
Karbi Anglong West,donkamokam,0,2022-05-24
Hailakandi,algapur,1,2022-05-24
Goalpara,balijana,0,2022-05-24
Goalpara,lakhipur,0,2022-05-24
Dima-Hasao,haflong,11,2022-05-24
Darrang,mangaldoi,0,2022-05-24
Darrang,dalgaon,0,2022-05-24
Cachar,katigorah,100,2022-05-24
Cachar,sonai,23,2022-05-24
Cachar,silchar,161,2022-05-24
Cachar,udharbond,0,2022-05-24
Cachar,lakhipur,0,2022-05-24
Hojai,hojai,2,2022-05-24
Hojai,doboka,2,2022-05-24
Karimganj,badarpur,1,2022-05-25
Karimganj,karimganj,0,2022-05-25
Nagaon,nagaon,26,2022-05-25
Nagaon,kampur,8,2022-05-25
Nagaon,raha,7,2022-05-25
Karbi Anglong West,donkamokam,0,2022-05-25
Morigaon,morigaon,3,2022-05-25
Hojai,hojai,2,2022-05-25
Hailakandi,algapur,1,2022-05-25
Dima-Hasao,haflong,3,2022-05-25
Cachar,sonai,20,2022-05-25
Cachar,silchar,153,2022-05-25
Cachar,katigorah,86,2022-05-25
Cachar,udharbond,0,2022-05-25
Cachar,lakhipur,0,2022-05-25
Kamrup,kamalpur,0,2022-05-25
Nagaon,nagaon,26,2022-05-26
Nagaon,kampur,6,2022-05-26
Nagaon,raha,7,2022-05-26
Morigaon,morigaon,3,2022-05-26
Cachar,sonai,12,2022-05-26
Cachar,silchar,153,2022-05-26
Cachar,katigorah,86,2022-05-26
Cachar,udharbond,0,2022-05-26
Cachar,lakhipur,0,2022-05-26
Hailakandi,algapur,1,2022-05-26
Karbi Anglong West,donkamokam,0,2022-05-26
Dima-Hasao,haflong,1,2022-05-26
Nagaon,nagaon,26,2022-05-27
Nagaon,kampur,6,2022-05-27
Nagaon,raha,7,2022-05-27
Morigaon,morigaon,3,2022-05-27
Dima-Hasao,haflong,1,2022-05-27
Cachar,sonai,12,2022-05-27
Cachar,silchar,59,2022-05-27
Cachar,katigorah,86,2022-05-27
Hailakandi,algapur,1,2022-05-27
Cachar,silchar,49,2022-05-28
Cachar,sonai,2,2022-05-28
Cachar,katigorah,58,2022-05-28
Dima-Hasao,haflong,0,2022-05-28
Morigaon,morigaon,3,2022-05-28
Nagaon,nagaon,19,2022-05-28
Nagaon,raha,7,2022-05-28
Nagaon,kampur,5,2022-05-28
Hojai,hojai,0,2022-05-28
Cachar,katigorah,40,2022-05-29
Cachar,silchar,42,2022-05-29
Cachar,sonai,2,2022-05-29
Dima-Hasao,haflong,0,2022-05-29
Morigaon,morigaon,3,2022-05-29
Nagaon,nagaon,6,2022-05-29
Nagaon,raha,7,2022-05-29
Nagaon,kampur,4,2022-05-29
Cachar,silchar,1,2022-01-06
Nagaon,nagaon,1,2022-01-06
Nagaon,kampur,2,2022-01-06
Dima-Hasao,haflong,0,2022-01-06
Morigaon,morigaon,3,2022-01-06
Cachar,silchar,1,2022-02-06
Dima-Hasao,haflong,0,2022-02-06
Morigaon,morigaon,3,2022-02-06
Cachar,silchar,1,2022-03-06
Dima-Hasao,haflong,0,2022-03-06
Morigaon,morigaon,3,2022-03-06
Nagaon,kampur,0,2022-04-06
Morigaon,morigaon,3,2022-04-06
Cachar,silchar,1,2022-04-06
Morigaon,morigaon,1,2022-05-06
Cachar,silchar,1,2022-05-06
Cachar,silchar,1,2022-06-06
Dima-Hasao,haflong,0,2022-07-06
Cachar,silchar,1,2022-07-06
Dima-Hasao,haflong,0,2022-08-06
Cachar,silchar,1,2022-08-06
Dhemaji,gogamukh,0,2022-09-06
Dima-Hasao,haflong,0,2022-09-06
Dhemaji,gogamukh,0,2022-06-13
Dima-Hasao,haflong,0,2022-06-13
Dima-Hasao,haflong,0,2022-06-15
Dhemaji,sissiborgaon,0,2022-06-15
Baksa,barama,1,2022-06-15
Bajali,bajali,1,2022-06-15
Kamrup (M),guwahati,1,2022-06-15
Kamrup (M),dispur,2,2022-06-15
Kokrajhar,kokrajhar,2,2022-06-15
Hojai,hojai,18,2022-06-16
Goalpara,balijana,7,2022-06-16
Goalpara,lakhipur,3,2022-06-16
Dima-Hasao,haflong,22,2022-06-16
Chirang,bijni,1,2022-06-16
Chirang,sidli,0,2022-06-16
Dhubri,chapar,1,2022-06-16
Dhubri,bilasipara,7,2022-06-16
Dhubri,athani,3,2022-06-16
Darrang,patharighat,0,2022-06-16
Bongaigaon,manikpur,1,2022-06-16
Bongaigaon,bongaigaon,1,2022-06-16
Bongaigaon,dangtol,4,2022-06-16
Dibrugarh,chabua,0,2022-06-16
Kamrup,rangia,3,2022-06-16
Kamrup,kayan,3,2022-06-16
Tamulpur,tamulpur,3,2022-06-16
Kokrajhar,bhawraguri,6,2022-06-16
Kokrajhar,gossaigaon,9,2022-06-16
Kokrajhar,kokrajhar,11,2022-06-16
Nalbari,ghograpar,2,2022-06-16
Nalbari,paschim,5,2022-06-16
Nalbari,nalbari,7,2022-06-16
Udalguri,udalguri,4,2022-06-16
Udalguri,kalaigaon,0,2022-06-16
Barpeta,barpeta,2,2022-06-16
Bajali,bajali,12,2022-06-16
Kamrup (M),guwahati,2,2022-06-16
Kamrup (M),dispur,3,2022-06-16
Baksa,baganpara,1,2022-06-16
Baksa,barama,2,2022-06-16
Baksa,baska,6,2022-06-16
Baksa,jalah,1,2022-06-16
Tamulpur,tamulpur,5,2022-06-17
Tamulpur,goreswar,5,2022-06-17
Tinsukia,doomdooma,4,2022-06-17
Tinsukia,tinsukia,0,2022-06-17
Udalguri,udalguri,8,2022-06-17
Udalguri,mazbat,2,2022-06-17
Udalguri,kalaigaon,4,2022-06-17
Udalguri,khairabari,0,2022-06-17
Udalguri,harisinga,0,2022-06-17
Dhemaji,jonai,0,2022-06-17
Dhemaji,dhemaji,0,2022-06-17
Nalbari,banekuchi,12,2022-06-17
Nalbari,paschim,10,2022-06-17
Nalbari,ghograpar,2,2022-06-17
Nalbari,barbhag,3,2022-06-17
Nalbari,nalbari,11,2022-06-17
Nalbari,tihu,16,2022-06-17
Chirang,bijni,1,2022-06-17
Chirang,sidli,0,2022-06-17
Chirang,bengtal,0,2022-06-17
Bongaigaon,manikpur,1,2022-06-17
Bongaigaon,bongaigaon,1,2022-06-17
Bongaigaon,boitamari,3,2022-06-17
Bongaigaon,dangtol,8,2022-06-17
Bongaigaon,srijangram,5,2022-06-17
Barpeta,barpeta,29,2022-06-17
Barpeta,sarthebari,3,2022-06-17
Barpeta,chenga,3,2022-06-17
Baksa,baska,6,2022-06-17
Baksa,barama,3,2022-06-17
Baksa,jalah,1,2022-06-17
Baksa,baganpara,0,2022-06-17
Bajali,bajali,29,2022-06-17
Bajali,sarupeta,0,2022-06-17
Dhubri,chapar,3,2022-06-17
Dhubri,athani,4,2022-06-17
Dhubri,bilasipara,18,2022-06-17
Dima-Hasao,haflong,20,2022-06-17
Goalpara,balijana,10,2022-06-17
Goalpara,matia,3,2022-06-17
Goalpara,lakhipur,10,2022-06-17
Hojai,hojai,25,2022-06-17
Hojai,doboka,11,2022-06-17
Hojai,lanka,0,2022-06-17
Kamrup,rangia,5,2022-06-17
Kamrup,kayan,3,2022-06-17
Kamrup,north,2,2022-06-17
Kamrup,hajo,6,2022-06-17
Kamrup (M),guwahati,2,2022-06-17
Kamrup (M),dispur,3,2022-06-17
Karbi Anglong West,donkamokam,0,2022-06-17
Kokrajhar,bagribari,7,2022-06-17
Kokrajhar,kokrajhar,24,2022-06-17
Kokrajhar,bhawraguri,6,2022-06-17
Kokrajhar,gossaigaon,11,2022-06-17
Kokrajhar,dotma,8,2022-06-17
Lakhimpur,north,0,2022-06-17
Lakhimpur,subansiri,0,2022-06-17
Lakhimpur,kadam,0,2022-06-17
Nagaon,kampur,3,2022-06-17
Sonitpur,chariduar,1,2022-06-17
Sonitpur,dhekiajuli,0,2022-06-17
Darrang,patharighat,2,2022-06-17
Darrang,mangaldoi,9,2022-06-17
Darrang,sipajhar,2,2022-06-17
Bajali,bajali,33,2022-06-18
Bajali,sarupeta,9,2022-06-18
Nalbari,ghograpar,2,2022-06-18
Nalbari,tihu,18,2022-06-18
Nalbari,nalbari,16,2022-06-18
Nalbari,banekuchi,17,2022-06-18
Nalbari,paschim,10,2022-06-18
Nalbari,barbhag,11,2022-06-18
Kamrup,rangia,7,2022-06-18
Kamrup,kamalpur,3,2022-06-18
Kamrup,north,2,2022-06-18
Kamrup,hajo,3,2022-06-18
Kamrup,kayan,0,2022-06-18
Hojai,hojai,34,2022-06-18
Hojai,doboka,12,2022-06-18
Hojai,lanka,0,2022-06-18
Goalpara,matia,3,2022-06-18
Goalpara,balijana,20,2022-06-18
Goalpara,lakhipur,21,2022-06-18
Karimganj,badarpur,1,2022-06-18
Karimganj,patherkandi,1,2022-06-18
Karimganj,karimganj,0,2022-06-18
Kokrajhar,bhawraguri,1,2022-06-18
Kokrajhar,gossaigaon,4,2022-06-18
Kokrajhar,dotma,8,2022-06-18
Kokrajhar,kokrajhar,6,2022-06-18
Kokrajhar,bagribari,9,2022-06-18
Lakhimpur,subansiri,0,2022-06-18
Lakhimpur,bihpuria,0,2022-06-18
Lakhimpur,dhakuakhana,0,2022-06-18
Lakhimpur,north,0,2022-06-18
Lakhimpur,kadam,0,2022-06-18
Lakhimpur,nowboicha,0,2022-06-18
Nagaon,raha,2,2022-06-18
Nagaon,kampur,7,2022-06-18
Nagaon,nagaon,4,2022-06-18
Baksa,baska,6,2022-06-18
Baksa,baganpara,1,2022-06-18
Baksa,barama,4,2022-06-18
Baksa,jalah,0,2022-06-18
Sonitpur,chariduar,1,2022-06-18
Sonitpur,dhekiajuli,1,2022-06-18
Sonitpur,thelamara,0,2022-06-18
Sonitpur,tezpur,0,2022-06-18
Tamulpur,goreswar,7,2022-06-18
Tamulpur,tamulpur,10,2022-06-18
Tinsukia,doomdooma,4,2022-06-18
Kamrup (M),guwahati,2,2022-06-18
Kamrup (M),dispur,1,2022-06-18
Dima-Hasao,haflong,25,2022-06-18
Dhemaji,dhemaji,0,2022-06-18
Dhemaji,gogamukh,0,2022-06-18
Dhemaji,sissiborgaon,0,2022-06-18
Dhemaji,jonai,0,2022-06-18
Darrang,dalgaon,1,2022-06-18
Darrang,patharighat,3,2022-06-18
Darrang,mangaldoi,9,2022-06-18
Darrang,sipajhar,3,2022-06-18
Chirang,bijni,12,2022-06-18
Chirang,bengtal,1,2022-06-18
Chirang,sidli,0,2022-06-18
Udalguri,udalguri,11,2022-06-18
Udalguri,mazbat,9,2022-06-18
Udalguri,kalaigaon,9,2022-06-18
Udalguri,harisinga,4,2022-06-18
Udalguri,khairabari,0,2022-06-18
Cachar,silchar,2,2022-06-18
Cachar,katigorah,1,2022-06-18
Bongaigaon,manikpur,3,2022-06-18
Bongaigaon,boitamari,3,2022-06-18
Bongaigaon,srijangram,18,2022-06-18
Barpeta,chenga,18,2022-06-18
Barpeta,barpeta,33,2022-06-18
Barpeta,sarthebari,6,2022-06-18
Dhubri,bilasipara,33,2022-06-18
Dhubri,golakganj,1,2022-06-18
Dhubri,athani,4,2022-06-18
Dhubri,chapar,4,2022-06-18
Karbi Anglong West,donkamokam,0,2022-06-18
Kamrup (M),guwahati,2,2022-06-20
Karbi Anglong West,donkamokam,0,2022-06-20
Karimganj,karimganj,19,2022-06-20
Karimganj,badarpur,18,2022-06-20
Karimganj,patherkandi,3,2022-06-20
Karimganj,rk,0,2022-06-20
Karimganj,nilambazar,0,2022-06-20
Lakhimpur,bihpuria,0,2022-06-20
Lakhimpur,dhakuakhana,0,2022-06-20
Lakhimpur,nowboicha,0,2022-06-20
Lakhimpur,subansiri,0,2022-06-20
Lakhimpur,north,0,2022-06-20
Morigaon,morigaon,0,2022-06-20
Morigaon,bhuragaon,0,2022-06-20
Hojai,doboka,14,2022-06-20
Hojai,hojai,34,2022-06-20
Hojai,lanka,0,2022-06-20
Nagaon,nagaon,22,2022-06-20
Nagaon,raha,11,2022-06-20
Nagaon,kampur,17,2022-06-20
Nagaon,samaguri,0,2022-06-20
Hailakandi,algapur,3,2022-06-20
Hailakandi,katlicherra,2,2022-06-20
Hailakandi,lala,0,2022-06-20
Hailakandi,hailakandi,0,2022-06-20
Golaghat,bokakhat,0,2022-06-20
Goalpara,balijana,28,2022-06-20
Goalpara,matia,6,2022-06-20
Goalpara,lakhipur,30,2022-06-20
Dima-Hasao,haflong,25,2022-06-20
Dhubri,chapar,2,2022-06-20
Dhubri,athani,4,2022-06-20
Dhubri,dhubri,1,2022-06-20
Dhubri,golakganj,1,2022-06-20
Dhubri,bilasipara,29,2022-06-20
Dhemaji,jonai,0,2022-06-20
Dhemaji,gogamukh,0,2022-06-20
Darrang,mangaldoi,5,2022-06-20
Darrang,patharighat,4,2022-06-20
Darrang,dalgaon,1,2022-06-20
Darrang,sipajhar,6,2022-06-20
Chirang,bijni,10,2022-06-20
Chirang,bengtal,2,2022-06-20
Cachar,silchar,58,2022-06-20
Cachar,sonai,14,2022-06-20
Cachar,udharbond,1,2022-06-20
Cachar,katigorah,37,2022-06-20
Cachar,lakhipur,19,2022-06-20
Bongaigaon,boitamari,2,2022-06-20
Bongaigaon,manikpur,2,2022-06-20
Bongaigaon,srijangram,26,2022-06-20
Biswanath,biswanath,0,2022-06-20
Barpeta,baghbar,5,2022-06-20
Barpeta,barpeta,39,2022-06-20
Barpeta,sarthebari,15,2022-06-20
Barpeta,chenga,37,2022-06-20
Barpeta,barnagar,0,2022-06-20
Kamrup,rangia,18,2022-06-20
Kamrup,kayan,1,2022-06-20
Kamrup,kamalpur,17,2022-06-20
Kamrup,hajo,10,2022-06-20
Kamrup,north,4,2022-06-20
Bajali,sarupeta,9,2022-06-20
Bajali,bajali,37,2022-06-20
Baksa,baska,1,2022-06-20
Baksa,baganpara,1,2022-06-20
Baksa,barama,3,2022-06-20
Baksa,barnagar,0,2022-06-20
Sonitpur,chariduar,1,2022-06-20
Sonitpur,dhekiajuli,1,2022-06-20
Sonitpur,thelamara,0,2022-06-20
Sonitpur,tezpur,0,2022-06-20
Tamulpur,tamulpur,14,2022-06-20
Tamulpur,goreswar,8,2022-06-20
Tinsukia,doomdooma,1,2022-06-20
Tinsukia,tinsukia,0,2022-06-20
Udalguri,udalguri,10,2022-06-20
Udalguri,mazbat,7,2022-06-20
Udalguri,kalaigaon,3,2022-06-20
Udalguri,harisinga,5,2022-06-20
Udalguri,khairabari,0,2022-06-20
Nalbari,tihu,20,2022-06-20
Nalbari,paschim,21,2022-06-20
Nalbari,banekuchi,14,2022-06-20
Nalbari,barkhetri,1,2022-06-20
Nalbari,barbhag,20,2022-06-20
Nalbari,nalbari,29,2022-06-20
Nalbari,ghograpar,0,2022-06-20
Bongaigaon,manikpur,3,2022-06-21
Bongaigaon,boitamari,2,2022-06-21
Bongaigaon,srijangram,27,2022-06-21
Cachar,silchar,57,2022-06-21
Cachar,lakhipur,22,2022-06-21
Cachar,sonai,14,2022-06-21
Cachar,udharbond,1,2022-06-21
Cachar,katigorah,45,2022-06-21
Chirang,bijni,4,2022-06-21
Chirang,bengtal,2,2022-06-21
Darrang,mangaldoi,4,2022-06-21
Darrang,dalgaon,1,2022-06-21
Darrang,sipajhar,7,2022-06-21
Darrang,patharighat,0,2022-06-21
Dhemaji,jonai,0,2022-06-21
Dhemaji,sissiborgaon,0,2022-06-21
Dhubri,dhubri,2,2022-06-21
Dhubri,chapar,1,2022-06-21
Dhubri,bilasipara,29,2022-06-21
Dhubri,athani,4,2022-06-21
Dhubri,south,0,2022-06-21
Dima-Hasao,haflong,27,2022-06-21
Hailakandi,algapur,0,2022-06-21
Hailakandi,hailakandi,0,2022-06-21
Hailakandi,lala,0,2022-06-21
Golaghat,bokakhat,0,2022-06-21
Hojai,hojai,31,2022-06-21
Hojai,doboka,14,2022-06-21
Hojai,lanka,0,2022-06-21
Kamrup,rangia,23,2022-06-21
Kamrup,kayan,19,2022-06-21
Kamrup,kamalpur,25,2022-06-21
Kamrup,hajo,6,2022-06-21
Kamrup,north,12,2022-06-21
Karbi Anglong West,donkamokam,0,2022-06-21
Karimganj,patherkandi,3,2022-06-21
Karimganj,badarpur,20,2022-06-21
Karimganj,karimganj,23,2022-06-21
Karimganj,nilambazar,0,2022-06-21
Karimganj,rk,0,2022-06-21
Barpeta,barpeta,76,2022-06-21
Barpeta,chenga,37,2022-06-21
Barpeta,baghbar,10,2022-06-21
Barpeta,sarthebari,9,2022-06-21
Barpeta,barnagar,0,2022-06-21
Baksa,barama,2,2022-06-21
Goalpara,matia,5,2022-06-21
Goalpara,balijana,40,2022-06-21
Goalpara,lakhipur,41,2022-06-21
Biswanath,halem,0,2022-06-21
Bajali,sarupeta,9,2022-06-21
Bajali,bajali,11,2022-06-21
Majuli,majuli,0,2022-06-21
Morigaon,mayong,0,2022-06-21
Morigaon,bhuragaon,0,2022-06-21
Morigaon,morigaon,0,2022-06-21
Nagaon,nagaon,26,2022-06-21
Nagaon,kampur,17,2022-06-21
Nagaon,raha,13,2022-06-21
Nalbari,barkhetri,4,2022-06-21
Nalbari,banekuchi,9,2022-06-21
Nalbari,tihu,20,2022-06-21
Nalbari,barbhag,20,2022-06-21
Nalbari,paschim,21,2022-06-21
Nalbari,nalbari,29,2022-06-21
Nalbari,ghograpar,0,2022-06-21
Sonitpur,dhekiajuli,1,2022-06-21
Sonitpur,chariduar,0,2022-06-21
Sonitpur,thelamara,0,2022-06-21
Sonitpur,tezpur,0,2022-06-21
South Salmara,south,0,2022-06-21
South Salmara,mankachar,0,2022-06-21
Tamulpur,goreswar,6,2022-06-21
Tamulpur,tamulpur,13,2022-06-21
Udalguri,udalguri,5,2022-06-21
Udalguri,mazbat,6,2022-06-21
Udalguri,harisinga,2,2022-06-21
Udalguri,kalaigaon,2,2022-06-21
Udalguri,khairabari,0,2022-06-21
Lakhimpur,bihpuria,0,2022-06-21
Lakhimpur,nowboicha,0,2022-06-21
Lakhimpur,subansiri,0,2022-06-21
Lakhimpur,narayanpur,0,2022-06-21
Lakhimpur,north,0,2022-06-21
Karimganj,badarpur,23,2022-06-22
Karimganj,karimganj,37,2022-06-22
Karimganj,patherkandi,5,2022-06-22
Karimganj,nilambazar,0,2022-06-22
Karimganj,rk,0,2022-06-22
Lakhimpur,subansiri,0,2022-06-22
Lakhimpur,bihpuria,0,2022-06-22
Lakhimpur,dhakuakhana,0,2022-06-22
Lakhimpur,narayanpur,0,2022-06-22
Lakhimpur,nowboicha,0,2022-06-22
Majuli,majuli,0,2022-06-22
Morigaon,morigaon,1,2022-06-22
Morigaon,mayong,0,2022-06-22
Nagaon,nagaon,33,2022-06-22
Nagaon,kampur,17,2022-06-22
Nagaon,raha,13,2022-06-22
Nagaon,kaliabor,0,2022-06-22
Tamulpur,goreswar,6,2022-06-22
Tamulpur,tamulpur,4,2022-06-22
Sonitpur,dhekiajuli,1,2022-06-22
Sonitpur,thelamara,0,2022-06-22
Sonitpur,chariduar,0,2022-06-22
Sonitpur,tezpur,0,2022-06-22
South Salmara,mankachar,10,2022-06-22
South Salmara,south,0,2022-06-22
Karbi Anglong West,donkamokam,0,2022-06-22
Udalguri,harisinga,2,2022-06-22
Udalguri,udalguri,3,2022-06-22
Udalguri,mazbat,6,2022-06-22
Udalguri,kalaigaon,2,2022-06-22
Nalbari,tihu,20,2022-06-22
Nalbari,paschim,18,2022-06-22
Nalbari,barbhag,20,2022-06-22
Nalbari,banekuchi,3,2022-06-22
Nalbari,barkhetri,4,2022-06-22
Nalbari,nalbari,4,2022-06-22
Nalbari,ghograpar,0,2022-06-22
Kamrup (M),sonapur,0,2022-06-22
Barpeta,baghbar,15,2022-06-22
Barpeta,barpeta,79,2022-06-22
Barpeta,sarthebari,11,2022-06-22
Barpeta,chenga,37,2022-06-22
Barpeta,kalgachia,0,2022-06-22
Hojai,hojai,19,2022-06-22
Hojai,doboka,14,2022-06-22
Hojai,lanka,0,2022-06-22
Bajali,sarupeta,10,2022-06-22
Bajali,bajali,3,2022-06-22
Baksa,barama,1,2022-06-22
Baksa,barnagar,0,2022-06-22
Bongaigaon,boitamari,2,2022-06-22
Bongaigaon,manikpur,3,2022-06-22
Bongaigaon,srijangram,10,2022-06-22
Chirang,bijni,4,2022-06-22
Chirang,bengtal,4,2022-06-22
Darrang,dalgaon,1,2022-06-22
Darrang,sipajhar,5,2022-06-22
Darrang,mangaldoi,4,2022-06-22
Darrang,patharighat,0,2022-06-22
Cachar,katigorah,45,2022-06-22
Cachar,lakhipur,22,2022-06-22
Cachar,silchar,63,2022-06-22
Cachar,sonai,44,2022-06-22
Cachar,udharbond,1,2022-06-22
Dibrugarh,chabua,0,2022-06-22
Dima-Hasao,haflong,28,2022-06-22
Goalpara,matia,4,2022-06-22
Goalpara,lakhipur,50,2022-06-22
Goalpara,balijana,27,2022-06-22
Golaghat,bokakhat,0,2022-06-22
Hailakandi,hailakandi,7,2022-06-22
Hailakandi,lala,2,2022-06-22
Hailakandi,algapur,0,2022-06-22
Hailakandi,katlicherra,0,2022-06-22
Dhubri,dhubri,4,2022-06-22
Dhubri,bilasipara,15,2022-06-22
Dhubri,athani,2,2022-06-22
Dhubri,south,0,2022-06-22
Kamrup,rangia,18,2022-06-22
Kamrup,north,14,2022-06-22
Kamrup,kamalpur,25,2022-06-22
Kamrup,kayan,19,2022-06-22
Kamrup,hajo,1,2022-06-22
Morigaon,morigaon,1,2022-06-23
Morigaon,mayong,0,2022-06-23
Morigaon,mikirbheta,0,2022-06-23
Karbi Anglong West,donkamokam,0,2022-06-23
Karimganj,nilambazar,5,2022-06-23
Karimganj,badarpur,23,2022-06-23
Karimganj,karimganj,38,2022-06-23
Karimganj,patherkandi,5,2022-06-23
Karimganj,rk,0,2022-06-23
Lakhimpur,bihpuria,0,2022-06-23
Lakhimpur,north,0,2022-06-23
Lakhimpur,nowboicha,0,2022-06-23
Lakhimpur,kadam,0,2022-06-23
Majuli,majuli,0,2022-06-23
Tinsukia,tinsukia,0,2022-06-23
Sonitpur,dhekiajuli,1,2022-06-23
South Salmara,mankachar,9,2022-06-23
South Salmara,south,0,2022-06-23
Tamulpur,goreswar,5,2022-06-23
Tamulpur,tamulpur,2,2022-06-23
Kamrup (M),chandrapur,0,2022-06-23
Udalguri,udalguri,3,2022-06-23
Udalguri,mazbat,6,2022-06-23
Nalbari,paschim,17,2022-06-23
Nalbari,barbhag,16,2022-06-23
Nalbari,tihu,4,2022-06-23
Nalbari,barkhetri,4,2022-06-23
Nalbari,nalbari,2,2022-06-23
Kamrup,rangia,13,2022-06-23
Kamrup,hajo,2,2022-06-23
Kamrup,kayan,17,2022-06-23
Kamrup,kamalpur,19,2022-06-23
Kamrup,north,13,2022-06-23
Kamrup,palashbari,0,2022-06-23
Kamrup,chamaria,0,2022-06-23
Nagaon,nagaon,35,2022-06-23
Nagaon,kampur,17,2022-06-23
Nagaon,raha,12,2022-06-23
Hailakandi,algapur,1,2022-06-23
Hailakandi,hailakandi,1,2022-06-23
Hailakandi,lala,0,2022-06-23
Hojai,hojai,14,2022-06-23
Hojai,doboka,14,2022-06-23
Hojai,lanka,0,2022-06-23
Bajali,sarupeta,11,2022-06-23
Bajali,bajali,2,2022-06-23
Baksa,barnagar,0,2022-06-23
Barpeta,barpeta,80,2022-06-23
Barpeta,baghbar,17,2022-06-23
Barpeta,chenga,37,2022-06-23
Barpeta,sarthebari,11,2022-06-23
Barpeta,kalgachia,0,2022-06-23
Bongaigaon,boitamari,2,2022-06-23
Bongaigaon,manikpur,3,2022-06-23
Bongaigaon,srijangram,4,2022-06-23
Cachar,katigorah,45,2022-06-23
Cachar,silchar,63,2022-06-23
Cachar,sonai,44,2022-06-23
Cachar,lakhipur,22,2022-06-23
Cachar,udharbond,1,2022-06-23
Goalpara,matia,3,2022-06-23
Goalpara,lakhipur,43,2022-06-23
Goalpara,balijana,18,2022-06-23
Darrang,mangaldoi,2,2022-06-23
Darrang,sipajhar,3,2022-06-23
Darrang,dalgaon,1,2022-06-23
Darrang,patharighat,0,2022-06-23
Chirang,bijni,3,2022-06-23
Chirang,bengtal,3,2022-06-23
Dhemaji,jonai,0,2022-06-23
Dhemaji,dhemaji,0,2022-06-23
Dhubri,bilasipara,10,2022-06-23
Dhubri,dhubri,4,2022-06-23
Dibrugarh,chabua,0,2022-06-23
Dibrugarh,dibrugarh,0,2022-06-23
Dima-Hasao,haflong,28,2022-06-23
Golaghat,bokakhat,0,2022-06-23
Karbi Anglong West,donkamokam,0,2022-06-24
Karimganj,karimganj,26,2022-06-24
Karimganj,badarpur,23,2022-06-24
Karimganj,nilambazar,5,2022-06-24
Karimganj,patherkandi,5,2022-06-24
Karimganj,rk,0,2022-06-24
Lakhimpur,bihpuria,0,2022-06-24
Lakhimpur,north,0,2022-06-24
Lakhimpur,nowboicha,0,2022-06-24
Morigaon,morigaon,1,2022-06-24
Morigaon,mayong,0,2022-06-24
Nalbari,paschim,10,2022-06-24
Nalbari,barbhag,6,2022-06-24
Nalbari,tihu,1,2022-06-24
Nalbari,nalbari,3,2022-06-24
Nalbari,barkhetri,0,2022-06-24
Kamrup,rangia,12,2022-06-24
Kamrup,kayan,10,2022-06-24
Kamrup,kamalpur,15,2022-06-24
Kamrup,north,14,2022-06-24
Kamrup,hajo,0,2022-06-24
Kamrup,chamaria,0,2022-06-24
Sonitpur,dhekiajuli,1,2022-06-24
Sonitpur,tezpur,0,2022-06-24
South Salmara,mankachar,9,2022-06-24
South Salmara,south,0,2022-06-24
Tamulpur,tamulpur,1,2022-06-24
Udalguri,udalguri,2,2022-06-24
Udalguri,khairabari,0,2022-06-24
Nagaon,kampur,17,2022-06-24
Nagaon,nagaon,36,2022-06-24
Nagaon,raha,12,2022-06-24
Hojai,hojai,12,2022-06-24
Hojai,doboka,8,2022-06-24
Dhubri,bilasipara,7,2022-06-24
Dhubri,dhubri,2,2022-06-24
Goalpara,matia,3,2022-06-24
Goalpara,lakhipur,17,2022-06-24
Goalpara,balijana,14,2022-06-24
Dima-Hasao,haflong,28,2022-06-24
Dhemaji,jonai,0,2022-06-24
Dhemaji,sissiborgaon,0,2022-06-24
Dhemaji,dhemaji,0,2022-06-24
Darrang,sipajhar,1,2022-06-24
Darrang,mangaldoi,2,2022-06-24
Darrang,patharighat,0,2022-06-24
Darrang,dalgaon,0,2022-06-24
Chirang,bijni,3,2022-06-24
Bongaigaon,srijangram,1,2022-06-24
Barpeta,barpeta,112,2022-06-24
Barpeta,baghbar,19,2022-06-24
Barpeta,chenga,37,2022-06-24
Barpeta,sarthebari,3,2022-06-24
Barpeta,kalgachia,0,2022-06-24
Baksa,baganpara,0,2022-06-24
Baksa,jalah,0,2022-06-24
Bajali,sarupeta,11,2022-06-24
Bajali,bajali,1,2022-06-24
Hailakandi,hailakandi,3,2022-06-24
Hailakandi,algapur,0,2022-06-24
Cachar,katigorah,94,2022-06-24
Cachar,lakhipur,22,2022-06-24
Cachar,silchar,63,2022-06-24
Cachar,sonai,44,2022-06-24
Cachar,udharbond,1,2022-06-24
Cachar,sonai,50,2022-06-27
Cachar,silchar,63,2022-06-27
Cachar,lakhipur,22,2022-06-27
Cachar,katigorah,94,2022-06-27
Barpeta,baghbar,20,2022-06-27
Barpeta,barpeta,60,2022-06-27
Barpeta,chenga,33,2022-06-27
Baksa,jalah,0,2022-06-27
Darrang,sipajhar,1,2022-06-27
Darrang,mangaldoi,2,2022-06-27
Lakhimpur,dhakuakhana,0,2022-06-27
Hailakandi,hailakandi,1,2022-06-27
Hailakandi,algapur,0,2022-06-27
Kamrup,kayan,2,2022-06-27
Kamrup,hajo,19,2022-06-27
Kamrup,kamalpur,2,2022-06-27
Kamrup,north,10,2022-06-27
Kamrup,rangia,0,2022-06-27
Kamrup,chamaria,0,2022-06-27
Dima-Hasao,haflong,23,2022-06-27
Karimganj,nilambazar,7,2022-06-27
Karimganj,karimganj,20,2022-06-27
Karimganj,badarpur,16,2022-06-27
Karimganj,patherkandi,3,2022-06-27
Goalpara,lakhipur,9,2022-06-27
Udalguri,udalguri,2,2022-06-27
Chirang,bijni,3,2022-06-27
Sonitpur,dhekiajuli,1,2022-06-27
Nalbari,paschim,4,2022-06-27
Nalbari,barbhag,2,2022-06-27
Nagaon,nagaon,36,2022-06-27
Nagaon,kampur,17,2022-06-27
Nagaon,raha,13,2022-06-27
Morigaon,morigaon,1,2022-06-27
Morigaon,mikirbheta,0,2022-06-27
Morigaon,mayong,0,2022-06-27
Tamulpur,goreswar,2,2022-06-27
Majuli,majuli,0,2022-06-27
Udalguri,udalguri,2,2022-06-28
Bajali,sarupeta,7,2022-06-28
Tinsukia,doomdooma,0,2022-06-28
Tamulpur,goreswar,2,2022-06-28
Sonitpur,dhekiajuli,1,2022-06-28
Cachar,katigorah,94,2022-06-28
Cachar,sonai,50,2022-06-28
Cachar,silchar,63,2022-06-28
Cachar,lakhipur,26,2022-06-28
Morigaon,morigaon,1,2022-06-28
Morigaon,mikirbheta,0,2022-06-28
Morigaon,mayong,0,2022-06-28
Biswanath,halem,1,2022-06-28
Biswanath,gohpur,1,2022-06-28
Bongaigaon,manikpur,0,2022-06-28
Bongaigaon,srijangram,0,2022-06-28
Chirang,bijni,9,2022-06-28
Chirang,bengtal,2,2022-06-28
Chirang,sidli,0,2022-06-28
Darrang,mangaldoi,2,2022-06-28
Darrang,sipajhar,1,2022-06-28
Dhemaji,dhemaji,1,2022-06-28
Dhemaji,sissiborgaon,0,2022-06-28
Dima-Hasao,haflong,23,2022-06-28
Nalbari,paschim,2,2022-06-28
Nalbari,barbhag,2,2022-06-28
Goalpara,lakhipur,9,2022-06-28
Hojai,hojai,4,2022-06-28
Kamrup,north,6,2022-06-28
Kamrup,kayan,2,2022-06-28
Kamrup,kamalpur,2,2022-06-28
Kamrup,hajo,16,2022-06-28
Karimganj,nilambazar,7,2022-06-28
Karimganj,karimganj,20,2022-06-28
Karimganj,rk,5,2022-06-28
Karimganj,badarpur,16,2022-06-28
Karimganj,patherkandi,3,2022-06-28
Lakhimpur,dhakuakhana,0,2022-06-28
Lakhimpur,bihpuria,0,2022-06-28
Majuli,ujani,0,2022-06-28
Hailakandi,hailakandi,1,2022-06-28
Hailakandi,algapur,0,2022-06-28
Nagaon,nagaon,36,2022-06-28
Nagaon,raha,13,2022-06-28
Nagaon,kampur,17,2022-06-28
Barpeta,barpeta,56,2022-06-28
Barpeta,baghbar,20,2022-06-28
Barpeta,chenga,32,2022-06-28
Barpeta,sarthebari,0,2022-06-28
Sonitpur,dhekiajuli,1,2022-06-29
Bajali,sarupeta,7,2022-06-29
Barpeta,barpeta,56,2022-06-29
Barpeta,baghbar,20,2022-06-29
Barpeta,chenga,32,2022-06-29
Tamulpur,goreswar,2,2022-06-29
Cachar,silchar,87,2022-06-29
Cachar,lakhipur,18,2022-06-29
Cachar,sonai,50,2022-06-29
Cachar,katigorah,94,2022-06-29
Chirang,bijni,5,2022-06-29
Chirang,bengtal,2,2022-06-29
Darrang,mangaldoi,2,2022-06-29
Darrang,sipajhar,1,2022-06-29
Dhemaji,dhemaji,1,2022-06-29
Dhemaji,sissiborgaon,0,2022-06-29
Dibrugarh,moran,0,2022-06-29
Dima-Hasao,haflong,23,2022-06-29
Hailakandi,algapur,0,2022-06-29
Hojai,hojai,4,2022-06-29
Hojai,lanka,0,2022-06-29
Kamrup,hajo,17,2022-06-29
Kamrup,kayan,2,2022-06-29
Kamrup,north,5,2022-06-29
Biswanath,halem,5,2022-06-29
Biswanath,gohpur,2,2022-06-29
Biswanath,biswanath,0,2022-06-29
Lakhimpur,narayanpur,4,2022-06-29
Lakhimpur,subansiri,0,2022-06-29
Lakhimpur,north,0,2022-06-29
Nalbari,paschim,1,2022-06-29
Nalbari,barbhag,1,2022-06-29
Tinsukia,doomdooma,2,2022-06-29
Tinsukia,tinsukia,0,2022-06-29
Udalguri,udalguri,2,2022-06-29
Karimganj,nilambazar,7,2022-06-29
Karimganj,badarpur,16,2022-06-29
Karimganj,karimganj,20,2022-06-29
Karimganj,rk,5,2022-06-29
Nagaon,kampur,17,2022-06-29
Nagaon,nagaon,35,2022-06-29
Nagaon,raha,13,2022-06-29
Morigaon,morigaon,1,2022-06-29
Morigaon,mikirbheta,0,2022-06-29
Majuli,majuli,0,2022-06-29
Majuli,ujani,0,2022-06-29
Tinsukia,doomdooma,3,2022-06-30
Tinsukia,tinsukia,2,2022-06-30
Tinsukia,sadiya,0,2022-06-30
Tamulpur,goreswar,2,2022-06-30
Sonitpur,dhekiajuli,0,2022-06-30
Nalbari,paschim,1,2022-06-30
Nalbari,barbhag,1,2022-06-30
Kamrup,kayan,2,2022-06-30
Kamrup,north,5,2022-06-30
Kamrup,hajo,16,2022-06-30
Morigaon,morigaon,1,2022-06-30
Morigaon,mikirbheta,0,2022-06-30
Majuli,majuli,0,2022-06-30
Lakhimpur,subansiri,1,2022-06-30
Lakhimpur,narayanpur,2,2022-06-30
Lakhimpur,dhakuakhana,0,2022-06-30
Lakhimpur,bihpuria,0,2022-06-30
Lakhimpur,nowboicha,0,2022-06-30
Karimganj,nilambazar,7,2022-06-30
Karimganj,karimganj,20,2022-06-30
Karimganj,rk,19,2022-06-30
Karimganj,badarpur,13,2022-06-30
Udalguri,udalguri,2,2022-06-30
Nagaon,nagaon,35,2022-06-30
Nagaon,raha,13,2022-06-30
Nagaon,kampur,17,2022-06-30
Hojai,hojai,4,2022-06-30
Dima-Hasao,haflong,23,2022-06-30
Biswanath,halem,1,2022-06-30
Biswanath,biswanath,0,2022-06-30
Cachar,silchar,109,2022-06-30
Cachar,katigorah,94,2022-06-30
Cachar,sonai,54,2022-06-30
Cachar,lakhipur,18,2022-06-30
Chirang,bengtal,2,2022-06-30
Chirang,bijni,4,2022-06-30
Hailakandi,hailakandi,1,2022-06-30
Barpeta,barpeta,40,2022-06-30
Barpeta,baghbar,12,2022-06-30
Barpeta,chenga,15,2022-06-30
Darrang,mangaldoi,2,2022-06-30
Darrang,sipajhar,1,2022-06-30
Dhemaji,dhemaji,2,2022-06-30
Dhemaji,sissiborgaon,0,2022-06-30
Dhemaji,gogamukh,0,2022-06-30
Dhemaji,jonai,0,2022-06-30
Dibrugarh,chabua,0,2022-06-30
Dibrugarh,tengakhat,0,2022-06-30
Bajali,sarupeta,7,2022-06-30
Kamrup,kayan,2,2022-01-07
Kamrup,hajo,11,2022-01-07
Kamrup,north,4,2022-01-07
Hojai,hojai,3,2022-01-07
Karimganj,nilambazar,7,2022-01-07
Karimganj,badarpur,10,2022-01-07
Karimganj,rk,6,2022-01-07
Karimganj,karimganj,15,2022-01-07
Karimganj,patherkandi,0,2022-01-07
Lakhimpur,narayanpur,2,2022-01-07
Lakhimpur,subansiri,1,2022-01-07
Lakhimpur,dhakuakhana,0,2022-01-07
Lakhimpur,bihpuria,0,2022-01-07
Lakhimpur,nowboicha,0,2022-01-07
Bajali,sarupeta,6,2022-01-07
Majuli,majuli,0,2022-01-07
Majuli,ujani,0,2022-01-07
Morigaon,morigaon,68,2022-01-07
Morigaon,mikirbheta,10,2022-01-07
Morigaon,bhuragaon,2,2022-01-07
Morigaon,mayong,2,2022-01-07
Nagaon,kampur,17,2022-01-07
Nagaon,raha,13,2022-01-07
Nagaon,nagaon,34,2022-01-07
Nalbari,paschim,1,2022-01-07
Nalbari,barbhag,1,2022-01-07
Udalguri,udalguri,2,2022-01-07
Tinsukia,tinsukia,3,2022-01-07
Tinsukia,doomdooma,3,2022-01-07
Karbi Anglong West,donkamokam,0,2022-01-07
Sonitpur,dhekiajuli,0,2022-01-07
Sonitpur,thelamara,0,2022-01-07
Sonitpur,tezpur,0,2022-01-07
Dima-Hasao,haflong,23,2022-01-07
Barpeta,barpeta,35,2022-01-07
Barpeta,chenga,8,2022-01-07
Dibrugarh,dibrugarh,3,2022-01-07
Dibrugarh,chabua,0,2022-01-07
Dibrugarh,tengakhat,0,2022-01-07
Dibrugarh,moran,0,2022-01-07
Dibrugarh,tingkhong,0,2022-01-07
Hailakandi,algapur,5,2022-01-07
Hailakandi,hailakandi,1,2022-01-07
Tamulpur,goreswar,2,2022-01-07
Darrang,sipajhar,1,2022-01-07
Chirang,bijni,4,2022-01-07
Cachar,sonai,37,2022-01-07
Cachar,katigorah,94,2022-01-07
Cachar,silchar,108,2022-01-07
Cachar,lakhipur,16,2022-01-07
Biswanath,halem,1,2022-01-07
Dhemaji,dhemaji,2,2022-01-07
Dhemaji,gogamukh,0,2022-01-07
Dhemaji,jonai,0,2022-01-07
Dhemaji,sissiborgaon,0,2022-01-07
Chirang,bijni,4,2022-02-07
Bajali,sarupeta,6,2022-02-07
Dibrugarh,dibrugarh,3,2022-02-07
Dibrugarh,chabua,0,2022-02-07
Dibrugarh,moran,0,2022-02-07
Dibrugarh,dibrugarh,0,2022-02-07
Dhemaji,sissiborgaon,0,2022-02-07
Dhemaji,jonai,0,2022-02-07
Barpeta,barpeta,35,2022-02-07
Barpeta,chenga,6,2022-02-07
Darrang,mangaldoi,0,2022-02-07
Darrang,sipajhar,0,2022-02-07
Tinsukia,tinsukia,2,2022-02-07
Tinsukia,doomdooma,3,2022-02-07
Dima-Hasao,haflong,22,2022-02-07
Hailakandi,algapur,5,2022-02-07
Hojai,hojai,3,2022-02-07
Karimganj,nilambazar,6,2022-02-07
Karimganj,karimganj,15,2022-02-07
Karimganj,rk,5,2022-02-07
Karimganj,badarpur,8,2022-02-07
Karimganj,patherkandi,0,2022-02-07
Udalguri,udalguri,2,2022-02-07
Kamrup,north,2,2022-02-07
Kamrup,kayan,2,2022-02-07
Kamrup,hajo,11,2022-02-07
Morigaon,mikirbheta,3,2022-02-07
Morigaon,morigaon,3,2022-02-07
Morigaon,bhuragaon,6,2022-02-07
Nagaon,nagaon,17,2022-02-07
Nagaon,kampur,17,2022-02-07
Nagaon,raha,13,2022-02-07
Nalbari,paschim,1,2022-02-07
Sivasagar,demow,0,2022-02-07
Sonitpur,dhekiajuli,0,2022-02-07
Sonitpur,chariduar,0,2022-02-07
Sonitpur,tezpur,0,2022-02-07
Tamulpur,goreswar,2,2022-02-07
Biswanath,halem,1,2022-02-07
Biswanath,gohpur,0,2022-02-07
Cachar,silchar,54,2022-02-07
Cachar,sonai,37,2022-02-07
Cachar,lakhipur,15,2022-02-07
Cachar,katigorah,95,2022-02-07
Lakhimpur,subansiri,0,2022-02-07
Lakhimpur,bihpuria,0,2022-02-07
Lakhimpur,narayanpur,0,2022-02-07
Lakhimpur,nowboicha,0,2022-02-07
Charaideo,sonari,0,2022-02-07
Nalbari,paschim,1,2022-03-07
Nagaon,nagaon,12,2022-03-07
Nagaon,raha,13,2022-03-07
Nagaon,kampur,17,2022-03-07
Dima-Hasao,haflong,22,2022-03-07
Morigaon,bhuragaon,7,2022-03-07
Morigaon,morigaon,11,2022-03-07
Morigaon,mikirbheta,0,2022-03-07
Lakhimpur,narayanpur,0,2022-03-07
Lakhimpur,nowboicha,0,2022-03-07
Sivasagar,demow,0,2022-03-07
Dibrugarh,dibrugarh,3,2022-03-07
Dibrugarh,dibrugarh,0,2022-03-07
Dibrugarh,moran,0,2022-03-07
Dibrugarh,naharkatia,0,2022-03-07
Dibrugarh,tengakhat,0,2022-03-07
Kamrup,north,1,2022-03-07
Kamrup,kayan,2,2022-03-07
Kamrup,hajo,5,2022-03-07
Cachar,katigorah,95,2022-03-07
Cachar,lakhipur,15,2022-03-07
Cachar,sonai,27,2022-03-07
Cachar,silchar,52,2022-03-07
Chirang,bijni,3,2022-03-07
Karimganj,nilambazar,6,2022-03-07
Karimganj,rk,5,2022-03-07
Karimganj,karimganj,15,2022-03-07
Karimganj,badarpur,8,2022-03-07
Hojai,hojai,2,2022-03-07
Tinsukia,tinsukia,1,2022-03-07
Tinsukia,doomdooma,1,2022-03-07
Hailakandi,algapur,5,2022-03-07
Udalguri,udalguri,2,2022-03-07
Udalguri,mazbat,0,2022-03-07
Tamulpur,goreswar,2,2022-03-07
Goalpara,lakhipur,0,2022-03-07
Biswanath,halem,0,2022-03-07
Barpeta,barpeta,23,2022-03-07
Barpeta,chenga,3,2022-03-07
Bajali,sarupeta,6,2022-03-07
Bajali,sarupeta,6,2022-04-07
Barpeta,barpeta,16,2022-04-07
Biswanath,halem,0,2022-04-07
Cachar,katigorah,98,2022-04-07
Cachar,silchar,50,2022-04-07
Cachar,sonai,22,2022-04-07
Cachar,lakhipur,10,2022-04-07
Chirang,bijni,3,2022-04-07
Darrang,mangaldoi,0,2022-04-07
Dibrugarh,dibrugarh,3,2022-04-07
Tamulpur,goreswar,2,2022-04-07
Udalguri,udalguri,2,2022-04-07
Hojai,hojai,3,2022-04-07
Kamrup,kayan,2,2022-04-07
Kamrup,north,1,2022-04-07
Kamrup,hajo,1,2022-04-07
Karimganj,karimganj,14,2022-04-07
Karimganj,nilambazar,6,2022-04-07
Karimganj,badarpur,8,2022-04-07
Karimganj,rk,5,2022-04-07
Lakhimpur,subansiri,0,2022-04-07
Lakhimpur,bihpuria,0,2022-04-07
Lakhimpur,north,0,2022-04-07
Morigaon,mikirbheta,2,2022-04-07
Morigaon,bhuragaon,7,2022-04-07
Morigaon,morigaon,4,2022-04-07
Nagaon,nagaon,6,2022-04-07
Nagaon,kampur,17,2022-04-07
Nagaon,raha,13,2022-04-07
Sonitpur,tezpur,0,2022-04-07
Dima-Hasao,haflong,22,2022-04-07
Hailakandi,algapur,2,2022-04-07
Dibrugarh,dibrugarh,2,2022-05-07
Dibrugarh,moran,0,2022-05-07
Dibrugarh,chabua,0,2022-05-07
Dibrugarh,dibrugarh,0,2022-05-07
Barpeta,barpeta,5,2022-05-07
Barpeta,baghbar,0,2022-05-07
Bajali,sarupeta,6,2022-05-07
Tamulpur,goreswar,2,2022-05-07
Sivasagar,demow,0,2022-05-07
Morigaon,mikirbheta,1,2022-05-07
Morigaon,morigaon,4,2022-05-07
Morigaon,bhuragaon,4,2022-05-07
Lakhimpur,subansiri,0,2022-05-07
Karimganj,nilambazar,6,2022-05-07
Karimganj,karimganj,14,2022-05-07
Karimganj,rk,4,2022-05-07
Karimganj,badarpur,8,2022-05-07
Karimganj,patherkandi,0,2022-05-07
Nagaon,nagaon,6,2022-05-07
Nagaon,raha,13,2022-05-07
Nagaon,kampur,17,2022-05-07
Hailakandi,algapur,2,2022-05-07
Dima-Hasao,haflong,21,2022-05-07
Darrang,sipajhar,0,2022-05-07
Chirang,bijni,3,2022-05-07
Cachar,sonai,21,2022-05-07
Cachar,lakhipur,10,2022-05-07
Cachar,silchar,49,2022-05-07
Cachar,katigorah,98,2022-05-07
Kamrup,kayan,2,2022-05-07
Kamrup,north,1,2022-05-07
Kamrup,kayan,2,2022-06-07
Kamrup,north,1,2022-06-07
Tamulpur,goreswar,2,2022-06-07
Nagaon,kampur,5,2022-06-07
Nagaon,nagaon,4,2022-06-07
Nagaon,raha,13,2022-06-07
Morigaon,morigaon,5,2022-06-07
Morigaon,bhuragaon,2,2022-06-07
Lakhimpur,subansiri,0,2022-06-07
Karimganj,nilambazar,6,2022-06-07
Karimganj,rk,3,2022-06-07
Karimganj,karimganj,13,2022-06-07
Karimganj,badarpur,6,2022-06-07
Hailakandi,algapur,2,2022-06-07
Biswanath,gohpur,0,2022-06-07
Dibrugarh,dibrugarh,2,2022-06-07
Dibrugarh,chabua,0,2022-06-07
Dhemaji,jonai,0,2022-06-07
Darrang,sipajhar,0,2022-06-07
Chirang,bijni,1,2022-06-07
Cachar,silchar,46,2022-06-07
Cachar,katigorah,98,2022-06-07
Cachar,sonai,19,2022-06-07
Cachar,lakhipur,10,2022-06-07
Bajali,sarupeta,5,2022-06-07
Dima-Hasao,haflong,21,2022-06-07
Sivasagar,sivsagar,0,2022-06-07
Sivasagar,demow,0,2022-06-07
Bajali,sarupeta,5,2022-07-07
Nagaon,kampur,4,2022-07-07
Nagaon,raha,13,2022-07-07
Dibrugarh,dibrugarh,1,2022-07-07
Dibrugarh,dibrugarh,0,2022-07-07
Sivasagar,sivsagar,0,2022-07-07
Sivasagar,demow,0,2022-07-07
Dima-Hasao,haflong,21,2022-07-07
Hailakandi,algapur,2,2022-07-07
Hailakandi,hailakandi,0,2022-07-07
Chirang,bijni,1,2022-07-07
Kamrup,kayan,2,2022-07-07
Kamrup,north,1,2022-07-07
Cachar,lakhipur,10,2022-07-07
Cachar,silchar,46,2022-07-07
Cachar,sonai,12,2022-07-07
Cachar,katigorah,56,2022-07-07
Morigaon,morigaon,4,2022-07-07
Tamulpur,goreswar,2,2022-07-07
Karimganj,rk,3,2022-07-07
Karimganj,karimganj,12,2022-07-07
Karimganj,nilambazar,6,2022-07-07
Karimganj,badarpur,6,2022-07-07
Dibrugarh,dibrugarh,0,2022-08-07
Dibrugarh,naharkatia,0,2022-08-07
Cachar,sonai,1,2022-08-07
Cachar,silchar,40,2022-08-07
Cachar,lakhipur,10,2022-08-07
Cachar,katigorah,56,2022-08-07
Bajali,sarupeta,4,2022-08-07
Dima-Hasao,haflong,21,2022-08-07
Karimganj,nilambazar,5,2022-08-07
Karimganj,karimganj,9,2022-08-07
Karimganj,badarpur,4,2022-08-07
Karimganj,patherkandi,0,2022-08-07
Chirang,bijni,1,2022-08-07
Kamrup,kayan,2,2022-08-07
Kamrup,north,1,2022-08-07
Morigaon,morigaon,4,2022-08-07
Nagaon,raha,13,2022-08-07
Sivasagar,demow,0,2022-08-07
Tamulpur,goreswar,1,2022-08-07
Hailakandi,algapur,1,2022-08-07
Bajali,sarupeta,2,2022-09-07
Tamulpur,goreswar,1,2022-09-07
Morigaon,morigaon,4,2022-09-07
Cachar,silchar,40,2022-09-07
Cachar,lakhipur,9,2022-09-07
Cachar,katigorah,34,2022-09-07
Chirang,bijni,1,2022-09-07
Karimganj,nilambazar,4,2022-09-07
Karimganj,karimganj,8,2022-09-07
Karimganj,badarpur,4,2022-09-07
Dima-Hasao,haflong,20,2022-09-07
Hailakandi,algapur,1,2022-09-07
Kamrup,kayan,2,2022-09-07
Dima-Hasao,haflong,20,2022-10-07
Chirang,bijni,1,2022-10-07
Tamulpur,goreswar,1,2022-10-07
Kamrup,kayan,2,2022-10-07
Morigaon,morigaon,9,2022-10-07
Nagaon,raha,0,2022-10-07
Cachar,silchar,40,2022-10-07
Cachar,lakhipur,9,2022-10-07
Cachar,katigorah,30,2022-10-07
Bajali,sarupeta,2,2022-10-07
Morigaon,morigaon,9,2022-11-07
Bajali,sarupeta,2,2022-11-07
Dima-Hasao,haflong,20,2022-11-07
Biswanath,halem,0,2022-11-07
Cachar,silchar,32,2022-11-07
Cachar,katigorah,27,2022-11-07
Cachar,lakhipur,1,2022-11-07
Chirang,bijni,1,2022-11-07
Tamulpur,goreswar,1,2022-11-07
Kamrup,kayan,2,2022-11-07
Morigaon,morigaon,9,2022-12-07
Dima-Hasao,haflong,19,2022-12-07
Cachar,silchar,32,2022-12-07
Cachar,lakhipur,1,2022-12-07
Cachar,katigorah,20,2022-12-07
Tamulpur,goreswar,1,2022-12-07
Chirang,bijni,1,2022-12-07
Dima-Hasao,haflong,17,2022-07-14
Cachar,silchar,23,2022-07-14
Cachar,katigorah,8,2022-07-14
Chirang,bijni,1,2022-07-14
Tamulpur,goreswar,0,2022-07-14
Morigaon,morigaon,10,2022-07-14
Morigaon,morigaon,8,2022-07-15
Cachar,silchar,19,2022-07-15
Chirang,bijni,1,2022-07-15
Dima-Hasao,haflong,17,2022-07-15
Cachar,silchar,16,2022-07-16
Chirang,bijni,1,2022-07-16
Dima-Hasao,haflong,18,2022-07-16
Morigaon,morigaon,8,2022-07-16
Cachar,silchar,12,2022-07-17
Dima-Hasao,haflong,8,2022-07-17
Morigaon,morigaon,6,2022-07-17
Dima-Hasao,haflong,9,2022-07-18
Biswanath,gohpur,0,2022-07-18
Cachar,silchar,8,2022-07-18
Morigaon,morigaon,6,2022-07-18
Morigaon,morigaon,6,2022-07-19
Dima-Hasao,haflong,7,2022-07-19
Cachar,silchar,4,2022-07-19
Cachar,silchar,3,2022-07-20
Dima-Hasao,haflong,7,2022-07-20
Morigaon,morigaon,6,2022-07-20
Tinsukia,sadiya,0,2022-07-20
Cachar,silchar,3,2022-07-21
Morigaon,morigaon,6,2022-07-21
Tinsukia,sadiya,0,2022-07-21
Tinsukia,tinsukia,0,2022-07-21
Cachar,silchar,1,2022-07-22
Morigaon,morigaon,6,2022-07-22
Cachar,silchar,1,2022-07-23
Dima-Hasao,haflong,0,2022-07-23
Morigaon,morigaon,6,2022-07-23
Morigaon,morigaon,6,2022-07-24
Morigaon,morigaon,6,2022-07-25
Tamulpur,goreswar,0,2022-07-25
Dima-Hasao,haflong,0,2022-07-26
Morigaon,morigaon,5,2022-07-26
Morigaon,morigaon,2,2022-07-27
Charaideo,sonari,1,2022-07-28
Charaideo,sapekhati,0,2022-07-28
Morigaon,morigaon,2,2022-07-28
Charaideo,sonari,1,2022-07-29
Morigaon,morigaon,2,2022-07-29
Morigaon,morigaon,2,2022-07-30
Morigaon,morigaon,2,2022-07-31
Dhemaji,dhemaji,2,2022-07-31
Dhemaji,dhemaji,2,2022-01-08
Dhemaji,gogamukh,1,2022-01-08
Lakhimpur,subansiri,2,2022-01-08
Chirang,bijni,2,2022-01-08
Chirang,sidli,0,2022-01-08
Bajali,sarupeta,0,2022-04-08
Chirang,bijni,1,2022-04-08
Udalguri,khairabari,3,2022-04-08
Udalguri,harisinga,3,2022-04-08
Udalguri,harisinga,2,2022-05-08
Udalguri,khairabari,3,2022-05-08
Udalguri,harisinga,2,2022-06-08
Udalguri,harisinga,1,2022-09-08
Udalguri,harisinga,1,2022-10-08
Udalguri,harisinga,1,2022-11-08
Lakhimpur,north,0,2022-12-10
Lakhimpur,nowboicha,0,2022-12-10
Dibrugarh,chabua,0,2022-12-10
Dhemaji,dhemaji,0,2022-12-10
Dhemaji,jonai,0,2022-12-10
Dhemaji,sissiborgaon,0,2022-12-10
Dhemaji,gogamukh,0,2022-12-10
Lakhimpur,subansiri,0,2022-10-13
Lakhimpur,nowboicha,0,2022-10-13
Lakhimpur,north,0,2022-10-13
Dibrugarh,chabua,0,2022-10-13
Lakhimpur,north,0,2022-10-14
Lakhimpur,nowboicha,0,2022-10-14
Lakhimpur,bihpuria,0,2022-10-14
Tinsukia,tinsukia,0,2022-10-14
Chirang,bijni,2,2022-02-08
Dhemaji,dhemaji,2,2022-02-08
Dhemaji,gogamukh,0,2022-02-08
Lakhimpur,subansiri,1,2022-02-08
Udalguri,khairabari,3,2022-02-08
Udalguri,harisinga,3,2022-02-08
Chirang,bijni,1,2022-03-08
Dhemaji,dhemaji,1,2022-03-08
Dhemaji,gogamukh,0,2022-03-08
Udalguri,khairabari,3,2022-03-08
Udalguri,harisinga,3,2022-03-08
Dhemaji,dhemaji,0,2022-11-10
Dhemaji,sissiborgaon,0,2022-11-10
Golaghat,golaghat,0,2022-09-14
Dhemaji,jonai,0,2022-09-09
Dhemaji,dhemaji,0,2022-11-06
Dhemaji,sissiborgaon,0,2022-11-06
Dhemaji,jonai,0,2022-08-09
Bajali,sarupeta,9,2022-06-19
Bajali,bajali,38,2022-06-19
Baksa,barama,3,2022-06-19
Baksa,baska,3,2022-06-19
Baksa,barnagar,0,2022-06-19
Barpeta,barpeta,33,2022-06-19
Barpeta,baghbar,4,2022-06-19
Barpeta,sarthebari,13,2022-06-19
Barpeta,chenga,32,2022-06-19
"Bongaigao
n",manikpur,3,2022-06-19
"Bongaigao
n",boitamari,3,2022-06-19
"Bongaigao
n",srijangram,26,2022-06-19
Cachar,katigorah,17,2022-06-19
Cachar,silchar,57,2022-06-19
Cachar,lakhipur,6,2022-06-19
Cachar,sonai,7,2022-06-19
Cachar,udharbond,1,2022-06-19
Chirang,bengtal,1,2022-06-19
Chirang,bijni,11,2022-06-19
Darrang,mangaldoi,9,2022-06-19
Darrang,dalgaon,1,2022-06-19
Darrang,sipajhar,4,2022-06-19
Darrang,patharighat,5,2022-06-19
Dhemaji,sissiborgaon,0,2022-06-19
Dhemaji,dhemaji,0,2022-06-19
Dhemaji,jonai,0,2022-06-19
Dhemaji,gogamukh,0,2022-06-19
Dhubri,chapar,3,2022-06-19
Dhubri,athani,4,2022-06-19
Dhubri,bilasipara,35,2022-06-19
Dhubri,golakganj,1,2022-06-19
Dibrugarh,chabua,0,2022-06-19
"Dima-
Hasao",haflong,25,2022-06-19
Goalpara,balijana,26,2022-06-19
Goalpara,lakhipur,30,2022-06-19
Goalpara,matia,3,2022-06-19
Hailakandi,hailakandi,5,2022-06-19
Hailakandi,algapur,3,2022-06-19
Hailakandi,katlicherra,0,2022-06-19
Hailakandi,lala,0,2022-06-19
Hojai,hojai,33,2022-06-19
Hojai,doboka,14,2022-06-19
Kamrup,rangia,9,2022-06-19
Kamrup,hajo,3,2022-06-19
Kamrup,north,4,2022-06-19
Kamrup,kamalpur,10,2022-06-19
Kamrup,kayan,0,2022-06-19
"Kamrup 
(M)",guwahati,2,2022-06-19
"Karbi 
Anglong 
West",donkamokam,0,2022-06-19
Karimganj,badarpur,10,2022-06-19
Karimganj,patherkandi,1,2022-06-19
Karimganj,karimganj,19,2022-06-19
Karimganj,nilambazar,0,2022-06-19
Karimganj,rk,0,2022-06-19
Kokrajhar,gossaigaon,2,2022-06-19
Kokrajhar,bagribari,9,2022-06-19
Kokrajhar,kokrajhar,3,2022-06-19
Kokrajhar,dotma,2,2022-06-19
Kokrajhar,bhawraguri,0,2022-06-19
Lakhimpur,north,0,2022-06-19
Lakhimpur,dhakuakhana,0,2022-06-19
Lakhimpur,bihpuria,0,2022-06-19
Lakhimpur,nowboicha,0,2022-06-19
Nagaon,kampur,17,2022-06-19
Nagaon,raha,5,2022-06-19
Nagaon,nagaon,11,2022-06-19
Nalbari,ghograpar,3,2022-06-19
Nalbari,tihu,20,2022-06-19
Nalbari,banekuchi,17,2022-06-19
Nalbari,paschim,21,2022-06-19
Nalbari,barbhag,20,2022-06-19
Nalbari,nalbari,30,2022-06-19
Sivasagar,sivsagar,0,2022-06-19
Sonitpur,dhekiajuli,1,2022-06-19
Sonitpur,chariduar,1,2022-06-19
Sonitpur,thelamara,0,2022-06-19
Sonitpur,tezpur,0,2022-06-19
Tamulpur,goreswar,8,2022-06-19
Tamulpur,tamulpur,14,2022-06-19
Tinsukia,doomdooma,4,2022-06-19
Tinsukia,tinsukia,0,2022-06-19
Udalguri,udalguri,10,2022-06-19
Udalguri,harisinga,5,2022-06-19
Udalguri,kalaigaon,6,2022-06-19
Udalguri,mazbat,9,2022-06-19
Udalguri,khairabari,0,2022-06-19
Cachar,silchar,63,2022-06-26
Cachar,sonai,50,2022-06-26
Cachar,katigorah,94,2022-06-26
Cachar,lakhipur,23,2022-06-26
Chirang,bijni,3,2022-06-26
Darrang,mangaldoi,2,2022-06-26
Darrang,sipajhar,1,2022-06-26
Dhemaji,sissiborgaon,0,2022-06-26
Dibrugarh,dibrugarh,0,2022-06-26
"Dima-
Hasao",haflong,25,2022-06-26
Goalpara,lakhipur,12,2022-06-26
Goalpara,balijana,6,2022-06-26
Hailakandi,algapur,5,2022-06-26
Hailakandi,hailakandi,0,2022-06-26
Hojai,hojai,3,2022-06-26
Kamrup,kayan,3,2022-06-26
Kamrup,kamalpur,2,2022-06-26
Kamrup,north,11,2022-06-26
Kamrup,rangia,3,2022-06-26
Kamrup,hajo,0,2022-06-26
"Karbi 
Anglong 
West",donkamokam,0,2022-06-26
Karimganj,badarpur,16,2022-06-26
Karimganj,nilambazar,7,2022-06-26
Karimganj,karimganj,29,2022-06-26
Karimganj,patherkandi,3,2022-06-26
Karimganj,rk,0,2022-06-26
Lakhimpur,north,0,2022-06-26
Lakhimpur,subansiri,0,2022-06-26
Lakhimpur,nowboicha,0,2022-06-26
Morigaon,morigaon,1,2022-06-26
Nagaon,raha,13,2022-06-26
Nagaon,nagaon,36,2022-06-26
Nagaon,kampur,17,2022-06-26
Nalbari,paschim,6,2022-06-26
Nalbari,barbhag,2,2022-06-26
Nalbari,tihu,1,2022-06-26
Sonitpur,dhekiajuli,1,2022-06-26
"South 
Salmara",mankachar,5,2022-06-26
Tamulpur,goreswar,2,2022-06-26
Udalguri,udalguri,2,2022-06-26
Udalguri,mazbat,0,2022-06-26
Bajali,sarupeta,0,2022-06-26
Bajali,bajali,0,2022-06-26
Baksa,baska,0,2022-06-26
Barpeta,barpeta,60,2022-06-26
Barpeta,baghbar,20,2022-06-26
Barpeta,chenga,37,2022-06-26
Barpeta,barnagar,0,2022-06-26
Barpeta,kalgachia,0,2022-06-26
Dima-Hasao,haflong,0,2022-06-14
Kamrup (M),guwahati,1,2022-06-14
Kamrup (M),dispur,1,2022-06-14
Bajali,sarupeta,2,2022-06-25
Bajali,bajali,0,2022-06-25
Baksa,barnagar,0,2022-06-25
Barpeta,barpeta,97,2022-06-25
Barpeta,baghbar,19,2022-06-25
Barpeta,chenga,37,2022-06-25
Barpeta,kalgachia,0,2022-06-25
Cachar,lakhipur,22,2022-06-25
Cachar,katigorah,94,2022-06-25
Cachar,udharbond,1,2022-06-25
Cachar,sonai,44,2022-06-25
Cachar,silchar,63,2022-06-25
Chirang,bijni,3,2022-06-25
Darrang,sipajhar,1,2022-06-25
Darrang,mangaldoi,3,2022-06-25
Darrang,patharighat,0,2022-06-25
Dhemaji,dhemaji,0,2022-06-25
Dhemaji,sissiborgaon,0,2022-06-25
Dhemaji,gogamukh,0,2022-06-25
Dibrugarh,dibrugarh,0,2022-06-25
"Dima-
Hasao",haflong,26,2022-06-25
Goalpara,lakhipur,13,2022-06-25
Goalpara,balijana,12,2022-06-25
"Hailakand
i",hailakandi,5,2022-06-25
"Hailakand
i",lala,0,2022-06-25
"Hailakand
i",algapur,0,2022-06-25
Hojai,doboka,4,2022-06-25
Hojai,hojai,4,2022-06-25
Kamrup,rangia,8,2022-06-25
Kamrup,kamalpur,12,2022-06-25
Kamrup,north,13,2022-06-25
Kamrup,kayan,2,2022-06-25
Kamrup,hajo,0,2022-06-25
"Karbi 
Anglong 
West",donkamokam,0,2022-06-25
Karimganj,nilambazar,8,2022-06-25
Karimganj,karimganj,29,2022-06-25
Karimganj,badarpur,20,2022-06-25
Karimganj,patherkandi,5,2022-06-25
"Lakhimpu
r",subansiri,0,2022-06-25
"Lakhimpu
r",bihpuria,0,2022-06-25
Morigaon,morigaon,1,2022-06-25
Morigaon,mikirbheta,0,2022-06-25
Nagaon,kampur,17,2022-06-25
Nagaon,nagaon,35,2022-06-25
Nagaon,raha,12,2022-06-25
Nalbari,paschim,6,2022-06-25
Nalbari,tihu,1,2022-06-25
Nalbari,barbhag,4,2022-06-25
Nalbari,nalbari,2,2022-06-25
Sonitpur,dhekiajuli,1,2022-06-25
"South 
Salmara",mankachar,8,2022-06-25
Tamulpur,goreswar,2,2022-06-25
Tamulpur,tamulpur,1,2022-06-25
Cachar,katigorah,29,2022-05-30
Cachar,sonai,1,2022-05-30
Cachar,silchar,39,2022-05-30
Dima-Hasao,haflong,0,2022-05-30
Morigaon,morigaon,3,2022-05-30
Nagaon,nagaon,3,2022-05-30
Nagaon,raha,7,2022-05-30
Nagaon,kampur,2,2022-05-30
Lakhimpur,nowboicha,0,2022-10-15
Cachar,katigorah,20,2022-07-13
Cachar,lakhipur,1,2022-07-13
Cachar,silchar,24,2022-07-13
Chirang,bijni,1,2022-07-13
Dima-Hasao,haflong,17,2022-07-13
Morigaon,morigaon,8,2022-07-13
,,,
,,,
,,,
,,,
,,,
,,,
,,,
,,,
,,,
,,,
,,,
,,,
,,,
,,,
,,,
,,,
,,,
,,,
,,,
,,,
,,,
,,,
,,,
,,,
,,,
,,,
,,,
,,,
,,,
,,,
,,,
,,,
,,,
,,,
,,,
,,,
,,,
,,,
,,,
,,,
,,,
,,,
,,,
,,,
,,,
,,,
,,,
,,,
,,,
,,,
,,,
,,,
,,,
,,,
,,,
,,,
,,,
,,,
,,,
,,,
,,,
,,,
,,,
,,,
,,,
,,,
,,,
,,,
,,,
,,,
,,,
,,,
,,,
,,,
,,,
,,,
,,,
,,,
,,,
,,,
,,,
,,,
,,,
,,,
,,,
,,,
,,,
,,,
,,,
,,,
,,,
,,,
,,,
,,,
,,,
,,,
,,,
,,,
,,,
,,,
,,,
,,,
,,,
,,,
,,,
,,,
,,,
,,,
,,,
,,,
,,,
,,,
,,,
,,,
,,,
,,,
,,,
,,,
,,,
,,,
,,,
,,,
,,,
,,,
,,,
,,,
,,,
,,,
,,,
,,,
,,,
,,,
,,,
,,,
,,,
,,,
,,,
,,,
,,,
,,,
,,,
,,,
,,,
,,,
,,,
,,,
,,,
,,,
,,,
,,,
,,,
,,,
,,,
,,,
,,,
,,,
,,,
,,,
,,,
,,,
,,,
,,,
,,,
,,,
,,,
,,,
,,,
,,,
,,,
,,,
,,,
,,,
,,,
,,,
,,,
,,,
,,,
,,,
,,,
,,,
,,,
,,,
,,,
,,,
,,,
,,,
,,,
,,,
,,,
,,,
,,,
,,,
,,,
,,,
,,,
,,,
,,,
,,,
,,,
,,,
,,,
,,,
,,,
,,,
,,,
,,,
,,,
,,,
,,,
,,,
,,,
,,,
,,,
,,,
,,,
,,,
,,,
,,,
,,,
,,,
,,,
,,,
,,,
,,,
,,,
,,,
,,,
,,,
,,,
,,,
,,,
,,,
,,,
,,,
,,,
,,,
,,,
,,,
,,,
,,,
,,,
,,,
,,,
,,,
,,,
,,,
,,,
,,,
,,,
,,,
,,,
,,,
,,,
,,,
,,,
,,,
,,,
,,,
,,,
,,,
,,,
,,,
,,,
,,,
,,,
,,,
,,,
,,,
,,,
,,,
,,,
,,,
,,,
,,,
,,,
,,,
,,,
,,,
,,,
,,,
,,,
,,,
,,,
,,,
,,,
,,,
,,,
,,,
,,,
,,,
,,,
,,,
,,,
,,,
,,,
,,,
,,,
,,,
,,,
,,,
,,,
,,,
,,,
,,,
,,,
,,,
,,,
,,,
,,,
,,,
,,,
,,,
,,,
,,,
,,,
,,,
,,,
,,,
,,,
,,,
,,,
,,,
,,,
,,,
,,,
,,,
,,,
,,,
,,,
,,,
,,,
,,,
,,,
,,,
,,,
,,,
,,,
,,,
,,,
,,,
,,,
,,,
,,,
,,,
,,,
,,,
,,,
,,,
,,,
,,,
,,,
,,,
,,,
,,,
,,,
,,,
,,,
,,,
,,,
,,,
,,,
,,,
,,,
,,,
,,,
,,,
,,,
,,,
,,,
,,,
,,,
,,,
,,,
,,,
,,,
,,,
,,,
,,,
,,,
,,,
,,,
,,,
,,,
,,,
,,,
,,,
,,,
,,,
,,,
,,,
,,,
,,,
,,,
,,,
,,,
,,,
,,,
,,,
,,,
,,,
,,,
,,,
,,,
,,,
,,,
,,,
,,,
,,,
,,,
,,,
,,,
,,,
,,,
,,,
,,,
,,,
,,,
,,,
,,,
,,,
,,,
,,,
,,,
,,,
,,,
,,,
,,,
,,,
,,,
,,,
,,,
,,,
,,,
,,,
,,,
,,,
,,,
,,,
,,,
,,,
,,,
,,,
,,,
,,,
,,,
,,,
,,,
,,,
,,,
,,,
,,,
,,,
,,,
,,,
,,,
,,,
,,,
,,,
,,,
,,,
,,,
,,,
,,,
,,,
,,,
,,,
,,,
,,,
,,,
,,,
,,,
,,,
,,,
,,,
,,,
,,,
,,,
,,,
,,,
,,,
,,,
,,,
,,,
,,,
,,,
,,,
,,,
,,,
,,,
,,,
,,,
,,,
,,,
,,,
,,,
,,,
,,,
,,,
,,,
,,,
,,,
,,,
,,,
,,,
,,,
,,,
,,,
,,,
,,,
,,,
,,,
,,,
,,,
,,,
,,,
,,,
,,,
,,,
,,,
,,,
,,,
,,,
,,,
,,,
,,,
,,,
,,,
,,,
,,,
,,,
,,,
,,,
,,,
,,,
,,,
,,,
,,,
,,,
,,,
,,,
,,,
,,,
,,,
,,,
,,,
,,,
,,,
,,,
,,,
,,,
,,,
,,,
,,,
,,,
,,,
,,,
,,,
,,,
,,,
,,,
,,,
,,,
,,,
,,,
,,,
,,,
,,,
,,,
,,,
,,,
,,,
,,,
,,,
,,,
,,,
,,,
,,,
,,,
,,,
,,,
,,,
,,,
,,,
,,,
,,,
,,,
,,,
,,,
,,,
,,,
,,,
,,,
,,,
,,,
,,,
,,,
,,,
,,,
,,,
,,,
,,,
,,,
,,,
,,,
,,,
,,,
,,,
,,,
,,,
,,,
,,,
,,,
,,,
,,,
,,,
,,,
,,,
,,,
,,,
,,,
,,,
,,,
,,,
,,,
,,,
,,,
,,,
,,,
,,,
,,,
,,,
,,,
,,,
,,,
,,,
,,,
,,,
,,,
,,,
,,,
,,,
,,,
,,,
,,,
,,,
,,,
,,,
,,,
,,,
,,,
,,,
,,,
,,,
,,,
,,,
,,,
,,,
,,,
,,,
,,,
,,,
,,,
,,,
,,,
,,,
,,,
,,,
,,,
,,,
,,,
,,,
,,,
,,,
,,,
,,,
,,,
,,,
,,,
,,,
,,,
,,,
,,,
,,,
,,,
,,,
,,,
,,,
,,,
,,,
,,,
,,,
,,,
,,,
,,,
,,,
,,,
,,,
,,,
,,,
,,,
,,,
,,,
,,,
,,,
,,,
,,,
,,,
,,,
,,,
,,,
,,,
,,,
,,,
,,,
,,,
,,,
,,,
,,,
,,,
,,,
,,,
,,,
,,,
,,,
,,,
,,,
,,,
,,,
,,,
,,,
,,,
,,,
,,,
,,,
,,,
,,,
,,,
,,,
,,,
,,,
,,,
,,,
,,,
,,,
,,,
,,,
,,,
,,,
,,,
,,,
,,,
,,,
,,,
,,,
,,,
,,,
,,,
,,,
,,,
,,,
,,,
,,,
,,,
,,,
,,,
,,,
,,,
,,,
,,,
,,,
,,,
,,,
,,,
,,,
,,,
,,,
,,,
,,,
,,,
,,,
,,,
,,,
,,,
,,,
,,,
,,,
,,,
,,,
,,,
,,,
,,,
,,,
,,,
,,,
,,,
,,,
,,,
,,,
,,,
,,,
,,,
,,,
,,,
,,,
,,,
,,,
,,,
,,,
,,,
,,,
,,,
,,,
,,,
,,,
,,,
,,,
,,,
,,,
,,,
,,,
,,,
,,,
,,,
,,,
,,,
,,,
,,,
,,,
,,,
,,,
,,,
,,,
,,,
,,,
,,,
,,,
,,,
,,,
,,,
,,,
,,,
,,,
,,,
,,,
,,,
,,,
,,,
,,,
,,,
,,,
,,,
,,,
,,,
,,,
,,,
,,,
,,,
,,,
,,,
,,,
,,,
,,,
,,,
,,,
,,,
,,,
,,,
,,,
,,,
,,,
,,,
,,,
,,,
,,,
,,,
,,,
,,,
,,,
,,,
,,,
,,,
,,,
,,,
,,,
,,,
,,,
,,,
,,,
,,,
,,,
,,,
,,,
,,,
,,,
,,,
,,,
,,,
,,,
,,,
,,,
,,,
,,,
,,,
,,,
,,,
,,,
,,,
,,,
,,,
,,,
,,,
,,,
,,,
,,,
,,,
,,,
,,,
,,,
,,,
,,,
,,,
,,,
,,,
,,,
,,,
,,,
,,,
,,,
,,,
,,,
,,,
,,,
,,,
,,,
,,,
,,,
,,,
,,,
,,,
,,,
,,,
,,,
,,,
,,,
,,,
,,,
,,,
,,,
,,,
,,,
,,,
,,,
,,,
,,,
,,,
,,,
,,,
,,,
,,,
,,,
,,,
,,,
,,,
,,,
,,,
,,,
,,,
,,,
,,,
,,,
,,,
,,,
,,,
,,,
,,,
,,,
,,,
,,,
,,,
,,,
,,,
,,,
,,,
,,,
,,,
,,,
,,,
,,,
,,,
,,,
,,,
,,,
,,,
,,,
,,,
,,,
,,,
,,,
,,,
,,,
,,,
,,,
,,,
,,,
,,,
,,,
,,,
,,,
,,,
,,,
,,,
,,,
,,,
,,,
,,,
,,,
,,,
,,,
,,,
,,,
,,,
,,,
,,,
,,,
,,,
,,,
,,,
,,,
,,,
,,,
,,,
,,,
,,,
,,,
,,,
,,,
,,,
,,,
,,,
,,,
,,,
,,,
,,,
,,,
,,,
,,,
,,,
,,,
,,,
,,,
,,,
,,,
,,,
,,,
,,,
,,,
,,,
,,,
,,,
,,,
,,,
,,,
,,,
,,,
,,,
,,,
,,,
,,,
,,,
,,,
,,,
,,,
,,,
,,,
,,,
,,,
,,,
,,,
,,,
,,,
,,,
,,,
,,,
,,,
,,,
,,,
,,,
,,,
,,,
,,,
,,,
,,,
,,,
,,,
,,,
,,,
,,,
,,,
,,,
,,,
,,,
,,,
,,,
,,,
,,,
,,,
,,,
,,,
,,,
,,,
,,,
,,,
,,,
,,,
,,,
,,,
,,,
,,,
,,,
,,,
,,,
,,,
,,,
,,,
,,,
,,,
,,,
,,,
,,,
,,,
,,,
,,,
,,,
,,,
,,,
,,,
,,,
,,,
,,,
,,,
,,,
,,,
,,,
,,,
,,,
,,,
,,,
,,,
,,,
,,,
,,,
,,,
,,,
,,,
,,,
,,,
,,,
,,,
,,,
,,,
,,,
,,,
,,,
,,,
,,,
,,,
,,,
,,,
,,,
,,,
,,,
,,,
,,,
,,,
,,,
,,,
,,,
,,,
,,,
,,,
,,,
,,,
,,,
,,,
,,,
,,,
,,,
,,,
,,,
,,,
,,,
,,,
,,,
,,,
,,,
,,,
,,,
,,,
,,,
,,,
,,,
,,,
,,,
,,,
,,,
,,,
,,,
,,,
,,,
,,,
,,,
,,,
,,,
,,,
,,,
,,,
,,,
,,,
,,,
,,,
,,,
,,,
,,,
,,,
,,,
,,,
,,,
,,,
,,,
,,,
,,,
,,,
,,,
,,,
,,,
,,,
,,,
,,,
,,,
,,,
,,,
,,,
,,,
,,,
,,,
,,,
,,,
,,,
,,,
,,,
,,,
,,,
,,,
,,,
,,,
,,,
,,,
,,,
,,,
,,,
,,,
,,,
,,,
,,,
,,,
,,,
,,,
,,,
,,,
,,,
,,,
,,,
,,,
,,,
,,,
,,,
,,,
,,,
,,,
,,,
,,,
,,,
,,,
,,,
,,,
,,,
,,,
,,,
,,,
,,,
,,,
,,,
,,,
,,,
,,,
,,,
,,,
,,,
,,,
,,,
,,,
,,,
,,,
,,,
,,,
,,,
,,,
,,,
,,,
,,,
,,,
,,,
,,,
,,,
,,,
,,,
,,,
,,,
,,,
,,,
,,,
,,,
,,,
,,,
,,,
,,,
,,,
,,,
,,,
,,,
,,,
,,,
,,,
,,,
,,,
,,,
,,,
,,,
,,,
,,,
,,,
,,,
,,,
,,,
,,,
,,,
,,,
,,,
,,,
,,,
,,,
,,,
,,,
,,,
,,,
,,,
,,,
,,,
,,,
,,,
,,,
,,,
,,,
,,,
,,,
,,,
,,,
,,,
,,,
,,,
,,,
,,,
,,,
,,,
,,,
,,,
,,,
,,,
,,,
,,,
,,,
,,,
,,,
,,,
,,,
,,,
,,,
,,,
,,,
,,,
,,,
,,,
,,,
,,,
,,,
,,,
,,,
,,,
,,,
,,,
,,,
,,,
,,,
,,,
,,,
,,,
,,,
,,,
,,,
,,,
,,,
,,,
,,,
,,,
,,,
,,,
,,,
,,,
,,,
,,,
,,,
,,,
,,,
,,,
,,,
,,,
,,,
,,,
,,,
,,,
,,,
,,,
,,,
,,,
,,,
,,,
,,,
,,,
,,,
,,,
,,,
,,,
,,,
,,,
,,,
,,,
,,,
,,,
,,,
,,,
,,,
,,,
,,,
,,,
,,,
,,,
,,,
,,,
,,,
,,,
,,,
,,,
,,,
,,,
,,,
,,,
,,,
,,,
,,,
,,,
,,,
,,,
,,,
,,,
,,,
,,,
,,,
,,,
,,,
,,,
,,,
,,,
,,,
,,,
,,,
,,,
,,,
,,,
,,,
,,,
,,,
,,,
,,,
,,,
,,,
,,,
,,,
,,,
,,,
,,,
,,,
,,,
,,,
,,,
,,,
,,,
,,,
,,,
,,,
,,,
,,,
