District,RevenueCircle,Number of centers,Date
Cachar,silchar,0,2022-05-15
Cachar,katigorah,0,2022-05-15
Nagaon,kampur,1,2022-05-15
Hojai,hojai,5,2022-05-15
Karbi Anglong West,donkamokam,3,2022-05-15
Biswanath,halem,4,2022-05-16
Cachar,lakhipur,0,2022-05-16
Cachar,silchar,0,2022-05-16
Cachar,katigorah,0,2022-05-16
Dima-Hasao,haflong,1,2022-05-16
Hojai,hojai,0,2022-05-16
Karbi Anglong West,donkamokam,4,2022-05-16
Nagaon,kampur,3,2022-05-16
Udalguri,khairabari,0,2022-05-16
Udalguri,mazbat,9,2022-05-17
Udalguri,kalaigaon,1,2022-05-17
Udalguri,khairabari,2,2022-05-17
Udalguri,udalguri,7,2022-05-17
Sonitpur,dhekiajuli,7,2022-05-17
Sonitpur,tezpur,7,2022-05-17
Nagaon,raha,0,2022-05-17
Nagaon,kampur,3,2022-05-17
Karimganj,badarpur,0,2022-05-17
Karimganj,karimganj,7,2022-05-17
Karbi Anglong West,donkamokam,3,2022-05-17
Kamrup,rangia,0,2022-05-17
Hojai,hojai,0,2022-05-17
Hojai,lanka,2,2022-05-17
Hojai,doboka,17,2022-05-17
Dima-Hasao,haflong,1,2022-05-17
Dibrugarh,chabua,2,2022-05-17
Charaideo,sapekhati,1,2022-05-17
Cachar,lakhipur,0,2022-05-17
Cachar,katigorah,2,2022-05-17
Cachar,silchar,0,2022-05-17
Biswanath,halem,6,2022-05-17
Biswanath,biswanath,10,2022-05-17
Bajali,bajali,2,2022-05-17
Udalguri,khairabari,2,2022-05-18
Udalguri,udalguri,5,2022-05-18
Udalguri,kalaigaon,8,2022-05-18
Udalguri,harisinga,1,2022-05-18
Sonitpur,naduar,2,2022-05-18
Nagaon,nagaon,0,2022-05-18
Nagaon,raha,1,2022-05-18
Nagaon,kampur,19,2022-05-18
Karimganj,badarpur,0,2022-05-18
Karimganj,karimganj,7,2022-05-18
Karbi Anglong West,donkamokam,3,2022-05-18
Kamrup,rangia,0,2022-05-18
Charaideo,sapekhati,1,2022-05-18
Hailakandi,algapur,4,2022-05-18
Hojai,hojai,5,2022-05-18
Hojai,doboka,17,2022-05-18
Hojai,lanka,5,2022-05-18
Bajali,bajali,4,2022-05-18
Biswanath,halem,9,2022-05-18
Biswanath,naduar,2,2022-05-18
Biswanath,biswanath,5,2022-05-18
Cachar,udharbond,0,2022-05-18
Cachar,silchar,0,2022-05-18
Cachar,lakhipur,0,2022-05-18
Cachar,sonai,0,2022-05-18
Cachar,katigorah,0,2022-05-18
Darrang,mangaldoi,4,2022-05-18
Darrang,patharighat,9,2022-05-18
Dima-Hasao,haflong,0,2022-05-18
Biswanath,halem,1,2022-05-19
Biswanath,biswanath,6,2022-05-19
Cachar,udharbond,0,2022-05-19
Cachar,lakhipur,2,2022-05-19
Cachar,sonai,0,2022-05-19
Cachar,silchar,0,2022-05-19
Cachar,katigorah,27,2022-05-19
Darrang,patharighat,3,2022-05-19
Darrang,dalgaon,14,2022-05-19
Darrang,mangaldoi,6,2022-05-19
Dima-Hasao,haflong,6,2022-05-19
Hojai,doboka,0,2022-05-19
Hojai,hojai,4,2022-05-19
Hojai,lanka,1,2022-05-19
Kamrup,rangia,0,2022-05-19
Karbi Anglong West,donkamokam,4,2022-05-19
Karimganj,badarpur,0,2022-05-19
Karimganj,karimganj,9,2022-05-19
Lakhimpur,nowboicha,1,2022-05-19
Lakhimpur,bihpuria,2,2022-05-19
Lakhimpur,north,2,2022-05-19
Nagaon,nagaon,2,2022-05-19
Nagaon,kampur,52,2022-05-19
Nagaon,raha,35,2022-05-19
Sonitpur,tezpur,4,2022-05-19
Udalguri,khairabari,2,2022-05-19
Udalguri,udalguri,2,2022-05-19
Udalguri,kalaigaon,6,2022-05-19
Dhemaji,dhemaji,1,2022-05-19
Hailakandi,algapur,0,2022-05-19
Karimganj,badarpur,1,2022-05-20
Karimganj,karimganj,9,2022-05-20
Biswanath,halem,1,2022-05-20
Cachar,udharbond,3,2022-05-20
Cachar,sonai,0,2022-05-20
Cachar,katigorah,30,2022-05-20
Cachar,silchar,8,2022-05-20
Cachar,lakhipur,24,2022-05-20
Darrang,patharighat,6,2022-05-20
Darrang,mangaldoi,11,2022-05-20
Dima-Hasao,haflong,2,2022-05-20
Hailakandi,algapur,2,2022-05-20
Hojai,hojai,2,2022-05-20
Hojai,doboka,12,2022-05-20
Karbi Anglong West,donkamokam,2,2022-05-20
Lakhimpur,bihpuria,1,2022-05-20
Morigaon,morigaon,0,2022-05-20
Nagaon,kampur,0,2022-05-20
Nagaon,nagaon,11,2022-05-20
Nagaon,raha,0,2022-05-20
Sonitpur,naduar,1,2022-05-20
Udalguri,udalguri,2,2022-05-20
Darrang,patharighat,5,2022-05-21
Darrang,mangaldoi,2,2022-05-21
Karbi Anglong West,donkamokam,3,2022-05-21
Dima-Hasao,haflong,0,2022-05-21
Cachar,silchar,10,2022-05-21
Cachar,katigorah,38,2022-05-21
Cachar,udharbond,6,2022-05-21
Cachar,sonai,1,2022-05-21
Cachar,lakhipur,40,2022-05-21
Hailakandi,algapur,0,2022-05-21
Hojai,hojai,0,2022-05-21
Hojai,doboka,0,2022-05-21
Hojai,lanka,1,2022-05-21
Udalguri,udalguri,1,2022-05-21
Karimganj,badarpur,2,2022-05-21
Karimganj,karimganj,10,2022-05-21
Lakhimpur,north,1,2022-05-21
Lakhimpur,narayanpur,3,2022-05-21
Lakhimpur,bihpuria,1,2022-05-21
Morigaon,morigaon,3,2022-05-21
Nagaon,nagaon,6,2022-05-21
Nagaon,raha,45,2022-05-21
Nagaon,kampur,27,2022-05-21
Nalbari,tihu,2,2022-05-21
Sonitpur,tezpur,6,2022-05-21
Kamrup,rangia,1,2022-05-21
Karimganj,badarpur,5,2022-05-22
Karimganj,karimganj,10,2022-05-22
Hojai,hojai,0,2022-05-22
Hojai,doboka,0,2022-05-22
Hailakandi,algapur,2,2022-05-22
Cachar,katigorah,38,2022-05-22
Cachar,sonai,1,2022-05-22
Cachar,udharbond,7,2022-05-22
Cachar,silchar,10,2022-05-22
Cachar,lakhipur,49,2022-05-22
Barpeta,sarthebari,5,2022-05-22
Morigaon,morigaon,13,2022-05-22
Darrang,mangaldoi,4,2022-05-22
Nagaon,nagaon,8,2022-05-22
Nagaon,raha,0,2022-05-22
Nagaon,kampur,0,2022-05-22
Morigaon,morigaon,18,2022-05-23
Karimganj,badarpur,0,2022-05-23
Karimganj,karimganj,9,2022-05-23
Dibrugarh,chabua,1,2022-05-23
Udalguri,udalguri,2,2022-05-23
Karbi Anglong West,donkamokam,2,2022-05-23
Cachar,udharbond,6,2022-05-23
Cachar,katigorah,92,2022-05-23
Cachar,silchar,9,2022-05-23
Cachar,sonai,1,2022-05-23
Cachar,lakhipur,23,2022-05-23
Hojai,doboka,0,2022-05-23
Hojai,hojai,0,2022-05-23
Kamrup,rangia,1,2022-05-23
Kamrup,kayan,1,2022-05-23
Kamrup,kamalpur,1,2022-05-23
Barpeta,sarthebari,3,2022-05-23
Nagaon,kampur,0,2022-05-23
Nagaon,raha,80,2022-05-23
Nagaon,nagaon,34,2022-05-23
Hailakandi,algapur,1,2022-05-23
Dima-Hasao,haflong,6,2022-05-23
Barpeta,sarthebari,1,2022-05-24
Nagaon,nagaon,13,2022-05-24
Nagaon,kampur,0,2022-05-24
Nagaon,raha,0,2022-05-24
Morigaon,morigaon,12,2022-05-24
Karimganj,badarpur,0,2022-05-24
Karimganj,karimganj,9,2022-05-24
Kamrup,kamalpur,1,2022-05-24
Karbi Anglong West,donkamokam,1,2022-05-24
Hailakandi,algapur,0,2022-05-24
Goalpara,balijana,1,2022-05-24
Goalpara,lakhipur,1,2022-05-24
Dima-Hasao,haflong,14,2022-05-24
Darrang,mangaldoi,3,2022-05-24
Darrang,dalgaon,3,2022-05-24
Cachar,katigorah,65,2022-05-24
Cachar,sonai,27,2022-05-24
Cachar,silchar,9,2022-05-24
Cachar,udharbond,6,2022-05-24
Cachar,lakhipur,16,2022-05-24
Hojai,hojai,0,2022-05-24
Hojai,doboka,0,2022-05-24
Karimganj,badarpur,0,2022-05-25
Karimganj,karimganj,3,2022-05-25
Nagaon,nagaon,15,2022-05-25
Nagaon,kampur,0,2022-05-25
Nagaon,raha,0,2022-05-25
Karbi Anglong West,donkamokam,2,2022-05-25
Morigaon,morigaon,17,2022-05-25
Hojai,hojai,0,2022-05-25
Hailakandi,algapur,0,2022-05-25
Dima-Hasao,haflong,4,2022-05-25
Cachar,sonai,27,2022-05-25
Cachar,silchar,14,2022-05-25
Cachar,katigorah,7,2022-05-25
Cachar,udharbond,6,2022-05-25
Cachar,lakhipur,16,2022-05-25
Kamrup,kamalpur,1,2022-05-25
Nagaon,nagaon,2,2022-05-26
Nagaon,kampur,0,2022-05-26
Nagaon,raha,0,2022-05-26
Morigaon,morigaon,7,2022-05-26
Cachar,sonai,27,2022-05-26
Cachar,silchar,1,2022-05-26
Cachar,katigorah,7,2022-05-26
Cachar,udharbond,6,2022-05-26
Cachar,lakhipur,16,2022-05-26
Hailakandi,algapur,0,2022-05-26
Karbi Anglong West,donkamokam,1,2022-05-26
Dima-Hasao,haflong,3,2022-05-26
Nagaon,nagaon,8,2022-05-27
Nagaon,kampur,0,2022-05-27
Nagaon,raha,93,2022-05-27
Morigaon,morigaon,2,2022-05-27
Dima-Hasao,haflong,1,2022-05-27
Cachar,sonai,0,2022-05-27
Cachar,silchar,2,2022-05-27
Cachar,katigorah,0,2022-05-27
Hailakandi,algapur,0,2022-05-27
Cachar,silchar,0,2022-05-28
Cachar,sonai,0,2022-05-28
Cachar,katigorah,0,2022-05-28
Dima-Hasao,haflong,4,2022-05-28
Morigaon,morigaon,0,2022-05-28
Nagaon,nagaon,0,2022-05-28
Nagaon,raha,0,2022-05-28
Nagaon,kampur,0,2022-05-28
Hojai,hojai,1,2022-05-28
Cachar,katigorah,0,2022-05-29
Cachar,silchar,0,2022-05-29
Cachar,sonai,0,2022-05-29
Dima-Hasao,haflong,2,2022-05-29
Morigaon,morigaon,0,2022-05-29
Nagaon,nagaon,0,2022-05-29
Nagaon,raha,0,2022-05-29
Nagaon,kampur,0,2022-05-29
Cachar,silchar,0,2022-01-06
Nagaon,nagaon,0,2022-01-06
Nagaon,kampur,0,2022-01-06
Dima-Hasao,haflong,5,2022-01-06
Morigaon,morigaon,0,2022-01-06
Cachar,silchar,0,2022-02-06
Dima-Hasao,haflong,3,2022-02-06
Morigaon,morigaon,0,2022-02-06
Cachar,silchar,0,2022-03-06
Dima-Hasao,haflong,4,2022-03-06
Morigaon,morigaon,0,2022-03-06
Nagaon,kampur,3,2022-04-06
Morigaon,morigaon,0,2022-04-06
Cachar,silchar,0,2022-04-06
Morigaon,morigaon,0,2022-05-06
Cachar,silchar,0,2022-05-06
Cachar,silchar,0,2022-06-06
Dima-Hasao,haflong,6,2022-07-06
Cachar,silchar,0,2022-07-06
Dima-Hasao,haflong,6,2022-08-06
Cachar,silchar,0,2022-08-06
Dhemaji,gogamukh,4,2022-09-06
Dima-Hasao,haflong,3,2022-09-06
Dhemaji,gogamukh,4,2022-06-13
Dima-Hasao,haflong,5,2022-06-13
Dima-Hasao,haflong,3,2022-06-15
Dhemaji,sissiborgaon,1,2022-06-15
Baksa,barama,0,2022-06-15
Bajali,bajali,0,2022-06-15
Kamrup (M),guwahati,0,2022-06-15
Kamrup (M),dispur,5,2022-06-15
Kokrajhar,kokrajhar,0,2022-06-15
Hojai,hojai,0,2022-06-16
Goalpara,balijana,0,2022-06-16
Goalpara,lakhipur,3,2022-06-16
Dima-Hasao,haflong,7,2022-06-16
Chirang,bijni,0,2022-06-16
Chirang,sidli,8,2022-06-16
Dhubri,chapar,0,2022-06-16
Dhubri,bilasipara,0,2022-06-16
Dhubri,athani,0,2022-06-16
Darrang,patharighat,1,2022-06-16
Bongaigaon,manikpur,0,2022-06-16
Bongaigaon,bongaigaon,0,2022-06-16
Bongaigaon,dangtol,0,2022-06-16
Dibrugarh,chabua,1,2022-06-16
Kamrup,rangia,0,2022-06-16
Kamrup,kayan,0,2022-06-16
Tamulpur,tamulpur,12,2022-06-16
Kokrajhar,bhawraguri,0,2022-06-16
Kokrajhar,gossaigaon,0,2022-06-16
Kokrajhar,kokrajhar,0,2022-06-16
Nalbari,ghograpar,0,2022-06-16
Nalbari,paschim,0,2022-06-16
Nalbari,nalbari,0,2022-06-16
Udalguri,udalguri,0,2022-06-16
Udalguri,kalaigaon,1,2022-06-16
Barpeta,barpeta,0,2022-06-16
Bajali,bajali,0,2022-06-16
Kamrup (M),guwahati,2,2022-06-16
Kamrup (M),dispur,10,2022-06-16
Baksa,baganpara,0,2022-06-16
Baksa,barama,1,2022-06-16
Baksa,baska,0,2022-06-16
Baksa,jalah,0,2022-06-16
Tamulpur,tamulpur,7,2022-06-17
Tamulpur,goreswar,7,2022-06-17
Tinsukia,doomdooma,0,2022-06-17
Tinsukia,tinsukia,3,2022-06-17
Udalguri,udalguri,0,2022-06-17
Udalguri,mazbat,0,2022-06-17
Udalguri,kalaigaon,9,2022-06-17
Udalguri,khairabari,3,2022-06-17
Udalguri,harisinga,7,2022-06-17
Dhemaji,jonai,2,2022-06-17
Dhemaji,dhemaji,2,2022-06-17
Nalbari,banekuchi,0,2022-06-17
Nalbari,paschim,0,2022-06-17
Nalbari,ghograpar,0,2022-06-17
Nalbari,barbhag,0,2022-06-17
Nalbari,nalbari,0,2022-06-17
Nalbari,tihu,0,2022-06-17
Chirang,bijni,7,2022-06-17
Chirang,sidli,10,2022-06-17
Chirang,bengtal,1,2022-06-17
Bongaigaon,manikpur,35,2022-06-17
Bongaigaon,bongaigaon,2,2022-06-17
Bongaigaon,boitamari,0,2022-06-17
Bongaigaon,dangtol,0,2022-06-17
Bongaigaon,srijangram,0,2022-06-17
Barpeta,barpeta,0,2022-06-17
Barpeta,sarthebari,0,2022-06-17
Barpeta,chenga,0,2022-06-17
Baksa,baska,0,2022-06-17
Baksa,barama,1,2022-06-17
Baksa,jalah,0,2022-06-17
Baksa,baganpara,2,2022-06-17
Bajali,bajali,0,2022-06-17
Bajali,sarupeta,1,2022-06-17
Dhubri,chapar,0,2022-06-17
Dhubri,athani,0,2022-06-17
Dhubri,bilasipara,0,2022-06-17
Dima-Hasao,haflong,0,2022-06-17
Goalpara,balijana,2,2022-06-17
Goalpara,matia,0,2022-06-17
Goalpara,lakhipur,10,2022-06-17
Hojai,hojai,0,2022-06-17
Hojai,doboka,6,2022-06-17
Hojai,lanka,5,2022-06-17
Kamrup,rangia,0,2022-06-17
Kamrup,kayan,0,2022-06-17
Kamrup,north,0,2022-06-17
Kamrup,hajo,0,2022-06-17
Kamrup (M),guwahati,12,2022-06-17
Kamrup (M),dispur,7,2022-06-17
Karbi Anglong West,donkamokam,4,2022-06-17
Kokrajhar,bagribari,0,2022-06-17
Kokrajhar,kokrajhar,27,2022-06-17
Kokrajhar,bhawraguri,16,2022-06-17
Kokrajhar,gossaigaon,0,2022-06-17
Kokrajhar,dotma,29,2022-06-17
Lakhimpur,north,2,2022-06-17
Lakhimpur,subansiri,3,2022-06-17
Lakhimpur,kadam,2,2022-06-17
Nagaon,kampur,0,2022-06-17
Sonitpur,chariduar,3,2022-06-17
Sonitpur,dhekiajuli,5,2022-06-17
Darrang,patharighat,0,2022-06-17
Darrang,mangaldoi,0,2022-06-17
Darrang,sipajhar,0,2022-06-17
Bajali,bajali,0,2022-06-18
Bajali,sarupeta,1,2022-06-18
Nalbari,ghograpar,3,2022-06-18
Nalbari,tihu,0,2022-06-18
Nalbari,nalbari,4,2022-06-18
Nalbari,banekuchi,0,2022-06-18
Nalbari,paschim,0,2022-06-18
Nalbari,barbhag,0,2022-06-18
Kamrup,rangia,1,2022-06-18
Kamrup,kamalpur,0,2022-06-18
Kamrup,north,2,2022-06-18
Kamrup,hajo,1,2022-06-18
Kamrup,kayan,6,2022-06-18
Hojai,hojai,0,2022-06-18
Hojai,doboka,4,2022-06-18
Hojai,lanka,6,2022-06-18
Goalpara,matia,1,2022-06-18
Goalpara,balijana,6,2022-06-18
Goalpara,lakhipur,21,2022-06-18
Karimganj,badarpur,0,2022-06-18
Karimganj,patherkandi,0,2022-06-18
Karimganj,karimganj,6,2022-06-18
Kokrajhar,bhawraguri,8,2022-06-18
Kokrajhar,gossaigaon,1,2022-06-18
Kokrajhar,dotma,0,2022-06-18
Kokrajhar,kokrajhar,0,2022-06-18
Kokrajhar,bagribari,0,2022-06-18
Lakhimpur,subansiri,10,2022-06-18
Lakhimpur,bihpuria,6,2022-06-18
Lakhimpur,dhakuakhana,6,2022-06-18
Lakhimpur,north,4,2022-06-18
Lakhimpur,kadam,1,2022-06-18
Lakhimpur,nowboicha,5,2022-06-18
Nagaon,raha,0,2022-06-18
Nagaon,kampur,0,2022-06-18
Nagaon,nagaon,0,2022-06-18
Baksa,baska,0,2022-06-18
Baksa,baganpara,1,2022-06-18
Baksa,barama,1,2022-06-18
Baksa,jalah,4,2022-06-18
Sonitpur,chariduar,21,2022-06-18
Sonitpur,dhekiajuli,11,2022-06-18
Sonitpur,thelamara,17,2022-06-18
Sonitpur,tezpur,1,2022-06-18
Tamulpur,goreswar,11,2022-06-18
Tamulpur,tamulpur,8,2022-06-18
Tinsukia,doomdooma,0,2022-06-18
Kamrup (M),guwahati,4,2022-06-18
Kamrup (M),dispur,5,2022-06-18
Dima-Hasao,haflong,1,2022-06-18
Dhemaji,dhemaji,2,2022-06-18
Dhemaji,gogamukh,13,2022-06-18
Dhemaji,sissiborgaon,4,2022-06-18
Dhemaji,jonai,4,2022-06-18
Darrang,dalgaon,20,2022-06-18
Darrang,patharighat,3,2022-06-18
Darrang,mangaldoi,0,2022-06-18
Darrang,sipajhar,4,2022-06-18
Chirang,bijni,4,2022-06-18
Chirang,bengtal,0,2022-06-18
Chirang,sidli,3,2022-06-18
Udalguri,udalguri,0,2022-06-18
Udalguri,mazbat,0,2022-06-18
Udalguri,kalaigaon,30,2022-06-18
Udalguri,harisinga,5,2022-06-18
Udalguri,khairabari,5,2022-06-18
Cachar,silchar,1,2022-06-18
Cachar,katigorah,0,2022-06-18
Bongaigaon,manikpur,5,2022-06-18
Bongaigaon,boitamari,0,2022-06-18
Bongaigaon,srijangram,0,2022-06-18
Barpeta,chenga,3,2022-06-18
Barpeta,barpeta,0,2022-06-18
Barpeta,sarthebari,3,2022-06-18
Dhubri,bilasipara,0,2022-06-18
Dhubri,golakganj,0,2022-06-18
Dhubri,athani,0,2022-06-18
Dhubri,chapar,0,2022-06-18
Karbi Anglong West,donkamokam,5,2022-06-18
Kamrup (M),guwahati,3,2022-06-20
Karbi Anglong West,donkamokam,4,2022-06-20
Karimganj,karimganj,0,2022-06-20
Karimganj,badarpur,12,2022-06-20
Karimganj,patherkandi,8,2022-06-20
Karimganj,rk,25,2022-06-20
Karimganj,nilambazar,13,2022-06-20
Lakhimpur,bihpuria,11,2022-06-20
Lakhimpur,dhakuakhana,1,2022-06-20
Lakhimpur,nowboicha,4,2022-06-20
Lakhimpur,subansiri,6,2022-06-20
Lakhimpur,north,5,2022-06-20
Morigaon,morigaon,5,2022-06-20
Morigaon,bhuragaon,15,2022-06-20
Hojai,doboka,19,2022-06-20
Hojai,hojai,6,2022-06-20
Hojai,lanka,5,2022-06-20
Nagaon,nagaon,25,2022-06-20
Nagaon,raha,39,2022-06-20
Nagaon,kampur,8,2022-06-20
Nagaon,samaguri,5,2022-06-20
Hailakandi,algapur,1,2022-06-20
Hailakandi,katlicherra,3,2022-06-20
Hailakandi,lala,13,2022-06-20
Hailakandi,hailakandi,8,2022-06-20
Golaghat,bokakhat,9,2022-06-20
Goalpara,balijana,11,2022-06-20
Goalpara,matia,0,2022-06-20
Goalpara,lakhipur,30,2022-06-20
Dima-Hasao,haflong,5,2022-06-20
Dhubri,chapar,0,2022-06-20
Dhubri,athani,0,2022-06-20
Dhubri,dhubri,0,2022-06-20
Dhubri,golakganj,0,2022-06-20
Dhubri,bilasipara,0,2022-06-20
Dhemaji,jonai,4,2022-06-20
Dhemaji,gogamukh,2,2022-06-20
Darrang,mangaldoi,55,2022-06-20
Darrang,patharighat,8,2022-06-20
Darrang,dalgaon,8,2022-06-20
Darrang,sipajhar,12,2022-06-20
Chirang,bijni,0,2022-06-20
Chirang,bengtal,2,2022-06-20
Cachar,silchar,0,2022-06-20
Cachar,sonai,6,2022-06-20
Cachar,udharbond,0,2022-06-20
Cachar,katigorah,9,2022-06-20
Cachar,lakhipur,4,2022-06-20
Bongaigaon,boitamari,1,2022-06-20
Bongaigaon,manikpur,1,2022-06-20
Bongaigaon,srijangram,0,2022-06-20
Biswanath,biswanath,3,2022-06-20
Barpeta,baghbar,0,2022-06-20
Barpeta,barpeta,0,2022-06-20
Barpeta,sarthebari,6,2022-06-20
Barpeta,chenga,3,2022-06-20
Barpeta,barnagar,7,2022-06-20
Kamrup,rangia,1,2022-06-20
Kamrup,kayan,4,2022-06-20
Kamrup,kamalpur,15,2022-06-20
Kamrup,hajo,6,2022-06-20
Kamrup,north,4,2022-06-20
Bajali,sarupeta,1,2022-06-20
Bajali,bajali,30,2022-06-20
Baksa,baska,1,2022-06-20
Baksa,baganpara,2,2022-06-20
Baksa,barama,0,2022-06-20
Baksa,barnagar,5,2022-06-20
Sonitpur,chariduar,6,2022-06-20
Sonitpur,dhekiajuli,3,2022-06-20
Sonitpur,thelamara,4,2022-06-20
Sonitpur,tezpur,11,2022-06-20
Tamulpur,tamulpur,12,2022-06-20
Tamulpur,goreswar,18,2022-06-20
Tinsukia,doomdooma,1,2022-06-20
Tinsukia,tinsukia,18,2022-06-20
Udalguri,udalguri,25,2022-06-20
Udalguri,mazbat,0,2022-06-20
Udalguri,kalaigaon,12,2022-06-20
Udalguri,harisinga,0,2022-06-20
Udalguri,khairabari,4,2022-06-20
Nalbari,tihu,0,2022-06-20
Nalbari,paschim,0,2022-06-20
Nalbari,banekuchi,0,2022-06-20
Nalbari,barkhetri,0,2022-06-20
Nalbari,barbhag,0,2022-06-20
Nalbari,nalbari,1,2022-06-20
Nalbari,ghograpar,1,2022-06-20
Bongaigaon,manikpur,0,2022-06-21
Bongaigaon,boitamari,5,2022-06-21
Bongaigaon,srijangram,39,2022-06-21
Cachar,silchar,0,2022-06-21
Cachar,lakhipur,0,2022-06-21
Cachar,sonai,0,2022-06-21
Cachar,udharbond,0,2022-06-21
Cachar,katigorah,16,2022-06-21
Chirang,bijni,0,2022-06-21
Chirang,bengtal,0,2022-06-21
Darrang,mangaldoi,55,2022-06-21
Darrang,dalgaon,20,2022-06-21
Darrang,sipajhar,11,2022-06-21
Darrang,patharighat,10,2022-06-21
Dhemaji,jonai,5,2022-06-21
Dhemaji,sissiborgaon,1,2022-06-21
Dhubri,dhubri,1,2022-06-21
Dhubri,chapar,0,2022-06-21
Dhubri,bilasipara,0,2022-06-21
Dhubri,athani,0,2022-06-21
Dhubri,south,23,2022-06-21
Dima-Hasao,haflong,5,2022-06-21
Hailakandi,algapur,9,2022-06-21
Hailakandi,hailakandi,1,2022-06-21
Hailakandi,lala,5,2022-06-21
Golaghat,bokakhat,15,2022-06-21
Hojai,hojai,7,2022-06-21
Hojai,doboka,7,2022-06-21
Hojai,lanka,5,2022-06-21
Kamrup,rangia,4,2022-06-21
Kamrup,kayan,3,2022-06-21
Kamrup,kamalpur,25,2022-06-21
Kamrup,hajo,0,2022-06-21
Kamrup,north,0,2022-06-21
Karbi Anglong West,donkamokam,4,2022-06-21
Karimganj,patherkandi,19,2022-06-21
Karimganj,badarpur,16,2022-06-21
Karimganj,karimganj,3,2022-06-21
Karimganj,nilambazar,23,2022-06-21
Karimganj,rk,24,2022-06-21
Barpeta,barpeta,0,2022-06-21
Barpeta,chenga,7,2022-06-21
Barpeta,baghbar,0,2022-06-21
Barpeta,sarthebari,7,2022-06-21
Barpeta,barnagar,1,2022-06-21
Baksa,barama,0,2022-06-21
Goalpara,matia,0,2022-06-21
Goalpara,balijana,29,2022-06-21
Goalpara,lakhipur,41,2022-06-21
Biswanath,halem,2,2022-06-21
Bajali,sarupeta,1,2022-06-21
Bajali,bajali,95,2022-06-21
Majuli,majuli,6,2022-06-21
Morigaon,mayong,13,2022-06-21
Morigaon,bhuragaon,1,2022-06-21
Morigaon,morigaon,7,2022-06-21
Nagaon,nagaon,12,2022-06-21
Nagaon,kampur,40,2022-06-21
Nagaon,raha,39,2022-06-21
Nalbari,barkhetri,3,2022-06-21
Nalbari,banekuchi,0,2022-06-21
Nalbari,tihu,0,2022-06-21
Nalbari,barbhag,0,2022-06-21
Nalbari,paschim,18,2022-06-21
Nalbari,nalbari,0,2022-06-21
Nalbari,ghograpar,11,2022-06-21
Sonitpur,dhekiajuli,13,2022-06-21
Sonitpur,chariduar,5,2022-06-21
Sonitpur,thelamara,4,2022-06-21
Sonitpur,tezpur,16,2022-06-21
South Salmara,south,8,2022-06-21
South Salmara,mankachar,27,2022-06-21
Tamulpur,goreswar,12,2022-06-21
Tamulpur,tamulpur,12,2022-06-21
Udalguri,udalguri,11,2022-06-21
Udalguri,mazbat,0,2022-06-21
Udalguri,harisinga,0,2022-06-21
Udalguri,kalaigaon,0,2022-06-21
Udalguri,khairabari,2,2022-06-21
Lakhimpur,bihpuria,3,2022-06-21
Lakhimpur,nowboicha,10,2022-06-21
Lakhimpur,subansiri,6,2022-06-21
Lakhimpur,narayanpur,1,2022-06-21
Lakhimpur,north,1,2022-06-21
Karimganj,badarpur,5,2022-06-22
Karimganj,karimganj,3,2022-06-22
Karimganj,patherkandi,0,2022-06-22
Karimganj,nilambazar,5,2022-06-22
Karimganj,rk,25,2022-06-22
Lakhimpur,subansiri,4,2022-06-22
Lakhimpur,bihpuria,9,2022-06-22
Lakhimpur,dhakuakhana,1,2022-06-22
Lakhimpur,narayanpur,3,2022-06-22
Lakhimpur,nowboicha,7,2022-06-22
Majuli,majuli,5,2022-06-22
Morigaon,morigaon,12,2022-06-22
Morigaon,mayong,11,2022-06-22
Nagaon,nagaon,48,2022-06-22
Nagaon,kampur,109,2022-06-22
Nagaon,raha,78,2022-06-22
Nagaon,kaliabor,2,2022-06-22
Tamulpur,goreswar,7,2022-06-22
Tamulpur,tamulpur,4,2022-06-22
Sonitpur,dhekiajuli,1,2022-06-22
Sonitpur,thelamara,2,2022-06-22
Sonitpur,chariduar,2,2022-06-22
Sonitpur,tezpur,2,2022-06-22
South Salmara,mankachar,27,2022-06-22
South Salmara,south,8,2022-06-22
Karbi Anglong West,donkamokam,3,2022-06-22
Udalguri,harisinga,0,2022-06-22
Udalguri,udalguri,11,2022-06-22
Udalguri,mazbat,0,2022-06-22
Udalguri,kalaigaon,0,2022-06-22
Nalbari,tihu,23,2022-06-22
Nalbari,paschim,21,2022-06-22
Nalbari,barbhag,0,2022-06-22
Nalbari,banekuchi,0,2022-06-22
Nalbari,barkhetri,4,2022-06-22
Nalbari,nalbari,0,2022-06-22
Nalbari,ghograpar,13,2022-06-22
Kamrup (M),sonapur,5,2022-06-22
Barpeta,baghbar,1,2022-06-22
Barpeta,barpeta,0,2022-06-22
Barpeta,sarthebari,11,2022-06-22
Barpeta,chenga,16,2022-06-22
Barpeta,kalgachia,5,2022-06-22
Hojai,hojai,19,2022-06-22
Hojai,doboka,11,2022-06-22
Hojai,lanka,1,2022-06-22
Bajali,sarupeta,1,2022-06-22
Bajali,bajali,95,2022-06-22
Baksa,barama,0,2022-06-22
Baksa,barnagar,2,2022-06-22
Bongaigaon,boitamari,3,2022-06-22
Bongaigaon,manikpur,1,2022-06-22
Bongaigaon,srijangram,12,2022-06-22
Chirang,bijni,0,2022-06-22
Chirang,bengtal,0,2022-06-22
Darrang,dalgaon,0,2022-06-22
Darrang,sipajhar,38,2022-06-22
Darrang,mangaldoi,55,2022-06-22
Darrang,patharighat,16,2022-06-22
Cachar,katigorah,0,2022-06-22
Cachar,lakhipur,0,2022-06-22
Cachar,silchar,83,2022-06-22
Cachar,sonai,0,2022-06-22
Cachar,udharbond,0,2022-06-22
Dibrugarh,chabua,1,2022-06-22
Dima-Hasao,haflong,9,2022-06-22
Goalpara,matia,3,2022-06-22
Goalpara,lakhipur,50,2022-06-22
Goalpara,balijana,27,2022-06-22
Golaghat,bokakhat,4,2022-06-22
Hailakandi,hailakandi,11,2022-06-22
Hailakandi,lala,2,2022-06-22
Hailakandi,algapur,10,2022-06-22
Hailakandi,katlicherra,4,2022-06-22
Dhubri,dhubri,0,2022-06-22
Dhubri,bilasipara,21,2022-06-22
Dhubri,athani,0,2022-06-22
Dhubri,south,23,2022-06-22
Kamrup,rangia,2,2022-06-22
Kamrup,north,4,2022-06-22
Kamrup,kamalpur,25,2022-06-22
Kamrup,kayan,0,2022-06-22
Kamrup,hajo,0,2022-06-22
Morigaon,morigaon,7,2022-06-23
Morigaon,mayong,13,2022-06-23
Morigaon,mikirbheta,3,2022-06-23
Karbi Anglong West,donkamokam,3,2022-06-23
Karimganj,nilambazar,22,2022-06-23
Karimganj,badarpur,6,2022-06-23
Karimganj,karimganj,17,2022-06-23
Karimganj,patherkandi,12,2022-06-23
Karimganj,rk,25,2022-06-23
Lakhimpur,bihpuria,2,2022-06-23
Lakhimpur,north,1,2022-06-23
Lakhimpur,nowboicha,2,2022-06-23
Lakhimpur,kadam,2,2022-06-23
Majuli,majuli,1,2022-06-23
Tinsukia,tinsukia,2,2022-06-23
Sonitpur,dhekiajuli,2,2022-06-23
South Salmara,mankachar,27,2022-06-23
South Salmara,south,8,2022-06-23
Tamulpur,goreswar,7,2022-06-23
Tamulpur,tamulpur,2,2022-06-23
Kamrup (M),chandrapur,3,2022-06-23
Udalguri,udalguri,13,2022-06-23
Udalguri,mazbat,0,2022-06-23
Nalbari,paschim,0,2022-06-23
Nalbari,barbhag,0,2022-06-23
Nalbari,tihu,0,2022-06-23
Nalbari,barkhetri,4,2022-06-23
Nalbari,nalbari,0,2022-06-23
Kamrup,rangia,1,2022-06-23
Kamrup,hajo,0,2022-06-23
Kamrup,kayan,10,2022-06-23
Kamrup,kamalpur,25,2022-06-23
Kamrup,north,4,2022-06-23
Kamrup,palashbari,3,2022-06-23
Kamrup,chamaria,2,2022-06-23
Nagaon,nagaon,34,2022-06-23
Nagaon,kampur,0,2022-06-23
Nagaon,raha,0,2022-06-23
Hailakandi,algapur,4,2022-06-23
Hailakandi,hailakandi,6,2022-06-23
Hailakandi,lala,6,2022-06-23
Hojai,hojai,17,2022-06-23
Hojai,doboka,6,2022-06-23
Hojai,lanka,2,2022-06-23
Bajali,sarupeta,1,2022-06-23
Bajali,bajali,21,2022-06-23
Baksa,barnagar,8,2022-06-23
Barpeta,barpeta,0,2022-06-23
Barpeta,baghbar,1,2022-06-23
Barpeta,chenga,10,2022-06-23
Barpeta,sarthebari,5,2022-06-23
Barpeta,kalgachia,9,2022-06-23
Bongaigaon,boitamari,1,2022-06-23
Bongaigaon,manikpur,0,2022-06-23
Bongaigaon,srijangram,33,2022-06-23
Cachar,katigorah,0,2022-06-23
Cachar,silchar,85,2022-06-23
Cachar,sonai,0,2022-06-23
Cachar,lakhipur,0,2022-06-23
Cachar,udharbond,0,2022-06-23
Goalpara,matia,0,2022-06-23
Goalpara,lakhipur,43,2022-06-23
Goalpara,balijana,26,2022-06-23
Darrang,mangaldoi,31,2022-06-23
Darrang,sipajhar,12,2022-06-23
Darrang,dalgaon,0,2022-06-23
Darrang,patharighat,10,2022-06-23
Chirang,bijni,0,2022-06-23
Chirang,bengtal,0,2022-06-23
Dhemaji,jonai,11,2022-06-23
Dhemaji,dhemaji,1,2022-06-23
Dhubri,bilasipara,0,2022-06-23
Dhubri,dhubri,11,2022-06-23
Dibrugarh,chabua,5,2022-06-23
Dibrugarh,dibrugarh,1,2022-06-23
Dima-Hasao,haflong,2,2022-06-23
Golaghat,bokakhat,5,2022-06-23
Karbi Anglong West,donkamokam,3,2022-06-24
Karimganj,karimganj,0,2022-06-24
Karimganj,badarpur,23,2022-06-24
Karimganj,nilambazar,7,2022-06-24
Karimganj,patherkandi,0,2022-06-24
Karimganj,rk,25,2022-06-24
Lakhimpur,bihpuria,5,2022-06-24
Lakhimpur,north,1,2022-06-24
Lakhimpur,nowboicha,2,2022-06-24
Morigaon,morigaon,26,2022-06-24
Morigaon,mayong,2,2022-06-24
Nalbari,paschim,0,2022-06-24
Nalbari,barbhag,0,2022-06-24
Nalbari,tihu,0,2022-06-24
Nalbari,nalbari,0,2022-06-24
Nalbari,barkhetri,3,2022-06-24
Kamrup,rangia,1,2022-06-24
Kamrup,kayan,0,2022-06-24
Kamrup,kamalpur,15,2022-06-24
Kamrup,north,0,2022-06-24
Kamrup,hajo,21,2022-06-24
Kamrup,chamaria,2,2022-06-24
Sonitpur,dhekiajuli,0,2022-06-24
Sonitpur,tezpur,1,2022-06-24
South Salmara,mankachar,16,2022-06-24
South Salmara,south,8,2022-06-24
Tamulpur,tamulpur,1,2022-06-24
Udalguri,udalguri,2,2022-06-24
Udalguri,khairabari,1,2022-06-24
Nagaon,kampur,0,2022-06-24
Nagaon,nagaon,0,2022-06-24
Nagaon,raha,39,2022-06-24
Hojai,hojai,12,2022-06-24
Hojai,doboka,5,2022-06-24
Dhubri,bilasipara,21,2022-06-24
Dhubri,dhubri,0,2022-06-24
Goalpara,matia,0,2022-06-24
Goalpara,lakhipur,0,2022-06-24
Goalpara,balijana,0,2022-06-24
Dima-Hasao,haflong,6,2022-06-24
Dhemaji,jonai,2,2022-06-24
Dhemaji,sissiborgaon,5,2022-06-24
Dhemaji,dhemaji,4,2022-06-24
Darrang,sipajhar,43,2022-06-24
Darrang,mangaldoi,20,2022-06-24
Darrang,patharighat,1,2022-06-24
Darrang,dalgaon,7,2022-06-24
Chirang,bijni,0,2022-06-24
Bongaigaon,srijangram,0,2022-06-24
Barpeta,barpeta,0,2022-06-24
Barpeta,baghbar,1,2022-06-24
Barpeta,chenga,7,2022-06-24
Barpeta,sarthebari,4,2022-06-24
Barpeta,kalgachia,41,2022-06-24
Baksa,baganpara,2,2022-06-24
Baksa,jalah,1,2022-06-24
Bajali,sarupeta,1,2022-06-24
Bajali,bajali,8,2022-06-24
Hailakandi,hailakandi,8,2022-06-24
Hailakandi,algapur,6,2022-06-24
Cachar,katigorah,0,2022-06-24
Cachar,lakhipur,0,2022-06-24
Cachar,silchar,0,2022-06-24
Cachar,sonai,0,2022-06-24
Cachar,udharbond,0,2022-06-24
Cachar,sonai,0,2022-06-27
Cachar,silchar,88,2022-06-27
Cachar,lakhipur,0,2022-06-27
Cachar,katigorah,16,2022-06-27
Barpeta,baghbar,1,2022-06-27
Barpeta,barpeta,0,2022-06-27
Barpeta,chenga,2,2022-06-27
Baksa,jalah,1,2022-06-27
Darrang,sipajhar,4,2022-06-27
Darrang,mangaldoi,0,2022-06-27
Lakhimpur,dhakuakhana,1,2022-06-27
Hailakandi,hailakandi,2,2022-06-27
Hailakandi,algapur,4,2022-06-27
Kamrup,kayan,0,2022-06-27
Kamrup,hajo,14,2022-06-27
Kamrup,kamalpur,2,2022-06-27
Kamrup,north,2,2022-06-27
Kamrup,rangia,1,2022-06-27
Kamrup,chamaria,1,2022-06-27
Dima-Hasao,haflong,2,2022-06-27
Karimganj,nilambazar,0,2022-06-27
Karimganj,karimganj,0,2022-06-27
Karimganj,badarpur,2,2022-06-27
Karimganj,patherkandi,0,2022-06-27
Goalpara,lakhipur,0,2022-06-27
Udalguri,udalguri,0,2022-06-27
Chirang,bijni,0,2022-06-27
Sonitpur,dhekiajuli,0,2022-06-27
Nalbari,paschim,0,2022-06-27
Nalbari,barbhag,0,2022-06-27
Nagaon,nagaon,8,2022-06-27
Nagaon,kampur,0,2022-06-27
Nagaon,raha,0,2022-06-27
Morigaon,morigaon,12,2022-06-27
Morigaon,mikirbheta,10,2022-06-27
Morigaon,mayong,1,2022-06-27
Tamulpur,goreswar,1,2022-06-27
Majuli,majuli,2,2022-06-27
Udalguri,udalguri,0,2022-06-28
Bajali,sarupeta,1,2022-06-28
Tinsukia,doomdooma,1,2022-06-28
Tamulpur,goreswar,1,2022-06-28
Sonitpur,dhekiajuli,0,2022-06-28
Cachar,katigorah,0,2022-06-28
Cachar,sonai,0,2022-06-28
Cachar,silchar,0,2022-06-28
Cachar,lakhipur,0,2022-06-28
Morigaon,morigaon,0,2022-06-28
Morigaon,mikirbheta,9,2022-06-28
Morigaon,mayong,1,2022-06-28
Biswanath,halem,2,2022-06-28
Biswanath,gohpur,0,2022-06-28
Bongaigaon,manikpur,6,2022-06-28
Bongaigaon,srijangram,5,2022-06-28
Chirang,bijni,4,2022-06-28
Chirang,bengtal,0,2022-06-28
Chirang,sidli,3,2022-06-28
Darrang,mangaldoi,0,2022-06-28
Darrang,sipajhar,4,2022-06-28
Dhemaji,dhemaji,0,2022-06-28
Dhemaji,sissiborgaon,1,2022-06-28
Dima-Hasao,haflong,1,2022-06-28
Nalbari,paschim,0,2022-06-28
Nalbari,barbhag,0,2022-06-28
Goalpara,lakhipur,0,2022-06-28
Hojai,hojai,7,2022-06-28
Kamrup,north,0,2022-06-28
Kamrup,kayan,0,2022-06-28
Kamrup,kamalpur,0,2022-06-28
Kamrup,hajo,6,2022-06-28
Karimganj,nilambazar,0,2022-06-28
Karimganj,karimganj,0,2022-06-28
Karimganj,rk,0,2022-06-28
Karimganj,badarpur,0,2022-06-28
Karimganj,patherkandi,10,2022-06-28
Lakhimpur,dhakuakhana,1,2022-06-28
Lakhimpur,bihpuria,4,2022-06-28
Majuli,ujani,2,2022-06-28
Hailakandi,hailakandi,1,2022-06-28
Hailakandi,algapur,1,2022-06-28
Nagaon,nagaon,0,2022-06-28
Nagaon,raha,0,2022-06-28
Nagaon,kampur,0,2022-06-28
Barpeta,barpeta,0,2022-06-28
Barpeta,baghbar,0,2022-06-28
Barpeta,chenga,0,2022-06-28
Barpeta,sarthebari,1,2022-06-28
Sonitpur,dhekiajuli,0,2022-06-29
Bajali,sarupeta,0,2022-06-29
Barpeta,barpeta,0,2022-06-29
Barpeta,baghbar,0,2022-06-29
Barpeta,chenga,0,2022-06-29
Tamulpur,goreswar,0,2022-06-29
Cachar,silchar,67,2022-06-29
Cachar,lakhipur,0,2022-06-29
Cachar,sonai,0,2022-06-29
Cachar,katigorah,16,2022-06-29
Chirang,bijni,0,2022-06-29
Chirang,bengtal,0,2022-06-29
Darrang,mangaldoi,0,2022-06-29
Darrang,sipajhar,4,2022-06-29
Dhemaji,dhemaji,6,2022-06-29
Dhemaji,sissiborgaon,2,2022-06-29
Dibrugarh,moran,1,2022-06-29
Dima-Hasao,haflong,3,2022-06-29
Hailakandi,algapur,1,2022-06-29
Hojai,hojai,5,2022-06-29
Hojai,lanka,2,2022-06-29
Kamrup,hajo,4,2022-06-29
Kamrup,kayan,0,2022-06-29
Kamrup,north,2,2022-06-29
Biswanath,halem,2,2022-06-29
Biswanath,gohpur,0,2022-06-29
Biswanath,biswanath,4,2022-06-29
Lakhimpur,narayanpur,12,2022-06-29
Lakhimpur,subansiri,8,2022-06-29
Lakhimpur,north,1,2022-06-29
Nalbari,paschim,0,2022-06-29
Nalbari,barbhag,0,2022-06-29
Tinsukia,doomdooma,5,2022-06-29
Tinsukia,tinsukia,7,2022-06-29
Udalguri,udalguri,0,2022-06-29
Karimganj,nilambazar,18,2022-06-29
Karimganj,badarpur,0,2022-06-29
Karimganj,karimganj,0,2022-06-29
Karimganj,rk,0,2022-06-29
Nagaon,kampur,0,2022-06-29
Nagaon,nagaon,34,2022-06-29
Nagaon,raha,45,2022-06-29
Morigaon,morigaon,15,2022-06-29
Morigaon,mikirbheta,14,2022-06-29
Majuli,majuli,1,2022-06-29
Majuli,ujani,1,2022-06-29
Tinsukia,doomdooma,2,2022-06-30
Tinsukia,tinsukia,17,2022-06-30
Tinsukia,sadiya,2,2022-06-30
Tamulpur,goreswar,2,2022-06-30
Sonitpur,dhekiajuli,1,2022-06-30
Nalbari,paschim,0,2022-06-30
Nalbari,barbhag,0,2022-06-30
Kamrup,kayan,0,2022-06-30
Kamrup,north,1,2022-06-30
Kamrup,hajo,3,2022-06-30
Morigaon,morigaon,11,2022-06-30
Morigaon,mikirbheta,15,2022-06-30
Majuli,majuli,10,2022-06-30
Lakhimpur,subansiri,6,2022-06-30
Lakhimpur,narayanpur,10,2022-06-30
Lakhimpur,dhakuakhana,2,2022-06-30
Lakhimpur,bihpuria,2,2022-06-30
Lakhimpur,nowboicha,6,2022-06-30
Karimganj,nilambazar,2,2022-06-30
Karimganj,karimganj,0,2022-06-30
Karimganj,rk,0,2022-06-30
Karimganj,badarpur,2,2022-06-30
Udalguri,udalguri,0,2022-06-30
Nagaon,nagaon,14,2022-06-30
Nagaon,raha,0,2022-06-30
Nagaon,kampur,97,2022-06-30
Hojai,hojai,3,2022-06-30
Dima-Hasao,haflong,4,2022-06-30
Biswanath,halem,19,2022-06-30
Biswanath,biswanath,1,2022-06-30
Cachar,silchar,0,2022-06-30
Cachar,katigorah,0,2022-06-30
Cachar,sonai,79,2022-06-30
Cachar,lakhipur,0,2022-06-30
Chirang,bengtal,0,2022-06-30
Chirang,bijni,0,2022-06-30
Hailakandi,hailakandi,0,2022-06-30
Barpeta,barpeta,0,2022-06-30
Barpeta,baghbar,0,2022-06-30
Barpeta,chenga,0,2022-06-30
Darrang,mangaldoi,14,2022-06-30
Darrang,sipajhar,0,2022-06-30
Dhemaji,dhemaji,3,2022-06-30
Dhemaji,sissiborgaon,5,2022-06-30
Dhemaji,gogamukh,7,2022-06-30
Dhemaji,jonai,12,2022-06-30
Dibrugarh,chabua,1,2022-06-30
Dibrugarh,tengakhat,2,2022-06-30
Bajali,sarupeta,0,2022-06-30
Kamrup,kayan,0,2022-01-07
Kamrup,hajo,3,2022-01-07
Kamrup,north,0,2022-01-07
Hojai,hojai,0,2022-01-07
Karimganj,nilambazar,0,2022-01-07
Karimganj,badarpur,0,2022-01-07
Karimganj,rk,0,2022-01-07
Karimganj,karimganj,0,2022-01-07
Karimganj,patherkandi,3,2022-01-07
Lakhimpur,narayanpur,1,2022-01-07
Lakhimpur,subansiri,20,2022-01-07
Lakhimpur,dhakuakhana,1,2022-01-07
Lakhimpur,bihpuria,4,2022-01-07
Lakhimpur,nowboicha,2,2022-01-07
Bajali,sarupeta,1,2022-01-07
Majuli,majuli,4,2022-01-07
Majuli,ujani,8,2022-01-07
Morigaon,morigaon,11,2022-01-07
Morigaon,mikirbheta,5,2022-01-07
Morigaon,bhuragaon,0,2022-01-07
Morigaon,mayong,0,2022-01-07
Nagaon,kampur,0,2022-01-07
Nagaon,raha,0,2022-01-07
Nagaon,nagaon,14,2022-01-07
Nalbari,paschim,0,2022-01-07
Nalbari,barbhag,0,2022-01-07
Udalguri,udalguri,0,2022-01-07
Tinsukia,tinsukia,4,2022-01-07
Tinsukia,doomdooma,0,2022-01-07
Karbi Anglong West,donkamokam,34,2022-01-07
Sonitpur,dhekiajuli,1,2022-01-07
Sonitpur,thelamara,1,2022-01-07
Sonitpur,tezpur,1,2022-01-07
Dima-Hasao,haflong,8,2022-01-07
Barpeta,barpeta,0,2022-01-07
Barpeta,chenga,0,2022-01-07
Dibrugarh,dibrugarh,4,2022-01-07
Dibrugarh,chabua,6,2022-01-07
Dibrugarh,tengakhat,4,2022-01-07
Dibrugarh,moran,7,2022-01-07
Dibrugarh,tingkhong,1,2022-01-07
Hailakandi,algapur,0,2022-01-07
Hailakandi,hailakandi,0,2022-01-07
Tamulpur,goreswar,0,2022-01-07
Darrang,sipajhar,3,2022-01-07
Chirang,bijni,0,2022-01-07
Cachar,sonai,0,2022-01-07
Cachar,katigorah,77,2022-01-07
Cachar,silchar,68,2022-01-07
Cachar,lakhipur,0,2022-01-07
Biswanath,halem,5,2022-01-07
Dhemaji,dhemaji,2,2022-01-07
Dhemaji,gogamukh,4,2022-01-07
Dhemaji,jonai,21,2022-01-07
Dhemaji,sissiborgaon,3,2022-01-07
Chirang,bijni,0,2022-02-07
Bajali,sarupeta,0,2022-02-07
Dibrugarh,dibrugarh,4,2022-02-07
Dibrugarh,chabua,2,2022-02-07
Dibrugarh,moran,6,2022-02-07
Dibrugarh,dibrugarh,9,2022-02-07
Dhemaji,sissiborgaon,3,2022-02-07
Dhemaji,jonai,6,2022-02-07
Barpeta,barpeta,0,2022-02-07
Barpeta,chenga,0,2022-02-07
Darrang,mangaldoi,12,2022-02-07
Darrang,sipajhar,6,2022-02-07
Tinsukia,tinsukia,2,2022-02-07
Tinsukia,doomdooma,4,2022-02-07
Dima-Hasao,haflong,2,2022-02-07
Hailakandi,algapur,0,2022-02-07
Hojai,hojai,7,2022-02-07
Karimganj,nilambazar,1,2022-02-07
Karimganj,karimganj,0,2022-02-07
Karimganj,rk,0,2022-02-07
Karimganj,badarpur,0,2022-02-07
Karimganj,patherkandi,12,2022-02-07
Udalguri,udalguri,0,2022-02-07
Kamrup,north,0,2022-02-07
Kamrup,kayan,0,2022-02-07
Kamrup,hajo,0,2022-02-07
Morigaon,mikirbheta,0,2022-02-07
Morigaon,morigaon,13,2022-02-07
Morigaon,bhuragaon,15,2022-02-07
Nagaon,nagaon,0,2022-02-07
Nagaon,kampur,0,2022-02-07
Nagaon,raha,0,2022-02-07
Nalbari,paschim,0,2022-02-07
Sivasagar,demow,6,2022-02-07
Sonitpur,dhekiajuli,1,2022-02-07
Sonitpur,chariduar,2,2022-02-07
Sonitpur,tezpur,1,2022-02-07
Tamulpur,goreswar,3,2022-02-07
Biswanath,halem,2,2022-02-07
Biswanath,gohpur,2,2022-02-07
Cachar,silchar,0,2022-02-07
Cachar,sonai,0,2022-02-07
Cachar,lakhipur,0,2022-02-07
Cachar,katigorah,0,2022-02-07
Lakhimpur,subansiri,5,2022-02-07
Lakhimpur,bihpuria,6,2022-02-07
Lakhimpur,narayanpur,4,2022-02-07
Lakhimpur,nowboicha,1,2022-02-07
Charaideo,sonari,1,2022-02-07
Nalbari,paschim,0,2022-03-07
Nagaon,nagaon,0,2022-03-07
Nagaon,raha,0,2022-03-07
Nagaon,kampur,0,2022-03-07
Dima-Hasao,haflong,0,2022-03-07
Morigaon,bhuragaon,0,2022-03-07
Morigaon,morigaon,8,2022-03-07
Morigaon,mikirbheta,6,2022-03-07
Lakhimpur,narayanpur,3,2022-03-07
Lakhimpur,nowboicha,2,2022-03-07
Sivasagar,demow,4,2022-03-07
Dibrugarh,dibrugarh,3,2022-03-07
Dibrugarh,dibrugarh,4,2022-03-07
Dibrugarh,moran,3,2022-03-07
Dibrugarh,naharkatia,2,2022-03-07
Dibrugarh,tengakhat,1,2022-03-07
Kamrup,north,0,2022-03-07
Kamrup,kayan,0,2022-03-07
Kamrup,hajo,0,2022-03-07
Cachar,katigorah,0,2022-03-07
Cachar,lakhipur,0,2022-03-07
Cachar,sonai,0,2022-03-07
Cachar,silchar,0,2022-03-07
Chirang,bijni,0,2022-03-07
Karimganj,nilambazar,0,2022-03-07
Karimganj,rk,0,2022-03-07
Karimganj,karimganj,4,2022-03-07
Karimganj,badarpur,0,2022-03-07
Hojai,hojai,1,2022-03-07
Tinsukia,tinsukia,0,2022-03-07
Tinsukia,doomdooma,0,2022-03-07
Hailakandi,algapur,2,2022-03-07
Udalguri,udalguri,0,2022-03-07
Udalguri,mazbat,1,2022-03-07
Tamulpur,goreswar,0,2022-03-07
Goalpara,lakhipur,3,2022-03-07
Biswanath,halem,1,2022-03-07
Barpeta,barpeta,0,2022-03-07
Barpeta,chenga,0,2022-03-07
Bajali,sarupeta,0,2022-03-07
Bajali,sarupeta,0,2022-04-07
Barpeta,barpeta,0,2022-04-07
Biswanath,halem,1,2022-04-07
Cachar,katigorah,0,2022-04-07
Cachar,silchar,0,2022-04-07
Cachar,sonai,0,2022-04-07
Cachar,lakhipur,0,2022-04-07
Chirang,bijni,0,2022-04-07
Darrang,mangaldoi,13,2022-04-07
Dibrugarh,dibrugarh,0,2022-04-07
Tamulpur,goreswar,0,2022-04-07
Udalguri,udalguri,0,2022-04-07
Hojai,hojai,2,2022-04-07
Kamrup,kayan,0,2022-04-07
Kamrup,north,0,2022-04-07
Kamrup,hajo,0,2022-04-07
Karimganj,karimganj,5,2022-04-07
Karimganj,nilambazar,0,2022-04-07
Karimganj,badarpur,0,2022-04-07
Karimganj,rk,0,2022-04-07
Lakhimpur,subansiri,2,2022-04-07
Lakhimpur,bihpuria,5,2022-04-07
Lakhimpur,north,1,2022-04-07
Morigaon,mikirbheta,4,2022-04-07
Morigaon,bhuragaon,0,2022-04-07
Morigaon,morigaon,15,2022-04-07
Nagaon,nagaon,0,2022-04-07
Nagaon,kampur,0,2022-04-07
Nagaon,raha,0,2022-04-07
Sonitpur,tezpur,3,2022-04-07
Dima-Hasao,haflong,0,2022-04-07
Hailakandi,algapur,0,2022-04-07
Dibrugarh,dibrugarh,0,2022-05-07
Dibrugarh,moran,1,2022-05-07
Dibrugarh,chabua,1,2022-05-07
Dibrugarh,dibrugarh,4,2022-05-07
Barpeta,barpeta,0,2022-05-07
Barpeta,baghbar,1,2022-05-07
Bajali,sarupeta,0,2022-05-07
Tamulpur,goreswar,0,2022-05-07
Sivasagar,demow,1,2022-05-07
Morigaon,mikirbheta,2,2022-05-07
Morigaon,morigaon,0,2022-05-07
Morigaon,bhuragaon,0,2022-05-07
Lakhimpur,subansiri,3,2022-05-07
Karimganj,nilambazar,0,2022-05-07
Karimganj,karimganj,0,2022-05-07
Karimganj,rk,0,2022-05-07
Karimganj,badarpur,0,2022-05-07
Karimganj,patherkandi,6,2022-05-07
Nagaon,nagaon,0,2022-05-07
Nagaon,raha,60,2022-05-07
Nagaon,kampur,0,2022-05-07
Hailakandi,algapur,0,2022-05-07
Dima-Hasao,haflong,0,2022-05-07
Darrang,sipajhar,5,2022-05-07
Chirang,bijni,0,2022-05-07
Cachar,sonai,0,2022-05-07
Cachar,lakhipur,0,2022-05-07
Cachar,silchar,0,2022-05-07
Cachar,katigorah,0,2022-05-07
Kamrup,kayan,0,2022-05-07
Kamrup,north,0,2022-05-07
Kamrup,kayan,0,2022-06-07
Kamrup,north,0,2022-06-07
Tamulpur,goreswar,0,2022-06-07
Nagaon,kampur,0,2022-06-07
Nagaon,nagaon,0,2022-06-07
Nagaon,raha,0,2022-06-07
Morigaon,morigaon,0,2022-06-07
Morigaon,bhuragaon,0,2022-06-07
Lakhimpur,subansiri,3,2022-06-07
Karimganj,nilambazar,8,2022-06-07
Karimganj,rk,0,2022-06-07
Karimganj,karimganj,0,2022-06-07
Karimganj,badarpur,0,2022-06-07
Hailakandi,algapur,0,2022-06-07
Biswanath,gohpur,2,2022-06-07
Dibrugarh,dibrugarh,0,2022-06-07
Dibrugarh,chabua,2,2022-06-07
Dhemaji,jonai,4,2022-06-07
Darrang,sipajhar,1,2022-06-07
Chirang,bijni,0,2022-06-07
Cachar,silchar,0,2022-06-07
Cachar,katigorah,0,2022-06-07
Cachar,sonai,0,2022-06-07
Cachar,lakhipur,0,2022-06-07
Bajali,sarupeta,0,2022-06-07
Dima-Hasao,haflong,0,2022-06-07
Sivasagar,sivsagar,1,2022-06-07
Sivasagar,demow,8,2022-06-07
Bajali,sarupeta,0,2022-07-07
Nagaon,kampur,0,2022-07-07
Nagaon,raha,0,2022-07-07
Dibrugarh,dibrugarh,0,2022-07-07
Dibrugarh,dibrugarh,1,2022-07-07
Sivasagar,sivsagar,2,2022-07-07
Sivasagar,demow,5,2022-07-07
Dima-Hasao,haflong,0,2022-07-07
Hailakandi,algapur,0,2022-07-07
Hailakandi,hailakandi,10,2022-07-07
Chirang,bijni,0,2022-07-07
Kamrup,kayan,0,2022-07-07
Kamrup,north,0,2022-07-07
Cachar,lakhipur,0,2022-07-07
Cachar,silchar,0,2022-07-07
Cachar,sonai,0,2022-07-07
Cachar,katigorah,0,2022-07-07
Morigaon,morigaon,20,2022-07-07
Tamulpur,goreswar,1,2022-07-07
Karimganj,rk,0,2022-07-07
Karimganj,karimganj,0,2022-07-07
Karimganj,nilambazar,0,2022-07-07
Karimganj,badarpur,0,2022-07-07
Dibrugarh,dibrugarh,1,2022-08-07
Dibrugarh,naharkatia,5,2022-08-07
Cachar,sonai,0,2022-08-07
Cachar,silchar,0,2022-08-07
Cachar,lakhipur,0,2022-08-07
Cachar,katigorah,0,2022-08-07
Bajali,sarupeta,0,2022-08-07
Dima-Hasao,haflong,4,2022-08-07
Karimganj,nilambazar,0,2022-08-07
Karimganj,karimganj,0,2022-08-07
Karimganj,badarpur,0,2022-08-07
Karimganj,patherkandi,4,2022-08-07
Chirang,bijni,0,2022-08-07
Kamrup,kayan,0,2022-08-07
Kamrup,north,0,2022-08-07
Morigaon,morigaon,0,2022-08-07
Nagaon,raha,0,2022-08-07
Sivasagar,demow,5,2022-08-07
Tamulpur,goreswar,0,2022-08-07
Hailakandi,algapur,0,2022-08-07
Bajali,sarupeta,0,2022-09-07
Tamulpur,goreswar,0,2022-09-07
Morigaon,morigaon,0,2022-09-07
Cachar,silchar,0,2022-09-07
Cachar,lakhipur,0,2022-09-07
Cachar,katigorah,0,2022-09-07
Chirang,bijni,0,2022-09-07
Karimganj,nilambazar,0,2022-09-07
Karimganj,karimganj,11,2022-09-07
Karimganj,badarpur,0,2022-09-07
Dima-Hasao,haflong,0,2022-09-07
Hailakandi,algapur,0,2022-09-07
Kamrup,kayan,0,2022-09-07
Dima-Hasao,haflong,0,2022-10-07
Chirang,bijni,0,2022-10-07
Tamulpur,goreswar,2,2022-10-07
Kamrup,kayan,0,2022-10-07
Morigaon,morigaon,0,2022-10-07
Nagaon,raha,46,2022-10-07
Cachar,silchar,0,2022-10-07
Cachar,lakhipur,0,2022-10-07
Cachar,katigorah,0,2022-10-07
Bajali,sarupeta,0,2022-10-07
Morigaon,morigaon,0,2022-11-07
Bajali,sarupeta,0,2022-11-07
Dima-Hasao,haflong,6,2022-11-07
Biswanath,halem,1,2022-11-07
Cachar,silchar,0,2022-11-07
Cachar,katigorah,0,2022-11-07
Cachar,lakhipur,0,2022-11-07
Chirang,bijni,0,2022-11-07
Tamulpur,goreswar,0,2022-11-07
Kamrup,kayan,0,2022-11-07
Morigaon,morigaon,0,2022-12-07
Dima-Hasao,haflong,0,2022-12-07
Cachar,silchar,0,2022-12-07
Cachar,lakhipur,0,2022-12-07
Cachar,katigorah,0,2022-12-07
Tamulpur,goreswar,0,2022-12-07
Chirang,bijni,0,2022-12-07
Dima-Hasao,haflong,0,2022-07-14
Cachar,silchar,0,2022-07-14
Cachar,katigorah,0,2022-07-14
Chirang,bijni,0,2022-07-14
Tamulpur,goreswar,2,2022-07-14
Morigaon,morigaon,0,2022-07-14
Morigaon,morigaon,0,2022-07-15
Cachar,silchar,0,2022-07-15
Chirang,bijni,0,2022-07-15
Dima-Hasao,haflong,0,2022-07-15
Cachar,silchar,0,2022-07-16
Chirang,bijni,0,2022-07-16
Dima-Hasao,haflong,6,2022-07-16
Morigaon,morigaon,0,2022-07-16
Cachar,silchar,0,2022-07-17
Dima-Hasao,haflong,0,2022-07-17
Morigaon,morigaon,0,2022-07-17
Dima-Hasao,haflong,1,2022-07-18
Biswanath,gohpur,3,2022-07-18
Cachar,silchar,0,2022-07-18
Morigaon,morigaon,0,2022-07-18
Morigaon,morigaon,0,2022-07-19
Dima-Hasao,haflong,1,2022-07-19
Cachar,silchar,0,2022-07-19
Cachar,silchar,0,2022-07-20
Dima-Hasao,haflong,1,2022-07-20
Morigaon,morigaon,0,2022-07-20
Tinsukia,sadiya,1,2022-07-20
Cachar,silchar,0,2022-07-21
Morigaon,morigaon,0,2022-07-21
Tinsukia,sadiya,1,2022-07-21
Tinsukia,tinsukia,1,2022-07-21
Cachar,silchar,0,2022-07-22
Morigaon,morigaon,0,2022-07-22
Cachar,silchar,0,2022-07-23
Dima-Hasao,haflong,5,2022-07-23
Morigaon,morigaon,0,2022-07-23
Morigaon,morigaon,0,2022-07-24
Morigaon,morigaon,0,2022-07-25
Tamulpur,goreswar,2,2022-07-25
Dima-Hasao,haflong,1,2022-07-26
Morigaon,morigaon,0,2022-07-26
Morigaon,morigaon,0,2022-07-27
Charaideo,sonari,9,2022-07-28
Charaideo,sapekhati,9,2022-07-28
Morigaon,morigaon,0,2022-07-28
Charaideo,sonari,8,2022-07-29
Morigaon,morigaon,0,2022-07-29
Morigaon,morigaon,0,2022-07-30
Morigaon,morigaon,0,2022-07-31
Dhemaji,dhemaji,3,2022-07-31
Dhemaji,dhemaji,0,2022-01-08
Dhemaji,gogamukh,11,2022-01-08
Lakhimpur,subansiri,6,2022-01-08
Chirang,bijni,0,2022-01-08
Chirang,sidli,2,2022-01-08
Bajali,sarupeta,1,2022-04-08
Chirang,bijni,0,2022-04-08
Udalguri,khairabari,0,2022-04-08
Udalguri,harisinga,0,2022-04-08
Udalguri,harisinga,0,2022-05-08
Udalguri,khairabari,0,2022-05-08
Udalguri,harisinga,0,2022-06-08
Udalguri,harisinga,0,2022-09-08
Udalguri,harisinga,0,2022-10-08
Udalguri,harisinga,0,2022-11-08
Lakhimpur,north,2,2022-12-10
Lakhimpur,nowboicha,5,2022-12-10
Dibrugarh,chabua,1,2022-12-10
Dhemaji,dhemaji,3,2022-12-10
Dhemaji,jonai,2,2022-12-10
Dhemaji,sissiborgaon,3,2022-12-10
Dhemaji,gogamukh,6,2022-12-10
Lakhimpur,subansiri,4,2022-10-13
Lakhimpur,nowboicha,3,2022-10-13
Lakhimpur,north,2,2022-10-13
Dibrugarh,chabua,1,2022-10-13
Lakhimpur,north,3,2022-10-14
Lakhimpur,nowboicha,6,2022-10-14
Lakhimpur,bihpuria,4,2022-10-14
Tinsukia,tinsukia,1,2022-10-14
Chirang,bijni,0,2022-02-08
Dhemaji,dhemaji,2,2022-02-08
Dhemaji,gogamukh,2,2022-02-08
Lakhimpur,subansiri,6,2022-02-08
Udalguri,khairabari,0,2022-02-08
Udalguri,harisinga,0,2022-02-08
Chirang,bijni,0,2022-03-08
Dhemaji,dhemaji,3,2022-03-08
Dhemaji,gogamukh,5,2022-03-08
Udalguri,khairabari,0,2022-03-08
Udalguri,harisinga,0,2022-03-08
Dhemaji,dhemaji,5,2022-11-10
Dhemaji,sissiborgaon,1,2022-11-10
Golaghat,golaghat,2,2022-09-14
Dhemaji,jonai,2,2022-09-09
Dhemaji,dhemaji,1,2022-11-06
Dhemaji,sissiborgaon,1,2022-11-06
Dhemaji,jonai,2,2022-08-09
Bajali,sarupeta,1,2022-06-19
Bajali,bajali,18,2022-06-19
Baksa,barama,1,2022-06-19
Baksa,baska,0,2022-06-19
Baksa,barnagar,15,2022-06-19
Barpeta,barpeta,0,2022-06-19
Barpeta,baghbar,0,2022-06-19
Barpeta,sarthebari,8,2022-06-19
Barpeta,chenga,4,2022-06-19
"Bongaigao
n",manikpur,5,2022-06-19
"Bongaigao
n",boitamari,2,2022-06-19
"Bongaigao
n",srijangram,27,2022-06-19
Cachar,katigorah,0,2022-06-19
Cachar,silchar,0,2022-06-19
Cachar,lakhipur,0,2022-06-19
Cachar,sonai,19,2022-06-19
Cachar,udharbond,0,2022-06-19
Chirang,bengtal,0,2022-06-19
Chirang,bijni,0,2022-06-19
Darrang,mangaldoi,0,2022-06-19
Darrang,dalgaon,0,2022-06-19
Darrang,sipajhar,0,2022-06-19
Darrang,patharighat,11,2022-06-19
Dhemaji,sissiborgaon,2,2022-06-19
Dhemaji,dhemaji,1,2022-06-19
Dhemaji,jonai,3,2022-06-19
Dhemaji,gogamukh,4,2022-06-19
Dhubri,chapar,0,2022-06-19
Dhubri,athani,0,2022-06-19
Dhubri,bilasipara,0,2022-06-19
Dhubri,golakganj,0,2022-06-19
Dibrugarh,chabua,3,2022-06-19
"Dima-
Hasao",haflong,4,2022-06-19
Goalpara,balijana,11,2022-06-19
Goalpara,lakhipur,30,2022-06-19
Goalpara,matia,0,2022-06-19
Hailakandi,hailakandi,5,2022-06-19
Hailakandi,algapur,0,2022-06-19
Hailakandi,katlicherra,1,2022-06-19
Hailakandi,lala,2,2022-06-19
Hojai,hojai,0,2022-06-19
Hojai,doboka,14,2022-06-19
Kamrup,rangia,1,2022-06-19
Kamrup,hajo,0,2022-06-19
Kamrup,north,11,2022-06-19
Kamrup,kamalpur,10,2022-06-19
Kamrup,kayan,5,2022-06-19
"Kamrup 
(M)",guwahati,4,2022-06-19
"Karbi 
Anglong 
West",donkamokam,6,2022-06-19
Karimganj,badarpur,8,2022-06-19
Karimganj,patherkandi,4,2022-06-19
Karimganj,karimganj,0,2022-06-19
Karimganj,nilambazar,6,2022-06-19
Karimganj,rk,25,2022-06-19
Kokrajhar,gossaigaon,0,2022-06-19
Kokrajhar,bagribari,4,2022-06-19
Kokrajhar,kokrajhar,0,2022-06-19
Kokrajhar,dotma,17,2022-06-19
Kokrajhar,bhawraguri,3,2022-06-19
Lakhimpur,north,3,2022-06-19
Lakhimpur,dhakuakhana,1,2022-06-19
Lakhimpur,bihpuria,2,2022-06-19
Lakhimpur,nowboicha,6,2022-06-19
Nagaon,kampur,0,2022-06-19
Nagaon,raha,0,2022-06-19
Nagaon,nagaon,0,2022-06-19
Nalbari,ghograpar,5,2022-06-19
Nalbari,tihu,0,2022-06-19
Nalbari,banekuchi,0,2022-06-19
Nalbari,paschim,0,2022-06-19
Nalbari,barbhag,0,2022-06-19
Nalbari,nalbari,4,2022-06-19
Sivasagar,sivsagar,7,2022-06-19
Sonitpur,dhekiajuli,2,2022-06-19
Sonitpur,chariduar,0,2022-06-19
Sonitpur,thelamara,17,2022-06-19
Sonitpur,tezpur,5,2022-06-19
Tamulpur,goreswar,9,2022-06-19
Tamulpur,tamulpur,11,2022-06-19
Tinsukia,doomdooma,4,2022-06-19
Tinsukia,tinsukia,2,2022-06-19
Udalguri,udalguri,22,2022-06-19
Udalguri,harisinga,4,2022-06-19
Udalguri,kalaigaon,0,2022-06-19
Udalguri,mazbat,0,2022-06-19
Udalguri,khairabari,4,2022-06-19
Cachar,silchar,0,2022-06-26
Cachar,sonai,0,2022-06-26
Cachar,katigorah,0,2022-06-26
Cachar,lakhipur,0,2022-06-26
Chirang,bijni,0,2022-06-26
Darrang,mangaldoi,15,2022-06-26
Darrang,sipajhar,5,2022-06-26
Dhemaji,sissiborgaon,2,2022-06-26
Dibrugarh,dibrugarh,1,2022-06-26
"Dima-
Hasao",haflong,0,2022-06-26
Goalpara,lakhipur,0,2022-06-26
Goalpara,balijana,0,2022-06-26
Hailakandi,algapur,0,2022-06-26
Hailakandi,hailakandi,4,2022-06-26
Hojai,hojai,0,2022-06-26
Kamrup,kayan,0,2022-06-26
Kamrup,kamalpur,2,2022-06-26
Kamrup,north,0,2022-06-26
Kamrup,rangia,1,2022-06-26
Kamrup,hajo,12,2022-06-26
"Karbi 
Anglong 
West",donkamokam,4,2022-06-26
Karimganj,badarpur,0,2022-06-26
Karimganj,nilambazar,0,2022-06-26
Karimganj,karimganj,0,2022-06-26
Karimganj,patherkandi,0,2022-06-26
Karimganj,rk,25,2022-06-26
Lakhimpur,north,1,2022-06-26
Lakhimpur,subansiri,9,2022-06-26
Lakhimpur,nowboicha,1,2022-06-26
Morigaon,morigaon,0,2022-06-26
Nagaon,raha,0,2022-06-26
Nagaon,nagaon,0,2022-06-26
Nagaon,kampur,0,2022-06-26
Nalbari,paschim,0,2022-06-26
Nalbari,barbhag,0,2022-06-26
Nalbari,tihu,0,2022-06-26
Sonitpur,dhekiajuli,0,2022-06-26
"South 
Salmara",mankachar,0,2022-06-26
Tamulpur,goreswar,0,2022-06-26
Udalguri,udalguri,0,2022-06-26
Udalguri,mazbat,1,2022-06-26
Bajali,sarupeta,1,2022-06-26
Bajali,bajali,1,2022-06-26
Baksa,baska,1,2022-06-26
Barpeta,barpeta,0,2022-06-26
Barpeta,baghbar,1,2022-06-26
Barpeta,chenga,6,2022-06-26
Barpeta,barnagar,11,2022-06-26
Barpeta,kalgachia,12,2022-06-26
Dima-Hasao,haflong,5,2022-06-14
Kamrup (M),guwahati,0,2022-06-14
Kamrup (M),dispur,0,2022-06-14
Bajali,sarupeta,0,2022-06-25
Bajali,bajali,1,2022-06-25
Baksa,barnagar,4,2022-06-25
Barpeta,barpeta,0,2022-06-25
Barpeta,baghbar,1,2022-06-25
Barpeta,chenga,11,2022-06-25
Barpeta,kalgachia,11,2022-06-25
Cachar,lakhipur,0,2022-06-25
Cachar,katigorah,0,2022-06-25
Cachar,udharbond,0,2022-06-25
Cachar,sonai,0,2022-06-25
Cachar,silchar,0,2022-06-25
Chirang,bijni,0,2022-06-25
Darrang,sipajhar,11,2022-06-25
Darrang,mangaldoi,26,2022-06-25
Darrang,patharighat,1,2022-06-25
Dhemaji,dhemaji,2,2022-06-25
Dhemaji,sissiborgaon,3,2022-06-25
Dhemaji,gogamukh,7,2022-06-25
Dibrugarh,dibrugarh,1,2022-06-25
"Dima-
Hasao",haflong,1,2022-06-25
Goalpara,lakhipur,0,2022-06-25
Goalpara,balijana,0,2022-06-25
"Hailakand
i",hailakandi,10,2022-06-25
"Hailakand
i",lala,2,2022-06-25
"Hailakand
i",algapur,1,2022-06-25
Hojai,doboka,0,2022-06-25
Hojai,hojai,5,2022-06-25
Kamrup,rangia,1,2022-06-25
Kamrup,kamalpur,12,2022-06-25
Kamrup,north,0,2022-06-25
Kamrup,kayan,0,2022-06-25
Kamrup,hajo,12,2022-06-25
"Karbi 
Anglong 
West",donkamokam,2,2022-06-25
Karimganj,nilambazar,1,2022-06-25
Karimganj,karimganj,0,2022-06-25
Karimganj,badarpur,0,2022-06-25
Karimganj,patherkandi,0,2022-06-25
"Lakhimpu
r",subansiri,3,2022-06-25
"Lakhimpu
r",bihpuria,1,2022-06-25
Morigaon,morigaon,0,2022-06-25
Morigaon,mikirbheta,9,2022-06-25
Nagaon,kampur,47,2022-06-25
Nagaon,nagaon,33,2022-06-25
Nagaon,raha,39,2022-06-25
Nalbari,paschim,0,2022-06-25
Nalbari,tihu,0,2022-06-25
Nalbari,barbhag,0,2022-06-25
Nalbari,nalbari,1,2022-06-25
Sonitpur,dhekiajuli,0,2022-06-25
"South 
Salmara",mankachar,0,2022-06-25
Tamulpur,goreswar,0,2022-06-25
Tamulpur,tamulpur,0,2022-06-25
Cachar,katigorah,0,2022-05-30
Cachar,sonai,0,2022-05-30
Cachar,silchar,0,2022-05-30
Dima-Hasao,haflong,4,2022-05-30
Morigaon,morigaon,0,2022-05-30
Nagaon,nagaon,0,2022-05-30
Nagaon,raha,0,2022-05-30
Nagaon,kampur,0,2022-05-30
Lakhimpur,nowboicha,4,2022-10-15
Cachar,katigorah,0,2022-07-13
Cachar,lakhipur,0,2022-07-13
Cachar,silchar,0,2022-07-13
Chirang,bijni,0,2022-07-13
Dima-Hasao,haflong,5,2022-07-13
Morigaon,morigaon,0,2022-07-13
,,,
,,,
,,,
,,,
,,,
,,,
,,,
,,,
,,,
,,,
,,,
,,,
,,,
,,,
,,,
,,,
,,,
,,,
,,,
,,,
,,,
,,,
,,,
,,,
,,,
,,,
,,,
,,,
,,,
,,,
,,,
,,,
,,,
,,,
,,,
,,,
,,,
,,,
,,,
,,,
,,,
,,,
,,,
,,,
,,,
,,,
,,,
,,,
,,,
,,,
,,,
,,,
,,,
,,,
,,,
,,,
,,,
,,,
,,,
,,,
,,,
,,,
,,,
,,,
,,,
,,,
,,,
,,,
,,,
,,,
,,,
,,,
,,,
,,,
,,,
,,,
,,,
,,,
,,,
,,,
,,,
,,,
,,,
,,,
,,,
,,,
,,,
,,,
,,,
,,,
,,,
,,,
,,,
,,,
,,,
,,,
,,,
,,,
,,,
,,,
,,,
,,,
,,,
,,,
,,,
,,,
,,,
,,,
,,,
,,,
,,,
,,,
,,,
,,,
,,,
,,,
,,,
,,,
,,,
,,,
,,,
,,,
,,,
,,,
,,,
,,,
,,,
,,,
,,,
,,,
,,,
,,,
,,,
,,,
,,,
,,,
,,,
,,,
,,,
,,,
,,,
,,,
,,,
,,,
,,,
,,,
,,,
,,,
,,,
,,,
,,,
,,,
,,,
,,,
,,,
,,,
,,,
,,,
,,,
,,,
,,,
,,,
,,,
,,,
,,,
,,,
,,,
,,,
,,,
,,,
,,,
,,,
,,,
,,,
,,,
,,,
,,,
,,,
,,,
,,,
,,,
,,,
,,,
,,,
,,,
,,,
,,,
,,,
,,,
,,,
,,,
,,,
,,,
,,,
,,,
,,,
,,,
,,,
,,,
,,,
,,,
,,,
,,,
,,,
,,,
,,,
,,,
,,,
,,,
,,,
,,,
,,,
,,,
,,,
,,,
,,,
,,,
,,,
,,,
,,,
,,,
,,,
,,,
,,,
,,,
,,,
,,,
,,,
,,,
,,,
,,,
,,,
,,,
,,,
,,,
,,,
,,,
,,,
,,,
,,,
,,,
,,,
,,,
,,,
,,,
,,,
,,,
,,,
,,,
,,,
,,,
,,,
,,,
,,,
,,,
,,,
,,,
,,,
,,,
,,,
,,,
,,,
,,,
,,,
,,,
,,,
,,,
,,,
,,,
,,,
,,,
,,,
,,,
,,,
,,,
,,,
,,,
,,,
,,,
,,,
,,,
,,,
,,,
,,,
,,,
,,,
,,,
,,,
,,,
,,,
,,,
,,,
,,,
,,,
,,,
,,,
,,,
,,,
,,,
,,,
,,,
,,,
,,,
,,,
,,,
,,,
,,,
,,,
,,,
,,,
,,,
,,,
,,,
,,,
,,,
,,,
,,,
,,,
,,,
,,,
,,,
,,,
,,,
,,,
,,,
,,,
,,,
,,,
,,,
,,,
,,,
,,,
,,,
,,,
,,,
,,,
,,,
,,,
,,,
,,,
,,,
,,,
,,,
,,,
,,,
,,,
,,,
,,,
,,,
,,,
,,,
,,,
,,,
,,,
,,,
,,,
,,,
,,,
,,,
,,,
,,,
,,,
,,,
,,,
,,,
,,,
,,,
,,,
,,,
,,,
,,,
,,,
,,,
,,,
,,,
,,,
,,,
,,,
,,,
,,,
,,,
,,,
,,,
,,,
,,,
,,,
,,,
,,,
,,,
,,,
,,,
,,,
,,,
,,,
,,,
,,,
,,,
,,,
,,,
,,,
,,,
,,,
,,,
,,,
,,,
,,,
,,,
,,,
,,,
,,,
,,,
,,,
,,,
,,,
,,,
,,,
,,,
,,,
,,,
,,,
,,,
,,,
,,,
,,,
,,,
,,,
,,,
,,,
,,,
,,,
,,,
,,,
,,,
,,,
,,,
,,,
,,,
,,,
,,,
,,,
,,,
,,,
,,,
,,,
,,,
,,,
,,,
,,,
,,,
,,,
,,,
,,,
,,,
,,,
,,,
,,,
,,,
,,,
,,,
,,,
,,,
,,,
,,,
,,,
,,,
,,,
,,,
,,,
,,,
,,,
,,,
,,,
,,,
,,,
,,,
,,,
,,,
,,,
,,,
,,,
,,,
,,,
,,,
,,,
,,,
,,,
,,,
,,,
,,,
,,,
,,,
,,,
,,,
,,,
,,,
,,,
,,,
,,,
,,,
,,,
,,,
,,,
,,,
,,,
,,,
,,,
,,,
,,,
,,,
,,,
,,,
,,,
,,,
,,,
,,,
,,,
,,,
,,,
,,,
,,,
,,,
,,,
,,,
,,,
,,,
,,,
,,,
,,,
,,,
,,,
,,,
,,,
,,,
,,,
,,,
,,,
,,,
,,,
,,,
,,,
,,,
,,,
,,,
,,,
,,,
,,,
,,,
,,,
,,,
,,,
,,,
,,,
,,,
,,,
,,,
,,,
,,,
,,,
,,,
,,,
,,,
,,,
,,,
,,,
,,,
,,,
,,,
,,,
,,,
,,,
,,,
,,,
,,,
,,,
,,,
,,,
,,,
,,,
,,,
,,,
,,,
,,,
,,,
,,,
,,,
,,,
,,,
,,,
,,,
,,,
,,,
,,,
,,,
,,,
,,,
,,,
,,,
,,,
,,,
,,,
,,,
,,,
,,,
,,,
,,,
,,,
,,,
,,,
,,,
,,,
,,,
,,,
,,,
,,,
,,,
,,,
,,,
,,,
,,,
,,,
,,,
,,,
,,,
,,,
,,,
,,,
,,,
,,,
,,,
,,,
,,,
,,,
,,,
,,,
,,,
,,,
,,,
,,,
,,,
,,,
,,,
,,,
,,,
,,,
,,,
,,,
,,,
,,,
,,,
,,,
,,,
,,,
,,,
,,,
,,,
,,,
,,,
,,,
,,,
,,,
,,,
,,,
,,,
,,,
,,,
,,,
,,,
,,,
,,,
,,,
,,,
,,,
,,,
,,,
,,,
,,,
,,,
,,,
,,,
,,,
,,,
,,,
,,,
,,,
,,,
,,,
,,,
,,,
,,,
,,,
,,,
,,,
,,,
,,,
,,,
,,,
,,,
,,,
,,,
,,,
,,,
,,,
,,,
,,,
,,,
,,,
,,,
,,,
,,,
,,,
,,,
,,,
,,,
,,,
,,,
,,,
,,,
,,,
,,,
,,,
,,,
,,,
,,,
,,,
,,,
,,,
,,,
,,,
,,,
,,,
,,,
,,,
,,,
,,,
,,,
,,,
,,,
,,,
,,,
,,,
,,,
,,,
,,,
,,,
,,,
,,,
,,,
,,,
,,,
,,,
,,,
,,,
,,,
,,,
,,,
,,,
,,,
,,,
,,,
,,,
,,,
,,,
,,,
,,,
,,,
,,,
,,,
,,,
,,,
,,,
,,,
,,,
,,,
,,,
,,,
,,,
,,,
,,,
,,,
,,,
,,,
,,,
,,,
,,,
,,,
,,,
,,,
,,,
,,,
,,,
,,,
,,,
,,,
,,,
,,,
,,,
,,,
,,,
,,,
,,,
,,,
,,,
,,,
,,,
,,,
,,,
,,,
,,,
,,,
,,,
,,,
,,,
,,,
,,,
,,,
,,,
,,,
,,,
,,,
,,,
,,,
,,,
,,,
,,,
,,,
,,,
,,,
,,,
,,,
,,,
,,,
,,,
,,,
,,,
,,,
,,,
,,,
,,,
,,,
,,,
,,,
,,,
,,,
,,,
,,,
,,,
,,,
,,,
,,,
,,,
,,,
,,,
,,,
,,,
,,,
,,,
,,,
,,,
,,,
,,,
,,,
,,,
,,,
,,,
,,,
,,,
,,,
,,,
,,,
,,,
,,,
,,,
,,,
,,,
,,,
,,,
,,,
,,,
,,,
,,,
,,,
,,,
,,,
,,,
,,,
,,,
,,,
,,,
,,,
,,,
,,,
,,,
,,,
,,,
,,,
,,,
,,,
,,,
,,,
,,,
,,,
,,,
,,,
,,,
,,,
,,,
,,,
,,,
,,,
,,,
,,,
,,,
,,,
,,,
,,,
,,,
,,,
,,,
,,,
,,,
,,,
,,,
,,,
,,,
,,,
,,,
,,,
,,,
,,,
,,,
,,,
,,,
,,,
,,,
,,,
,,,
,,,
,,,
,,,
,,,
,,,
,,,
,,,
,,,
,,,
,,,
,,,
,,,
,,,
,,,
,,,
,,,
,,,
,,,
,,,
,,,
,,,
,,,
,,,
,,,
,,,
,,,
,,,
,,,
,,,
,,,
,,,
,,,
,,,
,,,
,,,
,,,
,,,
,,,
,,,
,,,
,,,
,,,
,,,
,,,
,,,
,,,
,,,
,,,
,,,
,,,
,,,
,,,
,,,
,,,
,,,
,,,
,,,
,,,
,,,
,,,
,,,
,,,
,,,
,,,
,,,
,,,
,,,
,,,
,,,
,,,
,,,
,,,
,,,
,,,
,,,
,,,
,,,
,,,
,,,
,,,
,,,
,,,
,,,
,,,
,,,
,,,
,,,
,,,
,,,
,,,
,,,
,,,
,,,
,,,
,,,
,,,
,,,
,,,
,,,
,,,
,,,
,,,
,,,
,,,
,,,
,,,
,,,
,,,
,,,
,,,
,,,
,,,
,,,
,,,
,,,
,,,
,,,
,,,
,,,
,,,
,,,
,,,
,,,
,,,
,,,
,,,
,,,
,,,
,,,
,,,
,,,
,,,
,,,
,,,
,,,
,,,
,,,
,,,
,,,
,,,
,,,
,,,
,,,
,,,
,,,
,,,
,,,
,,,
,,,
,,,
,,,
,,,
,,,
,,,
,,,
,,,
,,,
,,,
,,,
,,,
,,,
,,,
,,,
,,,
,,,
,,,
,,,
,,,
,,,
,,,
,,,
,,,
,,,
,,,
,,,
,,,
,,,
,,,
,,,
,,,
,,,
,,,
,,,
,,,
,,,
,,,
,,,
,,,
,,,
,,,
,,,
,,,
,,,
,,,
,,,
,,,
,,,
,,,
,,,
,,,
,,,
,,,
,,,
,,,
,,,
,,,
,,,
,,,
,,,
,,,
,,,
,,,
,,,
,,,
,,,
,,,
,,,
,,,
,,,
,,,
,,,
,,,
,,,
,,,
,,,
,,,
,,,
,,,
,,,
,,,
,,,
,,,
,,,
,,,
,,,
,,,
,,,
,,,
,,,
,,,
,,,
,,,
,,,
,,,
,,,
,,,
,,,
,,,
,,,
,,,
,,,
,,,
,,,
,,,
,,,
,,,
,,,
,,,
,,,
,,,
,,,
,,,
,,,
,,,
,,,
,,,
,,,
,,,
,,,
,,,
,,,
,,,
,,,
,,,
,,,
,,,
,,,
,,,
,,,
,,,
,,,
,,,
,,,
,,,
,,,
,,,
,,,
,,,
,,,
,,,
,,,
,,,
,,,
,,,
,,,
,,,
,,,
,,,
,,,
,,,
,,,
,,,
,,,
,,,
,,,
,,,
,,,
,,,
,,,
,,,
,,,
,,,
,,,
,,,
,,,
,,,
,,,
,,,
,,,
,,,
,,,
,,,
,,,
,,,
,,,
,,,
,,,
,,,
,,,
,,,
,,,
,,,
,,,
,,,
,,,
,,,
,,,
,,,
,,,
,,,
,,,
,,,
,,,
,,,
,,,
,,,
,,,
,,,
,,,
,,,
,,,
,,,
,,,
,,,
,,,
,,,
,,,
,,,
,,,
,,,
,,,
,,,
,,,
,,,
,,,
,,,
,,,
,,,
,,,
,,,
,,,
,,,
,,,
,,,
,,,
,,,
,,,
,,,
,,,
,,,
,,,
,,,
,,,
,,,
,,,
,,,
,,,
,,,
,,,
,,,
,,,
,,,
,,,
,,,
,,,
,,,
,,,
,,,
,,,
,,,
,,,
,,,
,,,
,,,
,,,
,,,
,,,
,,,
,,,
,,,
,,,
,,,
,,,
,,,
,,,
,,,
,,,
,,,
,,,
,,,
,,,
,,,
,,,
,,,
,,,
,,,
,,,
,,,
,,,
,,,
,,,
,,,
,,,
,,,
,,,
,,,
,,,
,,,
,,,
,,,
,,,
,,,
,,,
,,,
,,,
,,,
,,,
,,,
,,,
,,,
,,,
,,,
,,,
,,,
,,,
,,,
,,,
,,,
,,,
,,,
,,,
,,,
,,,
,,,
,,,
,,,
,,,
,,,
,,,
,,,
,,,
,,,
,,,
,,,
,,,
,,,
,,,
,,,
,,,
,,,
,,,
,,,
,,,
,,,
,,,
,,,
,,,
,,,
,,,
,,,
,,,
,,,
,,,
,,,
,,,
,,,
,,,
,,,
,,,
,,,
,,,
,,,
,,,
,,,
,,,
,,,
,,,
,,,
,,,
,,,
,,,
,,,
,,,
,,,
,,,
,,,
,,,
,,,
,,,
,,,
,,,
,,,
,,,
,,,
,,,
,,,
,,,
,,,
,,,
,,,
,,,
,,,
,,,
,,,
,,,
,,,
,,,
,,,
,,,
,,,
,,,
,,,
,,,
,,,
,,,
,,,
,,,
,,,
,,,
,,,
,,,
,,,
,,,
,,,
,,,
,,,
,,,
,,,
,,,
,,,
,,,
,,,
,,,
,,,
,,,
,,,
,,,
,,,
,,,
,,,
,,,
,,,
,,,
,,,
,,,
