District,Rice (in Q),Dal (in Q),Salt (in Q),M. Oil (in L),Cattle Feed - Green Fooder (in Q),Cattle Feed - Wheat Bran (in Q),Cattle Feed - Rice Bran (in Q),Date
Cachar,32.95,6.09,1.83,183,0,0,0,15-05-2022
Hojai,22.06,4.47,1.28,128.5,0,0,0,15-05-2022
Karbi Anglong West,31,5,0.6,0.6,0,0,0,15-05-2022
Nagaon,0.31,0.06,0.02,0,0,0,0,15-05-2022
Nagaon,3.36,0.61,0.18,0,0,126,0,16-05-2022
Biswanath,9.37,1.74,0,0,0,0,195.81,16-05-2022
Cachar,8.06,1.49,0.45,45.01,0,0,0,16-05-2022
Hojai,262.69,49.47,14.84,1483.98,0,0,0,16-05-2022
Karbi Anglong West,23.95,4.34,1.31,1.31,0,0,0,16-05-2022
Udalguri,84.84,15.25,4.57,457,0,0,0,17-05-2022
Sonitpur,83.01,15.47,4.65,0,0,0,0,17-05-2022
Nagaon,110.15,20.58,6.17,0,0,236,0,17-05-2022
Karimganj,9.12,1.68,0.5,0,0,0,0,17-05-2022
Karbi Anglong West,23.95,4.34,1.31,130.14,0,0,0,17-05-2022
Kamrup,2.52,0.45,0.14,13.62,0,0,0,17-05-2022
Dibrugarh,75.01,13.76,4.13,0,0,0,0,17-05-2022
Charaideo,2.05,0.38,0.11,0.11,0,0,0,17-05-2022
Cachar,77.68,9.07,2.62,270.66,0,0,0,17-05-2022
Biswanath,32.66,5.94,1.78,178.29,0,0,280.65,17-05-2022
Bajali,0,0,0,0,0,102,0,17-05-2022
Hojai,371.84,65.01,19.44,1944.48,0,0,0,17-05-2022
Bajali,0,0,0,0,0,82.68,0,18-05-2022
Biswanath,244.34,43.48,2.67,132.39,0,79.38,0,18-05-2022
Cachar,239,98.12,23.34,2360.7,0,80,0,18-05-2022
Charaideo,2.63,0.47,0.17,0.17,0,0,0,18-05-2022
Darrang,270.61,50,14.99,263.49,0,0,54,18-05-2022
Hailakandi,46,8.4,2.52,252,0,0,0,18-05-2022
Hojai,344.05,63.88,19.17,1916.34,0,0,532.5,18-05-2022
Kamrup,0,0,0,0,0,356.28,0,18-05-2022
Karimganj,37.17,6.76,2.03,0,0,0,0,18-05-2022
Nagaon,367.24,69.7,20.91,0,0,1200,0,18-05-2022
Sonitpur,29.34,5.21,1.56,0,0,0,0,18-05-2022
Udalguri,91.43,16.78,5.07,506.98,0,0,0,18-05-2022
Dima-Hasao,9.43,1.82,0.78,44.74,0,0,0,18-05-2022
Karbi Anglong West,100.56,18.92,5.67,500.67,9,0,0,18-05-2022
Nagaon,4046.33,770.81,237.12,0,0,1229.37,0,19-05-2022
Nalbari,0,0,0,0,0,251,0,19-05-2022
Sonitpur,0,0,0,0,0,146.56,0,19-05-2022
Udalguri,64.26,11.65,3.5,349.53,0,0,0,19-05-2022
Lakhimpur,24.83,4.55,1.36,136,0,0,283.05,19-05-2022
Karimganj,17.03,3.14,0.94,0,0,0,0,19-05-2022
Karbi Anglong West,13.13,2.4,0.72,0.72,0,0,0,19-05-2022
Hojai,360.8,64.96,19.5,1948.62,0,0,0,19-05-2022
Kamrup,0.44,0.08,0.02,2.4,0,0,0,19-05-2022
Dima-Hasao,16,0.5,0.15,10,0,0,0,19-05-2022
Dibrugarh,0,0,0,0,0,112.5,0,19-05-2022
Dhemaji,11.17,1.93,0.57,57.96,0,0,0,19-05-2022
Darrang,385.8,73.36,22.08,2209.1,0,0,43.8,19-05-2022
Cachar,656.9,114.14,38.78,943.51,0,40,0,19-05-2022
Biswanath,88.02,16.96,3.63,363.06,0,93,0,19-05-2022
Hailakandi,0,0,0,0,0,19,0,19-05-2022
Nagaon,229.4,42.36,12.71,0,0,440,0,20-05-2022
Morigaon,13.1,2.68,0.8,0,0,0,0,20-05-2022
Lakhimpur,0,0,0,0,0,0,39,20-05-2022
Cachar,369,19.78,10.04,804,0,658,0,20-05-2022
Biswanath,1.21,0.22,0.03,2.7,0,0,0,20-05-2022
Hojai,277.45,51.96,15.58,998.56,0,0,100,20-05-2022
Sonitpur,3.6,0.66,0.2,0,0,0,0,20-05-2022
Kamrup,0,0,0,0,0,384.44,0,20-05-2022
Darrang,327.45,59.9,17.88,1788,0,0,792.5,20-05-2022
Karimganj,112.02,21.55,6.47,0,0,0,0,20-05-2022
Karbi Anglong West,13.13,2.4,0.72,0.72,0,0,0,20-05-2022
Hailakandi,36.12,6.64,2.08,201,0,0,0,20-05-2022
Udalguri,20.1,3.82,1.15,114.54,0,0,0,20-05-2022
Dima-Hasao,20,25,13,9,0,0,0,20-05-2022
Sonitpur,0,0,0,0,0,115.8,0,21-05-2022
Udalguri,1.59,0.31,0.09,9.3,0,0,0,21-05-2022
Cachar,1217.12,223.93,36.5,6636.7,0,2823,0,21-05-2022
Dima-Hasao,1.65,0.31,0.13,85.26,0,0,0,21-05-2022
Hailakandi,1.38,0.24,0.8,8,0,0,0,21-05-2022
Hojai,644.81,95.56,278.23,27822.9,0,0,0,21-05-2022
Kamrup,0,0,0,0,0,163.44,0,21-05-2022
Darrang,68.37,12.4,3.73,373,0,0,397.2,21-05-2022
Karimganj,73.04,13.54,4.16,337.19,0,0,0,21-05-2022
Lakhimpur,27.75,5.48,1.65,165,0,0,292,21-05-2022
Morigaon,20.35,3.37,1.01,0,0,0,0,21-05-2022
Nagaon,573.4,103.8,31.14,0,0,210,0,21-05-2022
Nalbari,0,0,0,0,0,296,0,21-05-2022
Karbi Anglong West,83,15.62,4.41,441,0,0,0,21-05-2022
Nagaon,157.98,28.49,8.55,0,0,0,0,22-05-2022
Cachar,595,100.15,31.73,2323.8,0,0,0,22-05-2022
Darrang,38.1,7.05,2.09,211,0,0,219.2,22-05-2022
Hailakandi,0,0,0,0,0,2.24,0,22-05-2022
Barpeta,0,0,0,0,0,548.24,0,22-05-2022
Hojai,119.82,14.92,6.75,443,0,0,57.5,22-05-2022
Karimganj,55.38,10.49,3.13,77.94,0,0,0,22-05-2022
Morigaon,271.51,49.38,14.81,0,0,118,0,22-05-2022
Udalguri,8.53,1.66,0.5,49.78,0,0,0,23-05-2022
Dima-Hasao,37.17,3.54,1.77,177,0,0,0,23-05-2022
Morigaon,600.1,106.95,32.09,0,0,256,0,23-05-2022
Barpeta,0,0,0,0,0,270.81,0,23-05-2022
Cachar,571.89,146.47,52.09,2234,0,0,0,23-05-2022
Darrang,0,0,0,0,0,0,308.28,23-05-2022
Dibrugarh,0,0,0,0,0,17.5,0,23-05-2022
Karimganj,11.81,2.26,0.68,0,0,0,0,23-05-2022
Karbi Anglong West,11.4,1.61,0.49,0.49,0,0,0,23-05-2022
Kamrup,3.65,0.65,0.2,0.2,0,234.82,0,23-05-2022
Nagaon,2121.64,390.37,117.11,0,0,145,0,23-05-2022
Hojai,44,2.55,1.3,69,0,0,0,23-05-2022
Hailakandi,4.86,0.85,0.26,25.5,0,0,0,23-05-2022
Barpeta,0,0,0,0,0,37.95,0,24-05-2022
Cachar,760,279.9,112.77,6051.95,0,7819.14,0,24-05-2022
Nagaon,85.71,15.2,4.56,0,0,505,0,24-05-2022
Morigaon,45.37,8.1,2.43,0,0,250,0,24-05-2022
Karimganj,41.09,7.38,2.21,221.31,0,0,0,24-05-2022
Karbi Anglong West,12.81,2.43,0.73,72.81,0,0,0,24-05-2022
Kamrup,3.65,0.65,0.2,20,0,0,0,24-05-2022
Hojai,13,1.95,0.6,38,0,0,52,24-05-2022
Hailakandi,1.29,0.24,0.07,7,0,0,0,24-05-2022
Goalpara,0,0,0,0,0,93.41,0,24-05-2022
Dima-Hasao,54.77,0,0.3,336,0,0,0,24-05-2022
Darrang,0,0,0,0,0,0,404.3,24-05-2022
Hojai,1.5,0.35,0,0,0,0,1,25-05-2022
Hailakandi,0.98,0.17,0.5,5,0,0,0,25-05-2022
Nagaon,193.11,34.81,10.44,0,0,30,0,25-05-2022
Dima-Hasao,166.73,3.85,1.27,413,0,0,0,25-05-2022
Karimganj,12.81,2.18,0.66,65.52,0,0,0,25-05-2022
Karbi Anglong West,52.22,9.39,2.81,281,0,0,0,25-05-2022
Kamrup,3.65,0.65,0.2,20,0,0,0,25-05-2022
Morigaon,315.14,57.22,17.17,0,0,76,0,25-05-2022
Cachar,100,25.13,7.54,754,0,0,0,25-05-2022
Darrang,0,0,0,0,0,0,71.4,25-05-2022
Morigaon,33.8,6.13,1.84,0,0,300,0,26-05-2022
Karbi Anglong West,0.84,0.16,0.5,4.95,0,0,0,26-05-2022
Nagaon,35.83,6.62,1.98,0,0,0,0,26-05-2022
Hailakandi,0.98,0.17,0.05,5,0,0,0,26-05-2022
Dima-Hasao,30.67,0.7,0.4,515,0,0,0,26-05-2022
Hojai,10.5,0.6,0.25,0,0,0,0,26-05-2022
Cachar,900.25,162.88,48.5,4550.16,0,0,0,26-05-2022
Dima-Hasao,0.4,0.02,0.6,10,0,0,0,27-05-2022
Hailakandi,0.12,0.02,0.01,0.54,0,0,0,27-05-2022
Morigaon,20.66,3.69,1.11,0,0,0,0,27-05-2022
Nagaon,1318.1,240.85,72.25,0,0,380,0,27-05-2022
Dima-Hasao,1,0.2,0.5,50,0,0,0,28-05-2022
Nagaon,47.24,8.53,2.56,0,0,158,0,28-05-2022
Dima-Hasao,28.35,1.5,0.57,150,0,0,0,30-05-2022
Nagaon,0,0,0,0,0,50,0,01-06-2022
Morigaon,197.38,35.76,10.73,0,0,0,0,01-06-2022
Dima-Hasao,166.14,55.25,0,793,0,0,0,02-06-2022
Dima-Hasao,51.71,4.08,0,101,0,0,0,03-06-2022
Cachar,18.5,3.6,1.18,118,0,0,0,03-06-2022
Nagaon,344.23,65.3,13.84,0,0,0,0,04-06-2022
Dima-Hasao,34.23,3.26,0.63,154,0,0,0,07-06-2022
Dima-Hasao,27.51,2.62,0.6,131,0,0,0,08-06-2022
Dima-Hasao,18.06,1.72,0.6,86,0,0,0,09-06-2022
Dhemaji,30.06,5.5,1.65,165,0,0,0,09-06-2022
Dhemaji,18.11,3.19,0.94,95.76,0,0,0,11-06-2022
Dima-Hasao,13.18,1.3,0.5,65,0,0,0,13-06-2022
Dima-Hasao,12.39,1.18,0.5,59,0,0,0,14-06-2022
Dhemaji,18.07,3.28,0.98,98.64,0,0,0,15-06-2022
Dima-Hasao,124.52,4.24,2,212,0,0,0,15-06-2022
Baksa,157.8,27.3,8.19,8.19,0,0,0,15-06-2022
Kamrup (M),3.99,0.17,0.04,22,0,1.8,0,15-06-2022
Bajali,2,0.1,0.1,10,0,436.11,0,15-06-2022
Hojai,200,0,0,0,0,0,22.5,16-06-2022
Kamrup (M),4.59,5.03,1.51,159.2,0,0,0,16-06-2022
Bajali,2,0.5,0.4,40,0,0,0,16-06-2022
Baksa,55.49,9.98,35.66,299.17,0,0,0,16-06-2022
Chirang,71.99,12.97,3.9,389.62,0,0,0,16-06-2022
Darrang,8.5,1.5,0.45,46,0,0,0,16-06-2022
Dibrugarh,63.13,11.57,3.47,0,0,0,0,16-06-2022
Dima-Hasao,29.4,2.8,0.5,140,0,0,0,16-06-2022
Udalguri,8.97,1.68,0.51,0,0,0,0,16-06-2022
Tamulpur,180.71,32.35,9.72,972.9,0,0,0,16-06-2022
Kokrajhar,52.74,9.67,2.9,290.1,0,0,0,16-06-2022
Udalguri,190.56,34.3,10.31,123,0,0,0,17-06-2022
Tinsukia,77.49,11.4,4.25,188.19,0,0,0,17-06-2022
Tamulpur,504.19,83.8,31.65,1535.66,0,611.94,0,17-06-2022
Sonitpur,60.62,11.54,3.46,0,0,0,0,17-06-2022
Nalbari,895.61,182.69,48.23,4824,0,3850,0,17-06-2022
Dhubri,11.17,2.07,0.62,62.43,0,0,0,17-06-2022
Kokrajhar,613.11,113.95,33.75,3375.63,0,0,0,17-06-2022
Bajali,33.28,5.78,131.95,102.03,0,100,0,17-06-2022
Lakhimpur,56.3,10.93,3.28,242.99,0,0,0,17-06-2022
Barpeta,6.84,1.23,0.37,0,0,0,0,17-06-2022
Biswanath,11.22,2.27,0,0,0,0,0,17-06-2022
Bongaigaon,1303.43,236.7,71.16,373.14,0,4437.28,0,17-06-2022
Chirang,142.59,27.67,8.12,811.06,0,0,0,17-06-2022
Dhemaji,39.16,7.24,2.16,143.91,0,0,0,17-06-2022
Baksa,88.75,610.37,4.9,490.44,0,30.69,0,17-06-2022
Karbi Anglong West,110.33,20.58,6.17,617.49,0,0,0,17-06-2022
Kamrup (M),64.32,10.6,3.18,319,0,0,0,17-06-2022
Kamrup,317.57,59.11,18.79,1879.09,0,939,0,17-06-2022
Goalpara,49.54,9.12,2.74,273.6,0,0,0,17-06-2022
Hojai,0,11.4,4.75,228,0,0,0,17-06-2022
Goalpara,20.71,3.77,1.14,113.22,0,0,0,18-06-2022
Hojai,300,7.8,3.25,156,0,0,60,18-06-2022
Kamrup,206.06,67.51,19.98,1997.68,0,1494,0,18-06-2022
Kamrup (M),0.6,0.1,0.03,3,0,0,0,18-06-2022
Karbi Anglong West,129.56,24.46,7.34,7.34,0,0,0,18-06-2022
Karimganj,13,1.2,0.5,0,0,0,0,18-06-2022
Lakhimpur,549.12,101.78,30.53,3137.88,0,0,126.3,18-06-2022
Dima-Hasao,1.26,0.12,0.06,6,0,0,0,18-06-2022
Nalbari,277.67,62.08,19.93,1993,0,0,0,18-06-2022
Sonitpur,506.45,95.66,28.62,0,0,226.4,0,18-06-2022
Tamulpur,363.2,64.01,19.43,393.09,0,0,0,18-06-2022
Udalguri,461.5,87.19,20.02,186.59,0,0,0,18-06-2022
Kokrajhar,56.51,10.38,3.12,311.58,4.5,0,0,18-06-2022
Dhubri,105.17,19.42,5.83,582.51,0,950.54,0,18-06-2022
Nagaon,22.17,4.04,1.21,0,0,0,0,18-06-2022
Darrang,1024.8,210.89,82.77,4227,0,0,922.75,18-06-2022
Chirang,92.5,17.6,5.28,512.92,0,0,0,18-06-2022
Cachar,8.8,1.85,0.53,52,0,0,0,18-06-2022
Bongaigaon,203.25,39.53,10.98,1097.75,0,1398,0,18-06-2022
Barpeta,9017.57,1732.26,913.42,26,0,5314,0,18-06-2022
Baksa,179.76,34.43,10.33,813.05,0,0,0,18-06-2022
Bajali,55.06,28.09,2.21,216.22,0,0,0,18-06-2022
Dhemaji,467.17,83.39,25.02,2372.87,0,160.5,0,18-06-2022
Hailakandi,14.87,2.78,0.84,69.71,0,0,0,19-06-2022
Golaghat,7.23,1.27,0.38,38.16,0,0,0,19-06-2022
Goalpara,143.04,25.64,7.7,769.14,0,1101.26,0,19-06-2022
Dima-Hasao,21,2,1,100,0,0,0,19-06-2022
Dibrugarh,45.36,8.43,2.54,0,0,0,0,19-06-2022
Baksa,237.5,42.47,12.95,1319.01,0,171.04,0,19-06-2022
Dhemaji,10.2,1.86,0.55,55.89,0,217,0,19-06-2022
Bajali,605.98,18.35,12.13,807.92,0,1391.2,0,19-06-2022
Hojai,0,17.1,1.75,216,0,0,81.5,19-06-2022
Barpeta,168.06,31.61,8.3,27,0,2830,0,19-06-2022
Bongaigaon,1242.33,234.48,70.32,6432.5,0,881.25,0,19-06-2022
Cachar,174,35.37,10.48,1048,0,0,0,19-06-2022
Dhubri,27.65,5.09,10.38,152.61,0,3559.63,0,19-06-2022
Kamrup,3367.72,484.93,424.39,15654.64,0,438.68,0,19-06-2022
Kokrajhar,897.55,166.74,50.03,5002.05,100,887,0,19-06-2022
Karimganj,333.57,63.33,17.51,908.89,0,0,0,19-06-2022
Lakhimpur,156.71,28.27,8.49,848.61,0,126.3,150.34,19-06-2022
Nagaon,141.13,25.57,7.68,0,0,250,0,19-06-2022
Nalbari,70.71,12.52,3.75,375.66,0,1036,0,19-06-2022
Sivasagar,106.5,18.88,5.66,0,0,0,0,19-06-2022
Udalguri,318.87,55.6,16.14,1317.18,0,0,0,19-06-2022
Tinsukia,178.79,32.89,9.83,9.83,0,0,0,19-06-2022
Tamulpur,631.3,150.78,23.38,206.38,0,6,0,19-06-2022
Chirang,129.79,23.28,7.03,718.77,135,0,0,19-06-2022
South Salmara,66.9,12.36,3.71,37.1,0,0,0,19-06-2022
Sonitpur,8.59,1.59,0.48,0,0,744.34,0,19-06-2022
Karbi Anglong West,129.56,24.46,7.34,733.85,0,0,0,19-06-2022
Darrang,430.82,110.53,18.85,2105,213.25,0,221.2,19-06-2022
Udalguri,240.5,44.93,13.59,908.61,0,18,476.5,20-06-2022
Tinsukia,122.37,23.24,6.98,51.53,0,0,0,20-06-2022
Tamulpur,509.53,94.9,28.47,257.66,0,1488.39,0,20-06-2022
Barpeta,1281.89,232.34,69.7,0,0,841,0,20-06-2022
Sonitpur,151.85,27.81,8.36,0,0,64.4,0,20-06-2022
Biswanath,2.25,0.41,0.12,12.42,0,506.16,0,20-06-2022
Bongaigaon,608.71,114.7,34.62,2966.26,0,890.4,0,20-06-2022
Cachar,577.2,148.6,42.19,4504.12,0,0,0,20-06-2022
Chirang,88.95,17.15,5.35,536.11,70,0,0,20-06-2022
Bajali,1105.98,466.95,117.21,6472.29,0,1279.3,0,20-06-2022
Darrang,2243,406.27,125.3,11949,0,0,1413,20-06-2022
Dhemaji,0,0,0,0,0,889.24,0,20-06-2022
Dhubri,136.73,25.2,7.58,757.65,0,8300.03,0,20-06-2022
Dibrugarh,0,0,0,0,0,137.09,0,20-06-2022
Dima-Hasao,23.12,2.2,0.79,110,0,0,0,20-06-2022
South Salmara,0,0,0,0,0,6318,0,20-06-2022
Goalpara,117.65,21.63,6.49,649,0,130,0,20-06-2022
Hailakandi,154.1,30.34,8.63,863.11,0,0,0,20-06-2022
Hojai,180,31.5,6.49,420,0,23.5,15,20-06-2022
Kamrup (M),0,0,0,0,0,200,0,20-06-2022
Baksa,71.64,29.62,8.88,152.46,0,0,0,20-06-2022
Karimganj,928.22,179.19,54.13,3668.73,0,0,0,20-06-2022
Kokrajhar,0,0,0,0,0,120,0,20-06-2022
Lakhimpur,1492.57,276.33,82.29,8228.69,0,0,282.85,20-06-2022
Morigaon,1142.1,206.45,61.93,0,0,400,0,20-06-2022
Nagaon,1472.82,270.11,80.89,0,0,548,0,20-06-2022
Nalbari,986.65,216.44,66.19,6619,0,0,0,20-06-2022
Golaghat,65.74,12.1,3.63,363.24,0,0,0,20-06-2022
Karbi Anglong West,94.16,18.13,5.44,543.96,0,0,0,20-06-2022
Kamrup,1486.66,284.21,70.25,7724.83,0,5405.89,0,20-06-2022
Lakhimpur,238.23,43.98,13.19,1319.28,0,0,940.6,21-06-2022
Kamrup (M),0,0,0,0,0,80,0,21-06-2022
Karbi Anglong West,94.16,18.13,5.44,543.96,0,0,0,21-06-2022
Karimganj,2008.99,373.98,86.84,0,0,0,165,21-06-2022
Kokrajhar,0,0,0,0,0,432.4,0,21-06-2022
Hailakandi,893.08,171.37,51.16,3390900,0,2.58,0,21-06-2022
Majuli,273.59,52.21,15.66,1566.18,0,0,0,21-06-2022
Morigaon,590,104.91,33.48,0,0,500,0,21-06-2022
Nagaon,2830.44,530.1,159.03,0,0,0,0,21-06-2022
Nalbari,1807.89,453.32,108.52,10861,0,0,0,21-06-2022
Sonitpur,228.74,42.41,13.19,0,0,1243.82,0,21-06-2022
South Salmara,2227.83,417.75,125.32,5.85,0,558,0,21-06-2022
Tamulpur,596.58,110.4,33.16,64.29,0,0,490,21-06-2022
Udalguri,64.45,12.32,3.7,369.61,0.5,56.8,0,21-06-2022
Kamrup,1876.97,375.65,99.61,10069.26,0,2968.25,0,21-06-2022
Golaghat,274.6,50.92,15.27,1527.75,0,0,4.7,21-06-2022
Dima-Hasao,18.76,1.78,0.16,89,0,0,0,21-06-2022
Dhubri,4456.69,825.36,247.66,879.5,0,2036.64,0,21-06-2022
Dhemaji,416.65,77.49,23.26,496.89,0,0,0,21-06-2022
Darrang,3605.12,652.68,196.59,19443,0,25,1189.2,21-06-2022
Chirang,14.86,2.59,0.87,87,130,0,0,21-06-2022
Bongaigaon,1237.52,233.57,70.01,2135.04,0,120,0,21-06-2022
Biswanath,0,0,0,0,0,2140.5,0,21-06-2022
Barpeta,2882.7,598.84,175.57,57,0,6325,0,21-06-2022
Baksa,0.99,0.17,0.5,5,0,0,0,21-06-2022
Bajali,2370.7,843,61,24640.2,0,2513.39,0,21-06-2022
Goalpara,110.21,20.15,6.05,604.35,0,631.32,0,21-06-2022
Hojai,220,33.3,9.75,528,0,0,75,21-06-2022
Karimganj,1055.19,189.99,70.82,185,0,45,0,22-06-2022
Lakhimpur,498.06,92.55,27.76,2776.41,0,0,881.9,22-06-2022
Morigaon,310.43,55.55,16.66,750,0,726.4,0,22-06-2022
Nalbari,0,965.97,289.79,28978.94,0,6592.08,0,22-06-2022
Karbi Anglong West,63.19,12.03,3.61,360.81,0,0,0,22-06-2022
Chirang,51.04,10.12,3.04,303.66,20,0,0,22-06-2022
Cachar,750.83,248.61,79.42,5961.15,0,0,0,22-06-2022
Bongaigaon,164.04,31.52,9.44,320.1,0,0,0,22-06-2022
Barpeta,3069.16,506.64,126,0,0,2976,1220,22-06-2022
Baksa,36.02,6.61,1.98,198.18,0,0,0,22-06-2022
Bajali,2648.47,800,273.47,1000,0,772.24,0,22-06-2022
Nagaon,3060.25,795.87,238.76,10838.33,0,912.25,1500,22-06-2022
Dibrugarh,0,0,0,0,0,33.25,0,22-06-2022
Goalpara,1168.25,220.06,66.01,6601.68,0,166,0,22-06-2022
Golaghat,0,0,0,0,0,0,16.8,22-06-2022
Hailakandi,698.9,128.57,39.21,3919.37,0,0.81,0,22-06-2022
Hojai,312,51.2,9.45,384,0,0,37.5,22-06-2022
Kamrup,585.34,123.3,36.99,4698.91,0,900,0,22-06-2022
Kamrup (M),0,0,0,0,0,100,0,22-06-2022
Dima-Hasao,50.65,8.45,1,108,0,0,0,22-06-2022
Darrang,3722.3,636.97,212.4,20940.83,0,0,1744.5,22-06-2022
Dhubri,2842.75,538.32,161.47,16145.94,0,2130.63,0,22-06-2022
South Salmara,7.7,1.42,0.43,0.43,0,0,0,22-06-2022
Tamulpur,275.11,51.16,15.4,16.1,0,0,515.2,22-06-2022
Udalguri,98.72,25.2,4.56,456,0,32.8,0,22-06-2022
Sonitpur,57.88,10.78,3.23,0,0,422.96,13.6,22-06-2022
Udalguri,289.79,79.3,18.48,1840.41,0,22.4,51,23-06-2022
Tinsukia,5.77,1.12,0.33,33.84,0,0,0,23-06-2022
Tamulpur,439.25,25.49,7.65,764.55,0,0,0,23-06-2022
Sonitpur,92.07,13.91,5.04,0,0,353.84,0,23-06-2022
Nagaon,523.64,95.45,28.64,2863.53,0,200,0,23-06-2022
Morigaon,149.36,26.66,8.01,167.58,90,223.6,0,23-06-2022
Lakhimpur,0,0,0,0,0,0,1462.46,23-06-2022
Karimganj,2638.77,491.84,137.94,27.5,0,0,30,23-06-2022
Kamrup (M),0,0,0,0,0,248,0,23-06-2022
Kamrup,1501.68,306.99,47.7,7937.61,0,1579,0,23-06-2022
Hojai,638,75.94,15.7,1435,0,0,50,23-06-2022
Hailakandi,289.43,51.31,15.43,1542.95,0,15,0,23-06-2022
Nalbari,1027.91,183.78,55.08,5509,0,148.8,0,23-06-2022
Goalpara,205.33,37.36,11.21,1120.86,0,69.56,0,23-06-2022
Golaghat,0,0,0,0,0,0,150,23-06-2022
Bajali,1860,395,100.64,16638.09,0,2159.88,0,23-06-2022
Baksa,126,23.95,7.18,718.44,0,146.96,0,23-06-2022
Barpeta,7781.55,1611.69,355.95,0,0,6708.8,0,23-06-2022
Bongaigaon,267.07,50.43,15.13,294.54,0,294.4,0,23-06-2022
Cachar,2750.27,539.85,174.03,11357.91,0,0,0,23-06-2022
Karbi Anglong West,60.11,11.35,3.41,340.56,0,0,0,23-06-2022
Darrang,932,193.6,79.51,6824,0,60,221.24,23-06-2022
Dhemaji,56.34,10.11,3.02,57.96,0,0,0,23-06-2022
Dhubri,382.48,71.61,21.49,2637.15,0,5338.44,0,23-06-2022
Dibrugarh,0,0,0,0,0,22.05,0,23-06-2022
Dima-Hasao,4.77,0.42,0.09,33,0,0,0,23-06-2022
Chirang,19.62,3.74,0.85,74.95,0,0,0,23-06-2022
Dhemaji,98.99,18.16,5.44,544.62,0,84.38,0,24-06-2022
Darrang,1624.03,327.3,102.74,11403,0,0,530,24-06-2022
Chirang,12.98,2.38,0.71,71,0,0,0,24-06-2022
Cachar,1128.76,208.16,34.65,6213.93,0,0,0,24-06-2022
Barpeta,8643.82,1217.82,309.47,500,0,3318.6,755,24-06-2022
Baksa,159.96,31.66,9.49,949,0,0,0,24-06-2022
Bajali,0,0,0,4000,0,2350.68,0,24-06-2022
Hailakandi,329.75,87.22,18.53,1853.4,0,0,0,24-06-2022
Karbi Anglong West,16.61,5.95,0.94,94.23,0,0,0,24-06-2022
Kamrup,811.51,209.82,26,7328.83,0,787.15,0,24-06-2022
Karimganj,1248.98,226.82,50.02,30,0,0,0,24-06-2022
Lakhimpur,0,0,0,0,0,0,638,24-06-2022
Morigaon,1210.79,217.16,65.15,0,30,0,96,24-06-2022
Nalbari,1785.52,263.52,78.96,4536.76,0,48.12,0,24-06-2022
Sonitpur,0,0,0,0,0,164.18,0,24-06-2022
Udalguri,17.7,3.15,0.94,94.3,0,9.2,26,24-06-2022
Hojai,151,24.9,3.25,550,0,0,25,24-06-2022
Nagaon,2315.86,201.04,60.31,0,0,274.7,500,24-06-2022
Dima-Hasao,18.93,2.35,1.86,117.5,0,0,0,24-06-2022
Dhubri,27.61,6.02,1.24,150.27,0,1751.03,0,24-06-2022
Morigaon,82.52,14.78,4.44,443.7,0,205,470,25-06-2022
Lakhimpur,11.38,2.2,0.66,65.97,0,0,139.9,25-06-2022
Karimganj,214,35.9,10.17,9.5,0,0,390,25-06-2022
Karbi Anglong West,27.88,5.27,1.58,158.04,0,0,0,25-06-2022
Kamrup,1971.74,104.65,28.38,3139.15,0,470,0,25-06-2022
Hojai,0,0,0,0,0,0,75,25-06-2022
South Salmara,6.58,1.21,0.36,36.36,0,0,0,25-06-2022
Hailakandi,91.75,18.13,5.61,560.68,0,14.52,0,25-06-2022
Dibrugarh,0,0,0,0,0,33.38,0,25-06-2022
Dhemaji,258.46,45.96,13.78,1378.8,0,0,0,25-06-2022
Darrang,695.92,126.74,43.49,3989.93,0,0,766,25-06-2022
Tamulpur,4.41,0.5,0.15,15,0,0,0,25-06-2022
Chirang,5.04,0.91,0.27,27,0,0,0,25-06-2022
Barpeta,2917.63,1066.85,567,937.71,0,6013.29,0,25-06-2022
Baksa,74.04,14.8,4.14,443.85,0,182.27,0,25-06-2022
Dima-Hasao,4.41,0.42,0.21,21,0,0,0,25-06-2022
Nagaon,5002.77,945.02,283.51,23899.22,0,211.5,724,25-06-2022
Baksa,0,0,0,0,0,40,0,26-06-2022
Hailakandi,663.21,138.2,40.49,4049,0,0,0,26-06-2022
Dhemaji,0,0,0,0,0,0,200,26-06-2022
Udalguri,35.95,6.52,1.96,196.1,0,58.8,25.4,26-06-2022
Nagaon,0,0,0,0,0,1193,375,26-06-2022
Morigaon,0,0,0,0,0,212.4,50.2,26-06-2022
Karimganj,559.94,105.17,31.44,5598,0,160,36.8,26-06-2022
Karbi Anglong West,25.32,4.76,1.43,142.83,0,0,0,26-06-2022
Kamrup,579.28,103.74,31.02,3102.26,0,364.4,0,26-06-2022
Barpeta,868.02,99.53,29.86,602,0,1782.84,0,26-06-2022
Goalpara,0,0,0,0,0,59.47,0,26-06-2022
Dibrugarh,6.24,1.14,0.38,0,0,0,0,26-06-2022
Darrang,368.04,66.96,20.08,2008.9,0,0,1795.3,26-06-2022
Cachar,416.53,147.45,13,1397,0,0,0,26-06-2022
Cachar,1241.7,209.1,87.85,2407.2,0,0,0,27-06-2022
Darrang,14.64,2.55,0.76,76,0,0,205,27-06-2022
Tamulpur,16.26,2.88,0.9,9,0,0,0,27-06-2022
Nagaon,842.71,849.61,257.02,945.18,0,930,0,27-06-2022
Lakhimpur,0.18,0.03,0.1,1,0,0,0,27-06-2022
Karimganj,68.48,35.29,10.59,39,0,0,50,27-06-2022
Kamrup,2014.06,345.85,102.08,11887.5,0,2016.2,0,27-06-2022
Hailakandi,599.41,109.38,33.95,3395.44,0,0,0,27-06-2022
Dima-Hasao,16.17,1.54,0.77,77,0,0,0,27-06-2022
Barpeta,2130,0,0,0,0,0,0,27-06-2022
Morigaon,598.91,106.46,31.94,2983.83,0,12,68,27-06-2022
Lakhimpur,0.96,0.17,0.05,5.13,0,0,380,28-06-2022
Tinsukia,7.6,1.48,0.45,45,0,0,0,28-06-2022
Tamulpur,5,0.75,0.22,22,0,0,0,28-06-2022
Sonitpur,2.82,0.51,0.15,0,0,0,0,28-06-2022
Nalbari,11.85,2.04,0.61,61.2,0,0,0,28-06-2022
Nagaon,474.64,85.37,25.61,2561.13,0,301.38,1462.5,28-06-2022
Morigaon,163.89,28.8,8.67,6831.54,0,0,100,28-06-2022
Karimganj,43.88,8.27,3.16,1259,0,45,60,28-06-2022
Hailakandi,17.55,3.33,1.01,101.12,0,0,0,28-06-2022
Hojai,8.5,1.5,0.5,50,0,0,100,28-06-2022
Kamrup,305,102,40,400,0,200,0,28-06-2022
Barpeta,0,0,0,0,0,217,0,28-06-2022
Biswanath,104.81,19.16,0,0,0,280.08,0,28-06-2022
Bongaigaon,165.2,30.3,9.09,908.28,0,134.66,0,28-06-2022
Bajali,1,1.8,1,48,0,200,0,28-06-2022
Chirang,14.35,2.63,0.8,79.92,120,50,0,28-06-2022
Darrang,263.14,49.05,14.71,1471.5,0,0,578.5,28-06-2022
Dhemaji,19.27,3.52,1.05,105.93,0,0,0,28-06-2022
Dima-Hasao,4.2,0.2,0.2,20,0,0,0,28-06-2022
Cachar,0,0,0,0,0,0,197.4,28-06-2022
Morigaon,1557.43,278.6,83.58,8357.85,0,381.2,100,29-06-2022
Lakhimpur,200.35,36.17,10.86,1085.2,0,0,0,29-06-2022
Karimganj,1412.4,249.41,82.92,0,0,0,136.45,29-06-2022
Kamrup,375,107,8,1080,0,360,0,29-06-2022
Hojai,62,3,1,62,0,0,25,29-06-2022
Hailakandi,537.91,83.09,30.41,3041,0,0,0,29-06-2022
Dibrugarh,4.98,0.92,0.28,27.5,0,1.73,0,29-06-2022
Dhubri,107.62,20.23,6.08,606.84,0,4935.3,0,29-06-2022
Dhemaji,142.39,26.03,7.8,781.02,0,0,0,29-06-2022
Chirang,36.11,6.52,1.93,192.61,0,0,0,29-06-2022
Cachar,7696.84,1473.31,2813.77,39879.52,0,0,680,29-06-2022
Biswanath,518.12,93.84,0.7,69.66,0,959.56,0,29-06-2022
Udalguri,10.26,1.85,0.56,55.62,0,0,0,29-06-2022
Dima-Hasao,19.52,1.3,0.94,0.65,0,0,0,29-06-2022
Darrang,59.56,11.1,3.33,333,0,0,556.7,29-06-2022
Tinsukia,223.45,40.9,12.25,1225,0,0,0,29-06-2022
Nagaon,2102.5,317.8,95.34,2670.1,0,0,500,29-06-2022
Chirang,3.89,0.71,0.21,21.33,0,0,0,30-06-2022
Dima-Hasao,49.77,4.74,1.71,237,0,0,0,30-06-2022
Dibrugarh,90.78,16.71,5.01,1.54,0,0,0,30-06-2022
Dhemaji,1120.92,202.47,60.72,3018.37,0,0,145.59,30-06-2022
Lakhimpur,403.79,73.11,21.95,2194.23,0,0,0,30-06-2022
Karimganj,192.96,33.65,9.34,21.5,0,0,0,30-06-2022
Kamrup,8.25,62.65,0.5,2577,0,0,0,30-06-2022
Biswanath,455.49,84.79,0.12,11.52,0,537.08,0,30-06-2022
Cachar,1014.48,229.51,62.8,8140.19,0,0,0,30-06-2022
Hailakandi,46.55,8.76,2.63,262.68,0,50,0,30-06-2022
Hojai,0,0,0,0,0,0,50,30-06-2022
Majuli,0,0,0,0,0,100,0,30-06-2022
Darrang,263,57.6,19,1540,0,0,270,30-06-2022
Morigaon,129.33,23.45,7.03,703.35,0,148,440,30-06-2022
Nagaon,3992.36,29.48,8.84,884.43,0,250,200,30-06-2022
Sonitpur,2.9,0.53,0.16,0.16,0,0,0,30-06-2022
Tamulpur,2.79,0.5,0.15,14.85,0,0,0,30-06-2022
Tinsukia,160.62,32.35,9.71,716.57,0,0,0,30-06-2022
Kamrup,0,0,0,0,0,195,0,01-07-2022
Hojai,48,7.2,1.5,182,0,0,25,01-07-2022
Hailakandi,2.82,0.52,0.16,16,0,0,0,01-07-2022
Karimganj,25.86,4.75,1.41,93.54,0,0,28,01-07-2022
Bajali,0,0,0,0,0,678.8,0,01-07-2022
Biswanath,39.31,7.04,0,0,0,358,0,01-07-2022
Karbi Anglong West,722.14,137.19,41.07,4106.61,0,0,200,01-07-2022
Lakhimpur,180.23,33.24,9.96,164.33,7,0,391.55,01-07-2022
Majuli,0,0,0,0,0,50,150,01-07-2022
Morigaon,133.33,24.17,7.25,724.86,0,380,0,01-07-2022
Nagaon,219.39,40.12,12.04,1203.48,0,410,0,01-07-2022
Sonitpur,37.97,6.97,2.09,1.56,0,40.34,0,01-07-2022
Tinsukia,47.35,8.83,2.65,265.14,0,0,0,01-07-2022
Dibrugarh,157.96,28.11,8.37,160.2,0,52.5,0,01-07-2022
Dhemaji,183.02,33.17,10.65,487.17,0,0,0,01-07-2022
Darrang,212.55,38.94,11.68,1168,0,8,86.1,01-07-2022
Cachar,4479.25,924.29,279.16,19791.99,0,0,0,01-07-2022
Dima-Hasao,95.36,10.47,0.44,331,0,0,0,01-07-2022
Chirang,17.46,2.99,1.55,133.03,0,40,0,02-07-2022
Darrang,111.48,110.85,8.73,2122,0,0,0,02-07-2022
Sonitpur,37.44,6.92,2.08,142.5,0,8.5,0,02-07-2022
Hailakandi,0,0,0,0,0,25,0,02-07-2022
Dhemaji,0,0,0,0,0,1911.22,0,02-07-2022
Dibrugarh,125.95,23.07,6.2,188.01,0,227.5,0,02-07-2022
Dima-Hasao,1.95,0.16,0,5,0,0,0,02-07-2022
Karimganj,61,11.16,3.31,312.3,0,320,354,02-07-2022
Lakhimpur,354.04,64.15,19.24,1924,20,0,721.46,02-07-2022
Morigaon,609.49,111,33.3,946.49,0,660,0,02-07-2022
Sivasagar,106.71,19.39,5.82,0,0,0,0,02-07-2022
Charaideo,0.84,0.15,0.5,0.5,0,0,0,02-07-2022
Cachar,145.37,27.17,7.32,732,0,0,0,02-07-2022
Biswanath,53.89,10.21,0,0,0,295,0,02-07-2022
Tamulpur,31.59,6.03,1.81,180,0,0,0,02-07-2022
Tinsukia,26.35,4.8,1.45,145.75,0,0,0,02-07-2022
Sonitpur,0,0,0,0,0,23.58,0,03-07-2022
Biswanath,4.26,0.78,0,0,0,0,0,03-07-2022
Sivasagar,0,0,0,0,0,100,0,03-07-2022
Nagaon,0,0,0,0,0,300,0,03-07-2022
Morigaon,107.4,19.73,5.92,591.84,0,100,0,03-07-2022
Lakhimpur,0,0,0,0,0,0,243,03-07-2022
Cachar,0,0,0,0,0,0,3696.09,03-07-2022
Dibrugarh,116.62,20.86,6.27,238.6,0,3.85,50.4,03-07-2022
Tinsukia,0.66,0.12,0.03,3,0,0,0,03-07-2022
Udalguri,10.2,1.8,0.54,54,0,0,0,03-07-2022
Karimganj,243.82,45.08,13.52,1352,0,252,0,03-07-2022
Hailakandi,70.51,13.19,3.95,395,0,25,0,03-07-2022
Morigaon,140.3,24.71,11.89,741.42,0,207.57,0,04-07-2022
Lakhimpur,0,0,0,0,0,0,295.72,04-07-2022
Karimganj,213.96,39.9,11.93,21.6,0,0,0,04-07-2022
Sonitpur,0,0,0,0,0,73.6,0,04-07-2022
Dibrugarh,0,0,0,0,0,25.2,0,04-07-2022
Hailakandi,19.47,3.55,1.07,107,0,0,0,04-07-2022
Darrang,0,0,0,0,0,40,170,04-07-2022
Chirang,5.55,1.02,0.31,31,0,0,0,04-07-2022
Biswanath,0.1,0.06,0,0,0,0,0,04-07-2022
Dibrugarh,33.93,5.82,1.91,180.3,0,130.2,58.36,05-07-2022
Chirang,0.31,0.06,0.02,2,0,0,0,05-07-2022
Nagaon,1139.75,206.7,62.1,0,0,0,0,05-07-2022
Barpeta,213,0,0,0,0,0,0,05-07-2022
Morigaon,3.2,0.6,0.18,17.91,0,146.8,68,05-07-2022
Lakhimpur,0,0,0,0,0,0,133,05-07-2022
Karimganj,137.99,24.99,12.85,582.8,0,355.94,130,05-07-2022
Sivasagar,2.79,0.54,0.16,0,0,0,0,05-07-2022
Darrang,0.5,0.08,0.03,2.5,0,0,0,06-07-2022
Dibrugarh,0,0,0,0,0,108.5,0,06-07-2022
Karimganj,128.56,25.09,6.15,30,0,0,0,06-07-2022
Lakhimpur,0.67,0.12,0.04,3.6,0,0,0,06-07-2022
Morigaon,202.2,36.11,10.83,1083.33,0,0,0,06-07-2022
Sivasagar,138.4,25.65,8.44,0,0,0,0,06-07-2022
Biswanath,11.43,2.09,0,0,0,0,0,06-07-2022
Tamulpur,17.46,1.85,0.55,55.35,0,0,0,07-07-2022
Morigaon,189.77,33.23,9.97,996.84,0,0,0,07-07-2022
Hailakandi,0,0,0,0,0,21.6,0,07-07-2022
Sivasagar,39.6,7.47,2.24,0,0,29,0,07-07-2022
Karimganj,55.75,7.09,19.59,52,0,0,0,07-07-2022
Dibrugarh,0.31,0.17,0,0,0,133.11,0,07-07-2022
Chirang,5.94,1.07,0.32,32.13,0,0,0,08-07-2022
Dima-Hasao,24.36,2,0.02,27,0,0,0,08-07-2022
Dibrugarh,22.74,3.88,1.16,40.4,0,60.55,45,08-07-2022
Hailakandi,5.28,1.06,0.32,32,0,0,0,08-07-2022
Sivasagar,25.27,4.61,1.38,0,0,0,0,08-07-2022
Karimganj,10,1,0.2,10,0,585.4,139.65,08-07-2022
Hailakandi,61.05,11.5,3.45,345,0,8.4,0,09-07-2022
Karimganj,145.14,25.89,7.77,0,0,194,0,09-07-2022
Nagaon,1139.75,206.7,62.1,0,0,0,0,10-07-2022
Tamulpur,15.03,2.7,0.81,81,0,0,0,10-07-2022
Biswanath,9.49,1.74,0,0,0,0,0,11-07-2022
Dima-Hasao,8.4,0.7,0.7,60,0,0,0,11-07-2022
Cachar,44.5,8.9,2.67,267,0,0,0,11-07-2022
Morigaon,304.22,54.97,16.49,1649.16,0,0,0,12-07-2022
Cachar,6,0.54,0.16,16.29,0,0,0,13-07-2022
Dima-Hasao,50.61,4.82,2.33,252,0,0,0,13-07-2022
Tamulpur,15.03,2.7,0.81,81,0,0,0,14-07-2022
Chirang,2.54,0.53,0.14,13.7,0,0,0,16-07-2022
Dima-Hasao,39.48,6.52,1.29,117.5,0,170.6,0,16-07-2022
Dima-Hasao,2.04,0.34,0,0,0,0,0,18-07-2022
Biswanath,21.26,3.87,0,0,0,500.1,0,18-07-2022
Dima-Hasao,1.08,0.18,0,18,0,0,0,19-07-2022
Dima-Hasao,0.3,0.03,0,2.5,0,0,0,20-07-2022
Tinsukia,31.15,5.6,1.68,168.88,0,0,0,21-07-2022
Dima-Hasao,11.88,10.89,0,5,0,0,0,23-07-2022
Tamulpur,15.03,2.7,0.81,81,0,0,0,25-07-2022
Dima-Hasao,0.25,0.3,0,0,0,0,0,26-07-2022
Charaideo,124.38,22.8,6.83,6.83,0,0,0,28-07-2022
Charaideo,15.94,2.94,0.88,0.88,0,0,0,29-07-2022
Dhemaji,33.46,6.26,1.87,187,0,0,0,31-07-2022
Lakhimpur,4.21,0.87,0.26,26.16,0,0,0,01-08-2022
Dhemaji,377.9,59.02,17.54,1726.18,0,0,0,01-08-2022
Chirang,21.19,3.93,1.18,118.02,0,0,0,01-08-2022
Lakhimpur,3.01,0.56,0.17,16.92,0,0,200,02-08-2022
Chirang,44.18,8.82,2.65,264.51,0,0,0,02-08-2022
Dhemaji,47.05,8.75,2.62,261.55,0,0,0,02-08-2022
Udalguri,19.22,3.39,1.02,101.55,0,0,0,02-08-2022
Dhemaji,1.12,0.2,0.6,6,0,0,882.99,03-08-2022
Udalguri,5.67,1.11,0.33,33.2,0,0,45,03-08-2022
Bajali,6.5,1.15,0.47,36.5,0,0,0,04-08-2022
Udalguri,8.79,1.55,0.46,46.37,0,0,0,04-08-2022
Udalguri,2.21,0.39,0.12,12,0,0,0,05-08-2022
Udalguri,0.36,0.12,0.04,4,0,0,0,10-08-2022
Dima-Hasao,2.5,0.3,0.8,39,0,0,0,29-05-2022
Nagaon,0,0,0,0,0,392,0,29-05-2022
Darrang,0,0,0,0,0,16,0,17-10-2022
Dhemaji,0,0,0,0,0,222.62,0,08-09-2022
Dhemaji,12.61,2.45,0.73,0,0,0,0,09-09-2022
Golaghat,23.27,4.16,1.25,0,0,0,0,14-09-2022
Dhemaji,111.21,20.18,6.05,605,0,0,0,11-10-2022
Dhemaji,241.48,42.47,12.72,1199.35,0,0,0,12-10-2022
Dibrugarh,63.13,11.57,3.47,186,0,0,0,12-10-2022
Lakhimpur,150.68,28.13,8.44,844,0,0,0,12-10-2022
Dibrugarh,0,0,0,0,0,77.58,0,13-10-2022
Lakhimpur,223.45,41.56,12.63,1262.63,0,0,148,13-10-2022
Lakhimpur,191,35.22,10.57,1057,0,0,0,14-10-2022
Tinsukia,42.99,7.99,2.39,239,0,0,0,14-10-2022
Dima-Hasao,2.5,0.3,0.8,39,0,0,0,29-05-2022
Nagaon,0,0,0,0,0,392,0,29-05-2022
,,,,,,,,
,,,,,,,,
,,,,,,,,
,,,,,,,,
,,,,,,,,
,,,,,,,,
,,,,,,,,
,,,,,,,,
,,,,,,,,
,,,,,,,,
,,,,,,,,
,,,,,,,,
,,,,,,,,
,,,,,,,,
,,,,,,,,
,,,,,,,,
,,,,,,,,
,,,,,,,,
,,,,,,,,
,,,,,,,,
,,,,,,,,
,,,,,,,,
,,,,,,,,
,,,,,,,,
,,,,,,,,
,,,,,,,,
,,,,,,,,
,,,,,,,,
,,,,,,,,
,,,,,,,,
,,,,,,,,
,,,,,,,,
,,,,,,,,
,,,,,,,,
,,,,,,,,
,,,,,,,,
,,,,,,,,
,,,,,,,,
,,,,,,,,
,,,,,,,,
,,,,,,,,
,,,,,,,,
,,,,,,,,
,,,,,,,,
,,,,,,,,
,,,,,,,,
,,,,,,,,
,,,,,,,,
,,,,,,,,
,,,,,,,,
,,,,,,,,
,,,,,,,,
,,,,,,,,
,,,,,,,,
,,,,,,,,
,,,,,,,,
,,,,,,,,
,,,,,,,,
,,,,,,,,
,,,,,,,,
,,,,,,,,
,,,,,,,,
,,,,,,,,
,,,,,,,,
,,,,,,,,
,,,,,,,,
,,,,,,,,
,,,,,,,,
,,,,,,,,
,,,,,,,,
,,,,,,,,
,,,,,,,,
,,,,,,,,
,,,,,,,,
,,,,,,,,
,,,,,,,,
,,,,,,,,
,,,,,,,,
,,,,,,,,
,,,,,,,,
,,,,,,,,
,,,,,,,,
,,,,,,,,
,,,,,,,,
,,,,,,,,
,,,,,,,,
,,,,,,,,
,,,,,,,,
,,,,,,,,
,,,,,,,,
,,,,,,,,
,,,,,,,,
,,,,,,,,
,,,,,,,,
,,,,,,,,
,,,,,,,,
,,,,,,,,
,,,,,,,,
,,,,,,,,
,,,,,,,,
,,,,,,,,
,,,,,,,,
,,,,,,,,
,,,,,,,,
,,,,,,,,
,,,,,,,,
,,,,,,,,
,,,,,,,,
,,,,,,,,
,,,,,,,,
,,,,,,,,
,,,,,,,,
,,,,,,,,
,,,,,,,,
,,,,,,,,
,,,,,,,,
,,,,,,,,
,,,,,,,,
,,,,,,,,
,,,,,,,,
,,,,,,,,
,,,,,,,,
,,,,,,,,
,,,,,,,,
,,,,,,,,
,,,,,,,,
,,,,,,,,
,,,,,,,,
,,,,,,,,
,,,,,,,,
,,,,,,,,
,,,,,,,,
,,,,,,,,
,,,,,,,,
,,,,,,,,
,,,,,,,,
,,,,,,,,
,,,,,,,,
,,,,,,,,
,,,,,,,,
,,,,,,,,
,,,,,,,,
,,,,,,,,
,,,,,,,,
,,,,,,,,
,,,,,,,,
,,,,,,,,
,,,,,,,,
,,,,,,,,
,,,,,,,,
,,,,,,,,
,,,,,,,,
,,,,,,,,
,,,,,,,,
,,,,,,,,
,,,,,,,,
,,,,,,,,
,,,,,,,,
,,,,,,,,
,,,,,,,,
,,,,,,,,
,,,,,,,,
,,,,,,,,
,,,,,,,,
,,,,,,,,
,,,,,,,,
,,,,,,,,
,,,,,,,,
,,,,,,,,
,,,,,,,,
,,,,,,,,
,,,,,,,,
,,,,,,,,
,,,,,,,,
,,,,,,,,
,,,,,,,,
,,,,,,,,
,,,,,,,,
,,,,,,,,
,,,,,,,,
,,,,,,,,
,,,,,,,,
,,,,,,,,
,,,,,,,,
,,,,,,,,
,,,,,,,,
,,,,,,,,
,,,,,,,,
,,,,,,,,
,,,,,,,,
,,,,,,,,
,,,,,,,,
,,,,,,,,
,,,,,,,,
,,,,,,,,
,,,,,,,,
,,,,,,,,
,,,,,,,,
,,,,,,,,
,,,,,,,,
,,,,,,,,
,,,,,,,,
,,,,,,,,
,,,,,,,,
,,,,,,,,
,,,,,,,,
,,,,,,,,
,,,,,,,,
,,,,,,,,
,,,,,,,,
,,,,,,,,
,,,,,,,,
,,,,,,,,
,,,,,,,,
,,,,,,,,
,,,,,,,,
,,,,,,,,
,,,,,,,,
,,,,,,,,
,,,,,,,,
,,,,,,,,
,,,,,,,,
,,,,,,,,
,,,,,,,,
,,,,,,,,
,,,,,,,,
,,,,,,,,
,,,,,,,,
,,,,,,,,
,,,,,,,,
,,,,,,,,
,,,,,,,,
,,,,,,,,
,,,,,,,,
,,,,,,,,
,,,,,,,,
,,,,,,,,
,,,,,,,,
,,,,,,,,
,,,,,,,,
,,,,,,,,
,,,,,,,,
,,,,,,,,
,,,,,,,,
,,,,,,,,
,,,,,,,,
,,,,,,,,
,,,,,,,,
,,,,,,,,
,,,,,,,,
,,,,,,,,
,,,,,,,,
,,,,,,,,
,,,,,,,,
,,,,,,,,
,,,,,,,,
,,,,,,,,
,,,,,,,,
,,,,,,,,
,,,,,,,,
,,,,,,,,
,,,,,,,,
,,,,,,,,
,,,,,,,,
,,,,,,,,
,,,,,,,,
,,,,,,,,
,,,,,,,,
,,,,,,,,
,,,,,,,,
,,,,,,,,
,,,,,,,,
,,,,,,,,
,,,,,,,,
,,,,,,,,
,,,,,,,,
,,,,,,,,
,,,,,,,,
,,,,,,,,
,,,,,,,,
,,,,,,,,
,,,,,,,,
,,,,,,,,
,,,,,,,,
,,,,,,,,
,,,,,,,,
,,,,,,,,
,,,,,,,,
,,,,,,,,
,,,,,,,,
,,,,,,,,
,,,,,,,,
,,,,,,,,
,,,,,,,,
,,,,,,,,
,,,,,,,,
,,,,,,,,
,,,,,,,,
,,,,,,,,
,,,,,,,,
,,,,,,,,
,,,,,,,,
,,,,,,,,
,,,,,,,,
,,,,,,,,
,,,,,,,,
,,,,,,,,
,,,,,,,,
,,,,,,,,
,,,,,,,,
,,,,,,,,
,,,,,,,,
,,,,,,,,
,,,,,,,,
,,,,,,,,
,,,,,,,,
,,,,,,,,
,,,,,,,,
,,,,,,,,
,,,,,,,,
,,,,,,,,
,,,,,,,,
,,,,,,,,
,,,,,,,,
,,,,,,,,
,,,,,,,,
,,,,,,,,
,,,,,,,,
,,,,,,,,
,,,,,,,,
,,,,,,,,
,,,,,,,,
,,,,,,,,
,,,,,,,,
,,,,,,,,
,,,,,,,,
,,,,,,,,
,,,,,,,,
,,,,,,,,
,,,,,,,,
,,,,,,,,
,,,,,,,,
,,,,,,,,
,,,,,,,,
,,,,,,,,
,,,,,,,,
,,,,,,,,
,,,,,,,,
,,,,,,,,
,,,,,,,,
,,,,,,,,
,,,,,,,,
,,,,,,,,
,,,,,,,,
,,,,,,,,
,,,,,,,,
,,,,,,,,
,,,,,,,,
,,,,,,,,
,,,,,,,,
,,,,,,,,
,,,,,,,,
,,,,,,,,
,,,,,,,,
,,,,,,,,
,,,,,,,,
,,,,,,,,
,,,,,,,,
,,,,,,,,
,,,,,,,,
,,,,,,,,
,,,,,,,,
,,,,,,,,
,,,,,,,,
,,,,,,,,
,,,,,,,,
,,,,,,,,
,,,,,,,,
,,,,,,,,
,,,,,,,,
,,,,,,,,
,,,,,,,,
,,,,,,,,
,,,,,,,,
,,,,,,,,
,,,,,,,,
,,,,,,,,
,,,,,,,,
,,,,,,,,
,,,,,,,,
,,,,,,,,
,,,,,,,,
,,,,,,,,
,,,,,,,,
,,,,,,,,
,,,,,,,,
,,,,,,,,
,,,,,,,,
,,,,,,,,
,,,,,,,,
,,,,,,,,
,,,,,,,,
,,,,,,,,
,,,,,,,,
,,,,,,,,
,,,,,,,,
,,,,,,,,
,,,,,,,,
,,,,,,,,
,,,,,,,,
,,,,,,,,
,,,,,,,,
,,,,,,,,
,,,,,,,,
,,,,,,,,
,,,,,,,,
,,,,,,,,
,,,,,,,,
,,,,,,,,
,,,,,,,,
,,,,,,,,
,,,,,,,,
,,,,,,,,
,,,,,,,,
,,,,,,,,
,,,,,,,,
,,,,,,,,
,,,,,,,,
,,,,,,,,
,,,,,,,,
,,,,,,,,
,,,,,,,,
,,,,,,,,
,,,,,,,,
,,,,,,,,
,,,,,,,,
,,,,,,,,
,,,,,,,,
,,,,,,,,
,,,,,,,,
,,,,,,,,
,,,,,,,,
,,,,,,,,
,,,,,,,,
,,,,,,,,
,,,,,,,,
,,,,,,,,
,,,,,,,,
,,,,,,,,
,,,,,,,,
,,,,,,,,
,,,,,,,,
,,,,,,,,
,,,,,,,,
,,,,,,,,
,,,,,,,,
,,,,,,,,
,,,,,,,,
,,,,,,,,
,,,,,,,,
,,,,,,,,
,,,,,,,,
,,,,,,,,
,,,,,,,,
,,,,,,,,
,,,,,,,,
,,,,,,,,
,,,,,,,,
,,,,,,,,
,,,,,,,,
,,,,,,,,
,,,,,,,,
,,,,,,,,
,,,,,,,,
,,,,,,,,
,,,,,,,,
,,,,,,,,
,,,,,,,,
,,,,,,,,
,,,,,,,,
,,,,,,,,
,,,,,,,,
,,,,,,,,
,,,,,,,,
,,,,,,,,
,,,,,,,,
,,,,,,,,
,,,,,,,,
,,,,,,,,
,,,,,,,,
,,,,,,,,
,,,,,,,,
,,,,,,,,
,,,,,,,,
,,,,,,,,
,,,,,,,,
,,,,,,,,
,,,,,,,,
,,,,,,,,
,,,,,,,,
,,,,,,,,
,,,,,,,,
,,,,,,,,
,,,,,,,,
,,,,,,,,
,,,,,,,,
,,,,,,,,
,,,,,,,,
,,,,,,,,
,,,,,,,,
,,,,,,,,
,,,,,,,,
,,,,,,,,
,,,,,,,,
,,,,,,,,
,,,,,,,,
,,,,,,,,
,,,,,,,,
,,,,,,,,
,,,,,,,,
,,,,,,,,
,,,,,,,,
,,,,,,,,
,,,,,,,,
,,,,,,,,
,,,,,,,,
,,,,,,,,
,,,,,,,,
,,,,,,,,
,,,,,,,,
,,,,,,,,
,,,,,,,,
,,,,,,,,
,,,,,,,,
,,,,,,,,
,,,,,,,,
,,,,,,,,
,,,,,,,,
,,,,,,,,
,,,,,,,,
,,,,,,,,
,,,,,,,,
,,,,,,,,
,,,,,,,,
,,,,,,,,
,,,,,,,,
,,,,,,,,
,,,,,,,,
,,,,,,,,
,,,,,,,,
,,,,,,,,
,,,,,,,,
,,,,,,,,
,,,,,,,,
,,,,,,,,
,,,,,,,,
,,,,,,,,
,,,,,,,,
,,,,,,,,
,,,,,,,,
,,,,,,,,
,,,,,,,,
,,,,,,,,
,,,,,,,,
,,,,,,,,
,,,,,,,,
,,,,,,,,
,,,,,,,,
,,,,,,,,
,,,,,,,,
,,,,,,,,
,,,,,,,,
,,,,,,,,
,,,,,,,,
,,,,,,,,
,,,,,,,,
,,,,,,,,
,,,,,,,,
,,,,,,,,
,,,,,,,,
,,,,,,,,
,,,,,,,,
,,,,,,,,
,,,,,,,,
,,,,,,,,
,,,,,,,,
,,,,,,,,
,,,,,,,,
,,,,,,,,
,,,,,,,,
,,,,,,,,
,,,,,,,,
,,,,,,,,
,,,,,,,,
,,,,,,,,
,,,,,,,,
,,,,,,,,
,,,,,,,,
,,,,,,,,
,,,,,,,,
,,,,,,,,
,,,,,,,,
,,,,,,,,
,,,,,,,,
,,,,,,,,
,,,,,,,,
,,,,,,,,
,,,,,,,,
,,,,,,,,
,,,,,,,,
,,,,,,,,
,,,,,,,,
,,,,,,,,
,,,,,,,,
,,,,,,,,
,,,,,,,,
,,,,,,,,
,,,,,,,,
,,,,,,,,
,,,,,,,,
,,,,,,,,
,,,,,,,,
,,,,,,,,
,,,,,,,,
,,,,,,,,
,,,,,,,,
,,,,,,,,
,,,,,,,,
,,,,,,,,
,,,,,,,,
,,,,,,,,
,,,,,,,,
,,,,,,,,
,,,,,,,,
,,,,,,,,
,,,,,,,,
,,,,,,,,
,,,,,,,,
,,,,,,,,
,,,,,,,,
,,,,,,,,
,,,,,,,,
,,,,,,,,
,,,,,,,,
,,,,,,,,
,,,,,,,,
,,,,,,,,
,,,,,,,,
,,,,,,,,
,,,,,,,,
,,,,,,,,
,,,,,,,,
,,,,,,,,
,,,,,,,,
,,,,,,,,
,,,,,,,,
,,,,,,,,
,,,,,,,,
,,,,,,,,
,,,,,,,,
,,,,,,,,
,,,,,,,,
,,,,,,,,
,,,,,,,,
,,,,,,,,
,,,,,,,,
,,,,,,,,
,,,,,,,,
,,,,,,,,
,,,,,,,,
,,,,,,,,
,,,,,,,,
,,,,,,,,
,,,,,,,,
,,,,,,,,
,,,,,,,,
,,,,,,,,
,,,,,,,,
,,,,,,,,
,,,,,,,,
,,,,,,,,
,,,,,,,,
,,,,,,,,
,,,,,,,,
,,,,,,,,
,,,,,,,,
,,,,,,,,
,,,,,,,,
,,,,,,,,
,,,,,,,,
,,,,,,,,
,,,,,,,,
,,,,,,,,
,,,,,,,,
,,,,,,,,
,,,,,,,,
,,,,,,,,
,,,,,,,,
,,,,,,,,
,,,,,,,,
,,,,,,,,
,,,,,,,,
,,,,,,,,
,,,,,,,,
,,,,,,,,
,,,,,,,,
,,,,,,,,
,,,,,,,,
,,,,,,,,
,,,,,,,,
,,,,,,,,
,,,,,,,,
,,,,,,,,
,,,,,,,,
,,,,,,,,
,,,,,,,,
,,,,,,,,
,,,,,,,,
,,,,,,,,
,,,,,,,,
,,,,,,,,
,,,,,,,,
,,,,,,,,
,,,,,,,,
,,,,,,,,
,,,,,,,,
,,,,,,,,
,,,,,,,,
,,,,,,,,
,,,,,,,,
,,,,,,,,
,,,,,,,,
,,,,,,,,
,,,,,,,,
,,,,,,,,
,,,,,,,,
,,,,,,,,
,,,,,,,,
,,,,,,,,
,,,,,,,,
,,,,,,,,
,,,,,,,,
,,,,,,,,
,,,,,,,,
,,,,,,,,
,,,,,,,,
,,,,,,,,
,,,,,,,,
,,,,,,,,
,,,,,,,,
,,,,,,,,
,,,,,,,,
,,,,,,,,
,,,,,,,,
,,,,,,,,
,,,,,,,,
,,,,,,,,
,,,,,,,,
,,,,,,,,
,,,,,,,,
,,,,,,,,
,,,,,,,,
,,,,,,,,
,,,,,,,,
,,,,,,,,
,,,,,,,,
,,,,,,,,
,,,,,,,,
,,,,,,,,
,,,,,,,,
,,,,,,,,
,,,,,,,,
,,,,,,,,
,,,,,,,,
,,,,,,,,
,,,,,,,,
,,,,,,,,
,,,,,,,,
,,,,,,,,
,,,,,,,,
,,,,,,,,
,,,,,,,,
,,,,,,,,
,,,,,,,,
,,,,,,,,
,,,,,,,,
,,,,,,,,
,,,,,,,,
,,,,,,,,
,,,,,,,,
,,,,,,,,
,,,,,,,,
,,,,,,,,
,,,,,,,,
,,,,,,,,
,,,,,,,,
,,,,,,,,
,,,,,,,,
,,,,,,,,
,,,,,,,,
,,,,,,,,
,,,,,,,,
,,,,,,,,
,,,,,,,,
,,,,,,,,
,,,,,,,,
,,,,,,,,
,,,,,,,,
,,,,,,,,
,,,,,,,,
,,,,,,,,
,,,,,,,,
,,,,,,,,
,,,,,,,,
,,,,,,,,
,,,,,,,,
,,,,,,,,
,,,,,,,,
,,,,,,,,
,,,,,,,,
,,,,,,,,
,,,,,,,,
,,,,,,,,
,,,,,,,,
,,,,,,,,
,,,,,,,,
,,,,,,,,
,,,,,,,,
,,,,,,,,
,,,,,,,,
,,,,,,,,
,,,,,,,,
,,,,,,,,
,,,,,,,,
,,,,,,,,
,,,,,,,,
,,,,,,,,
,,,,,,,,
,,,,,,,,
,,,,,,,,
,,,,,,,,
,,,,,,,,
,,,,,,,,
,,,,,,,,
,,,,,,,,
,,,,,,,,
,,,,,,,,
,,,,,,,,
,,,,,,,,
,,,,,,,,
,,,,,,,,
,,,,,,,,
,,,,,,,,
,,,,,,,,
,,,,,,,,
,,,,,,,,
,,,,,,,,
,,,,,,,,
,,,,,,,,
,,,,,,,,
,,,,,,,,
,,,,,,,,
,,,,,,,,
,,,,,,,,
,,,,,,,,
,,,,,,,,
,,,,,,,,
,,,,,,,,
,,,,,,,,
,,,,,,,,
,,,,,,,,
,,,,,,,,
,,,,,,,,
,,,,,,,,
,,,,,,,,
,,,,,,,,
,,,,,,,,
,,,,,,,,
,,,,,,,,
,,,,,,,,
,,,,,,,,
,,,,,,,,
,,,,,,,,
,,,,,,,,
,,,,,,,,
,,,,,,,,
,,,,,,,,
,,,,,,,,
,,,,,,,,
,,,,,,,,
,,,,,,,,
,,,,,,,,
,,,,,,,,
,,,,,,,,
,,,,,,,,
,,,,,,,,
,,,,,,,,
,,,,,,,,
,,,,,,,,
,,,,,,,,
,,,,,,,,
,,,,,,,,
,,,,,,,,
,,,,,,,,
,,,,,,,,
,,,,,,,,
,,,,,,,,
,,,,,,,,
,,,,,,,,
,,,,,,,,
,,,,,,,,
,,,,,,,,
,,,,,,,,
,,,,,,,,
,,,,,,,,
,,,,,,,,
,,,,,,,,
,,,,,,,,
,,,,,,,,
,,,,,,,,
,,,,,,,,
,,,,,,,,
,,,,,,,,
,,,,,,,,
,,,,,,,,
,,,,,,,,
,,,,,,,,
,,,,,,,,
,,,,,,,,
,,,,,,,,
,,,,,,,,
,,,,,,,,
,,,,,,,,
,,,,,,,,
,,,,,,,,
,,,,,,,,
,,,,,,,,
,,,,,,,,
,,,,,,,,
,,,,,,,,
,,,,,,,,
,,,,,,,,
,,,,,,,,
,,,,,,,,
,,,,,,,,
,,,,,,,,
,,,,,,,,
,,,,,,,,
,,,,,,,,
,,,,,,,,
,,,,,,,,
,,,,,,,,
,,,,,,,,
,,,,,,,,
,,,,,,,,
,,,,,,,,
,,,,,,,,
,,,,,,,,
,,,,,,,,
,,,,,,,,
,,,,,,,,
,,,,,,,,
,,,,,,,,
,,,,,,,,
,,,,,,,,
,,,,,,,,
,,,,,,,,
,,,,,,,,
,,,,,,,,
,,,,,,,,
,,,,,,,,
,,,,,,,,
,,,,,,,,
,,,,,,,,
,,,,,,,,
,,,,,,,,
,,,,,,,,
,,,,,,,,
,,,,,,,,
,,,,,,,,
,,,,,,,,
,,,,,,,,
,,,,,,,,
,,,,,,,,
,,,,,,,,
,,,,,,,,
,,,,,,,,
,,,,,,,,
,,,,,,,,
,,,,,,,,
,,,,,,,,
,,,,,,,,
,,,,,,,,
,,,,,,,,
,,,,,,,,
,,,,,,,,
,,,,,,,,
,,,,,,,,
,,,,,,,,
,,,,,,,,
,,,,,,,,
,,,,,,,,
,,,,,,,,
,,,,,,,,
,,,,,,,,
,,,,,,,,
,,,,,,,,
,,,,,,,,
,,,,,,,,
,,,,,,,,
,,,,,,,,
,,,,,,,,
,,,,,,,,
,,,,,,,,
,,,,,,,,
,,,,,,,,
,,,,,,,,
,,,,,,,,
,,,,,,,,
,,,,,,,,
,,,,,,,,
,,,,,,,,
,,,,,,,,
,,,,,,,,
,,,,,,,,
,,,,,,,,
,,,,,,,,
,,,,,,,,
,,,,,,,,
,,,,,,,,
,,,,,,,,
,,,,,,,,
,,,,,,,,
,,,,,,,,
,,,,,,,,
,,,,,,,,
,,,,,,,,
,,,,,,,,
,,,,,,,,
,,,,,,,,
,,,,,,,,
,,,,,,,,
,,,,,,,,
,,,,,,,,
,,,,,,,,
,,,,,,,,
,,,,,,,,
,,,,,,,,
,,,,,,,,
,,,,,,,,
,,,,,,,,
,,,,,,,,
,,,,,,,,
,,,,,,,,
,,,,,,,,
,,,,,,,,
,,,,,,,,
,,,,,,,,
,,,,,,,,
,,,,,,,,
,,,,,,,,
,,,,,,,,
,,,,,,,,
,,,,,,,,
,,,,,,,,
,,,,,,,,
,,,,,,,,
,,,,,,,,
,,,,,,,,
,,,,,,,,
,,,,,,,,
,,,,,,,,
,,,,,,,,
,,,,,,,,
,,,,,,,,
,,,,,,,,
,,,,,,,,
,,,,,,,,
,,,,,,,,
,,,,,,,,
,,,,,,,,
,,,,,,,,
,,,,,,,,
,,,,,,,,
,,,,,,,,
,,,,,,,,
,,,,,,,,
,,,,,,,,
,,,,,,,,
,,,,,,,,
,,,,,,,,
,,,,,,,,
,,,,,,,,
,,,,,,,,
,,,,,,,,
,,,,,,,,
,,,,,,,,
,,,,,,,,
,,,,,,,,
,,,,,,,,
,,,,,,,,
,,,,,,,,
,,,,,,,,
,,,,,,,,
,,,,,,,,
,,,,,,,,
,,,,,,,,
,,,,,,,,
,,,,,,,,
,,,,,,,,
,,,,,,,,
,,,,,,,,
,,,,,,,,
,,,,,,,,
,,,,,,,,
,,,,,,,,
,,,,,,,,
,,,,,,,,
,,,,,,,,
,,,,,,,,
,,,,,,,,
,,,,,,,,
,,,,,,,,
,,,,,,,,
,,,,,,,,
,,,,,,,,
,,,,,,,,
,,,,,,,,
,,,,,,,,
,,,,,,,,
,,,,,,,,
,,,,,,,,
,,,,,,,,
,,,,,,,,
,,,,,,,,
,,,,,,,,
,,,,,,,,
,,,,,,,,
,,,,,,,,
,,,,,,,,
,,,,,,,,
,,,,,,,,
,,,,,,,,
,,,,,,,,
,,,,,,,,
,,,,,,,,
,,,,,,,,
,,,,,,,,
,,,,,,,,
,,,,,,,,
,,,,,,,,
,,,,,,,,
,,,,,,,,
,,,,,,,,
,,,,,,,,
,,,,,,,,
,,,,,,,,
,,,,,,,,
,,,,,,,,
,,,,,,,,
,,,,,,,,
,,,,,,,,
,,,,,,,,
,,,,,,,,
,,,,,,,,
,,,,,,,,
,,,,,,,,
,,,,,,,,
,,,,,,,,
,,,,,,,,
,,,,,,,,
,,,,,,,,
,,,,,,,,
,,,,,,,,
,,,,,,,,
,,,,,,,,
,,,,,,,,
,,,,,,,,
,,,,,,,,
,,,,,,,,
,,,,,,,,
,,,,,,,,
,,,,,,,,
,,,,,,,,
,,,,,,,,
,,,,,,,,
,,,,,,,,
,,,,,,,,
,,,,,,,,
,,,,,,,,
,,,,,,,,
,,,,,,,,
,,,,,,,,
,,,,,,,,
,,,,,,,,
,,,,,,,,
,,,,,,,,
,,,,,,,,
,,,,,,,,
,,,,,,,,
,,,,,,,,
,,,,,,,,
,,,,,,,,
,,,,,,,,
,,,,,,,,
,,,,,,,,
,,,,,,,,
,,,,,,,,
,,,,,,,,
,,,,,,,,
,,,,,,,,
,,,,,,,,
,,,,,,,,
,,,,,,,,
,,,,,,,,
,,,,,,,,
,,,,,,,,
,,,,,,,,
,,,,,,,,
,,,,,,,,
,,,,,,,,
,,,,,,,,
,,,,,,,,
,,,,,,,,
,,,,,,,,
,,,,,,,,
,,,,,,,,
,,,,,,,,
,,,,,,,,
,,,,,,,,
,,,,,,,,
,,,,,,,,
,,,,,,,,
,,,,,,,,
,,,,,,,,
,,,,,,,,
,,,,,,,,
,,,,,,,,
,,,,,,,,
,,,,,,,,
,,,,,,,,
,,,,,,,,
,,,,,,,,
,,,,,,,,
,,,,,,,,
,,,,,,,,
,,,,,,,,
,,,,,,,,
,,,,,,,,
,,,,,,,,
,,,,,,,,
,,,,,,,,
,,,,,,,,
,,,,,,,,
,,,,,,,,
,,,,,,,,
,,,,,,,,
,,,,,,,,
,,,,,,,,
,,,,,,,,
,,,,,,,,
,,,,,,,,
,,,,,,,,
,,,,,,,,
,,,,,,,,
,,,,,,,,
,,,,,,,,
,,,,,,,,
,,,,,,,,
,,,,,,,,
,,,,,,,,
,,,,,,,,
,,,,,,,,
,,,,,,,,
,,,,,,,,
,,,,,,,,
,,,,,,,,
,,,,,,,,
,,,,,,,,
,,,,,,,,
,,,,,,,,
,,,,,,,,
,,,,,,,,
,,,,,,,,
,,,,,,,,
,,,,,,,,
,,,,,,,,
,,,,,,,,
,,,,,,,,
,,,,,,,,
,,,,,,,,
,,,,,,,,
,,,,,,,,
,,,,,,,,
,,,,,,,,
,,,,,,,,
,,,,,,,,
,,,,,,,,
,,,,,,,,
,,,,,,,,
,,,,,,,,
,,,,,,,,
,,,,,,,,
,,,,,,,,
,,,,,,,,
,,,,,,,,
,,,,,,,,
,,,,,,,,
,,,,,,,,
,,,,,,,,
,,,,,,,,
,,,,,,,,
,,,,,,,,
,,,,,,,,
,,,,,,,,
,,,,,,,,
,,,,,,,,
,,,,,,,,
,,,,,,,,
,,,,,,,,
,,,,,,,,
,,,,,,,,
,,,,,,,,
,,,,,,,,
,,,,,,,,
,,,,,,,,
,,,,,,,,
,,,,,,,,
,,,,,,,,
,,,,,,,,
,,,,,,,,
,,,,,,,,
,,,,,,,,
,,,,,,,,
,,,,,,,,
,,,,,,,,
,,,,,,,,
,,,,,,,,
,,,,,,,,
,,,,,,,,
,,,,,,,,
,,,,,,,,
,,,,,,,,
,,,,,,,,
,,,,,,,,
,,,,,,,,
,,,,,,,,
,,,,,,,,
,,,,,,,,
,,,,,,,,
,,,,,,,,
,,,,,,,,
,,,,,,,,
,,,,,,,,
,,,,,,,,
,,,,,,,,
,,,,,,,,
,,,,,,,,
,,,,,,,,
,,,,,,,,
,,,,,,,,
,,,,,,,,
,,,,,,,,
,,,,,,,,
,,,,,,,,
,,,,,,,,
,,,,,,,,
,,,,,,,,
,,,,,,,,
,,,,,,,,
,,,,,,,,
,,,,,,,,
,,,,,,,,
,,,,,,,,
,,,,,,,,
,,,,,,,,
,,,,,,,,
,,,,,,,,
,,,,,,,,
,,,,,,,,
,,,,,,,,
,,,,,,,,
,,,,,,,,
,,,,,,,,
,,,,,,,,
,,,,,,,,
,,,,,,,,
,,,,,,,,
,,,,,,,,
,,,,,,,,
,,,,,,,,
,,,,,,,,
,,,,,,,,
,,,,,,,,
,,,,,,,,
,,,,,,,,
,,,,,,,,
,,,,,,,,
,,,,,,,,
,,,,,,,,
,,,,,,,,
,,,,,,,,
,,,,,,,,
,,,,,,,,
,,,,,,,,
,,,,,,,,
,,,,,,,,
,,,,,,,,
,,,,,,,,
,,,,,,,,
,,,,,,,,
,,,,,,,,
,,,,,,,,
,,,,,,,,
,,,,,,,,
,,,,,,,,
,,,,,,,,
,,,,,,,,
,,,,,,,,
,,,,,,,,
,,,,,,,,
,,,,,,,,
,,,,,,,,
,,,,,,,,
,,,,,,,,
,,,,,,,,
,,,,,,,,
,,,,,,,,
,,,,,,,,
,,,,,,,,
,,,,,,,,
,,,,,,,,
,,,,,,,,
,,,,,,,,
,,,,,,,,
,,,,,,,,
,,,,,,,,
,,,,,,,,
,,,,,,,,
,,,,,,,,
,,,,,,,,
,,,,,,,,
,,,,,,,,
,,,,,,,,
,,,,,,,,
,,,,,,,,
,,,,,,,,
,,,,,,,,
,,,,,,,,
,,,,,,,,
,,,,,,,,
,,,,,,,,
,,,,,,,,
,,,,,,,,
,,,,,,,,
,,,,,,,,
,,,,,,,,
,,,,,,,,
,,,,,,,,
,,,,,,,,
,,,,,,,,
,,,,,,,,
,,,,,,,,
,,,,,,,,
,,,,,,,,
,,,,,,,,
,,,,,,,,
,,,,,,,,
,,,,,,,,
,,,,,,,,
,,,,,,,,
,,,,,,,,
,,,,,,,,
,,,,,,,,
,,,,,,,,
,,,,,,,,
,,,,,,,,
,,,,,,,,
,,,,,,,,
,,,,,,,,
,,,,,,,,
,,,,,,,,
,,,,,,,,
,,,,,,,,
,,,,,,,,
,,,,,,,,
,,,,,,,,
,,,,,,,,
,,,,,,,,
,,,,,,,,
,,,,,,,,
,,,,,,,,
,,,,,,,,
,,,,,,,,
,,,,,,,,
,,,,,,,,
,,,,,,,,
,,,,,,,,
,,,,,,,,
,,,,,,,,
,,,,,,,,
,,,,,,,,
,,,,,,,,
,,,,,,,,
,,,,,,,,
,,,,,,,,
,,,,,,,,
,,,,,,,,
,,,,,,,,
,,,,,,,,
,,,,,,,,
,,,,,,,,
,,,,,,,,
,,,,,,,,
,,,,,,,,
,,,,,,,,
,,,,,,,,
,,,,,,,,
,,,,,,,,
,,,,,,,,
,,,,,,,,
,,,,,,,,
,,,,,,,,
,,,,,,,,
,,,,,,,,
,,,,,,,,
,,,,,,,,
,,,,,,,,
,,,,,,,,
,,,,,,,,
,,,,,,,,
,,,,,,,,
,,,,,,,,
,,,,,,,,
,,,,,,,,
,,,,,,,,
,,,,,,,,
,,,,,,,,
,,,,,,,,
,,,,,,,,
,,,,,,,,
,,,,,,,,
,,,,,,,,
,,,,,,,,
,,,,,,,,
,,,,,,,,
,,,,,,,,
,,,,,,,,
,,,,,,,,
,,,,,,,,
,,,,,,,,
,,,,,,,,
,,,,,,,,
,,,,,,,,
,,,,,,,,
,,,,,,,,
,,,,,,,,
,,,,,,,,
,,,,,,,,
,,,,,,,,
,,,,,,,,
,,,,,,,,
,,,,,,,,
,,,,,,,,
,,,,,,,,
,,,,,,,,
,,,,,,,,
,,,,,,,,
,,,,,,,,
,,,,,,,,
,,,,,,,,
,,,,,,,,
,,,,,,,,
,,,,,,,,
,,,,,,,,
,,,,,,,,
,,,,,,,,
,,,,,,,,
,,,,,,,,
,,,,,,,,
,,,,,,,,
,,,,,,,,
,,,,,,,,
,,,,,,,,
,,,,,,,,
,,,,,,,,
,,,,,,,,
,,,,,,,,
,,,,,,,,
,,,,,,,,
,,,,,,,,
,,,,,,,,
,,,,,,,,
,,,,,,,,
,,,,,,,,
,,,,,,,,
,,,,,,,,
,,,,,,,,
,,,,,,,,
,,,,,,,,
,,,,,,,,
,,,,,,,,
,,,,,,,,
,,,,,,,,
,,,,,,,,
,,,,,,,,
,,,,,,,,
,,,,,,,,
,,,,,,,,
,,,,,,,,
,,,,,,,,
,,,,,,,,
,,,,,,,,
,,,,,,,,
,,,,,,,,
,,,,,,,,
,,,,,,,,
,,,,,,,,
,,,,,,,,
,,,,,,,,
,,,,,,,,
,,,,,,,,
,,,,,,,,
,,,,,,,,
,,,,,,,,
,,,,,,,,
,,,,,,,,
,,,,,,,,
,,,,,,,,
,,,,,,,,
,,,,,,,,
,,,,,,,,
,,,,,,,,
,,,,,,,,
,,,,,,,,
,,,,,,,,
,,,,,,,,
,,,,,,,,
,,,,,,,,
,,,,,,,,
,,,,,,,,
,,,,,,,,
,,,,,,,,
,,,,,,,,
,,,,,,,,
,,,,,,,,
,,,,,,,,
,,,,,,,,
,,,,,,,,
,,,,,,,,
,,,,,,,,
,,,,,,,,
,,,,,,,,
,,,,,,,,
,,,,,,,,
,,,,,,,,
,,,,,,,,
,,,,,,,,
,,,,,,,,
,,,,,,,,
,,,,,,,,
,,,,,,,,
,,,,,,,,
,,,,,,,,
,,,,,,,,
,,,,,,,,
,,,,,,,,
,,,,,,,,
,,,,,,,,
,,,,,,,,
,,,,,,,,
,,,,,,,,
,,,,,,,,
,,,,,,,,
,,,,,,,,
,,,,,,,,
,,,,,,,,
,,,,,,,,
,,,,,,,,
,,,,,,,,
,,,,,,,,
,,,,,,,,
,,,,,,,,
,,,,,,,,
,,,,,,,,
,,,,,,,,
,,,,,,,,
,,,,,,,,
,,,,,,,,
,,,,,,,,
,,,,,,,,
,,,,,,,,
,,,,,,,,
,,,,,,,,
,,,,,,,,
,,,,,,,,
,,,,,,,,
,,,,,,,,
,,,,,,,,
,,,,,,,,
,,,,,,,,
,,,,,,,,
,,,,,,,,
,,,,,,,,
,,,,,,,,
,,,,,,,,
,,,,,,,,
,,,,,,,,
,,,,,,,,
,,,,,,,,
,,,,,,,,
,,,,,,,,
,,,,,,,,
,,,,,,,,
,,,,,,,,
,,,,,,,,
,,,,,,,,
,,,,,,,,
,,,,,,,,
,,,,,,,,
,,,,,,,,
,,,,,,,,
,,,,,,,,
,,,,,,,,
,,,,,,,,
,,,,,,,,
,,,,,,,,
,,,,,,,,
,,,,,,,,
,,,,,,,,
,,,,,,,,
,,,,,,,,
,,,,,,,,
,,,,,,,,
,,,,,,,,
,,,,,,,,
,,,,,,,,
,,,,,,,,
,,,,,,,,
,,,,,,,,
,,,,,,,,
,,,,,,,,
,,,,,,,,
,,,,,,,,
,,,,,,,,
,,,,,,,,
,,,,,,,,
,,,,,,,,
,,,,,,,,
,,,,,,,,
,,,,,,,,
,,,,,,,,
,,,,,,,,
,,,,,,,,
,,,,,,,,
,,,,,,,,
,,,,,,,,
,,,,,,,,
,,,,,,,,
,,,,,,,,
,,,,,,,,
,,,,,,,,
,,,,,,,,
,,,,,,,,
,,,,,,,,
,,,,,,,,
,,,,,,,,
,,,,,,,,
,,,,,,,,
,,,,,,,,
,,,,,,,,
,,,,,,,,
,,,,,,,,
,,,,,,,,
,,,,,,,,
,,,,,,,,
,,,,,,,,
,,,,,,,,
,,,,,,,,
,,,,,,,,
,,,,,,,,
,,,,,,,,
,,,,,,,,
,,,,,,,,
,,,,,,,,
,,,,,,,,
,,,,,,,,
,,,,,,,,
,,,,,,,,
,,,,,,,,
,,,,,,,,
,,,,,,,,
,,,,,,,,
,,,,,,,,
,,,,,,,,
,,,,,,,,
,,,,,,,,
,,,,,,,,
,,,,,,,,
,,,,,,,,
,,,,,,,,
,,,,,,,,
,,,,,,,,
,,,,,,,,
,,,,,,,,
,,,,,,,,
,,,,,,,,
,,,,,,,,
,,,,,,,,
,,,,,,,,
,,,,,,,,
,,,,,,,,
,,,,,,,,
,,,,,,,,
,,,,,,,,
,,,,,,,,
,,,,,,,,
,,,,,,,,
,,,,,,,,
,,,,,,,,
,,,,,,,,
,,,,,,,,
,,,,,,,,
,,,,,,,,
,,,,,,,,
,,,,,,,,
,,,,,,,,
,,,,,,,,
,,,,,,,,
,,,,,,,,
,,,,,,,,
,,,,,,,,
,,,,,,,,
,,,,,,,,
,,,,,,,,
,,,,,,,,
,,,,,,,,
,,,,,,,,
,,,,,,,,
,,,,,,,,
,,,,,,,,
,,,,,,,,
,,,,,,,,
,,,,,,,,
,,,,,,,,
,,,,,,,,
,,,,,,,,
,,,,,,,,
,,,,,,,,
,,,,,,,,
,,,,,,,,
,,,,,,,,
,,,,,,,,
,,,,,,,,
,,,,,,,,
,,,,,,,,
,,,,,,,,
,,,,,,,,
,,,,,,,,
,,,,,,,,
,,,,,,,,
,,,,,,,,
,,,,,,,,
,,,,,,,,
,,,,,,,,
,,,,,,,,
,,,,,,,,
,,,,,,,,
,,,,,,,,
,,,,,,,,
,,,,,,,,
,,,,,,,,
,,,,,,,,
,,,,,,,,
,,,,,,,,
,,,,,,,,
,,,,,,,,
,,,,,,,,
,,,,,,,,
,,,,,,,,
,,,,,,,,
,,,,,,,,
,,,,,,,,
,,,,,,,,
,,,,,,,,
,,,,,,,,
,,,,,,,,
,,,,,,,,
,,,,,,,,
,,,,,,,,
,,,,,,,,
,,,,,,,,
,,,,,,,,
,,,,,,,,
,,,,,,,,
,,,,,,,,
,,,,,,,,
,,,,,,,,
,,,,,,,,
,,,,,,,,
,,,,,,,,
,,,,,,,,
,,,,,,,,
,,,,,,,,
,,,,,,,,
,,,,,,,,
,,,,,,,,
,,,,,,,,
,,,,,,,,
,,,,,,,,
,,,,,,,,
,,,,,,,,
,,,,,,,,
,,,,,,,,
,,,,,,,,
,,,,,,,,
,,,,,,,,
,,,,,,,,
,,,,,,,,
,,,,,,,,
,,,,,,,,
,,,,,,,,
,,,,,,,,
,,,,,,,,
,,,,,,,,
,,,,,,,,
,,,,,,,,
,,,,,,,,
,,,,,,,,
,,,,,,,,
,,,,,,,,
,,,,,,,,
,,,,,,,,
,,,,,,,,
,,,,,,,,
,,,,,,,,
,,,,,,,,
,,,,,,,,
,,,,,,,,
,,,,,,,,
,,,,,,,,
,,,,,,,,
,,,,,,,,
,,,,,,,,
,,,,,,,,
,,,,,,,,
,,,,,,,,
,,,,,,,,
,,,,,,,,
,,,,,,,,
,,,,,,,,
,,,,,,,,
,,,,,,,,
,,,,,,,,
,,,,,,,,
,,,,,,,,
,,,,,,,,
,,,,,,,,
,,,,,,,,
,,,,,,,,
,,,,,,,,
,,,,,,,,
,,,,,,,,
,,,,,,,,
,,,,,,,,
,,,,,,,,
,,,,,,,,
,,,,,,,,
,,,,,,,,
,,,,,,,,
,,,,,,,,
,,,,,,,,
,,,,,,,,
,,,,,,,,
,,,,,,,,
,,,,,,,,
,,,,,,,,
,,,,,,,,
,,,,,,,,
,,,,,,,,
,,,,,,,,
,,,,,,,,
,,,,,,,,
,,,,,,,,
,,,,,,,,
,,,,,,,,
,,,,,,,,
,,,,,,,,
,,,,,,,,
,,,,,,,,
,,,,,,,,
,,,,,,,,
,,,,,,,,
,,,,,,,,
,,,,,,,,
,,,,,,,,
,,,,,,,,
,,,,,,,,
,,,,,,,,
,,,,,,,,
,,,,,,,,
,,,,,,,,
,,,,,,,,
,,,,,,,,
,,,,,,,,
,,,,,,,,
,,,,,,,,
,,,,,,,,
,,,,,,,,
,,,,,,,,
,,,,,,,,
,,,,,,,,
,,,,,,,,
,,,,,,,,
,,,,,,,,
,,,,,,,,
,,,,,,,,
,,,,,,,,
,,,,,,,,
,,,,,,,,
,,,,,,,,
,,,,,,,,
,,,,,,,,
,,,,,,,,
,,,,,,,,
,,,,,,,,
,,,,,,,,
,,,,,,,,
,,,,,,,,
,,,,,,,,
,,,,,,,,
,,,,,,,,
,,,,,,,,
,,,,,,,,
,,,,,,,,
,,,,,,,,
,,,,,,,,
,,,,,,,,
,,,,,,,,
,,,,,,,,
,,,,,,,,
,,,,,,,,
,,,,,,,,
,,,,,,,,
,,,,,,,,
,,,,,,,,
,,,,,,,,
,,,,,,,,
,,,,,,,,
,,,,,,,,
,,,,,,,,
,,,,,,,,
,,,,,,,,
,,,,,,,,
,,,,,,,,
,,,,,,,,
,,,,,,,,
,,,,,,,,
,,,,,,,,
,,,,,,,,
,,,,,,,,
,,,,,,,,
,,,,,,,,
,,,,,,,,
,,,,,,,,
,,,,,,,,
,,,,,,,,
,,,,,,,,
,,,,,,,,
,,,,,,,,
,,,,,,,,
,,,,,,,,
,,,,,,,,
,,,,,,,,
,,,,,,,,
,,,,,,,,
,,,,,,,,
,,,,,,,,
,,,,,,,,
,,,,,,,,
,,,,,,,,
,,,,,,,,
,,,,,,,,
,,,,,,,,
,,,,,,,,
,,,,,,,,
,,,,,,,,
,,,,,,,,
,,,,,,,,
,,,,,,,,
,,,,,,,,
,,,,,,,,
,,,,,,,,
,,,,,,,,
,,,,,,,,
,,,,,,,,
,,,,,,,,
,,,,,,,,
,,,,,,,,
,,,,,,,,
,,,,,,,,
,,,,,,,,
,,,,,,,,
,,,,,,,,
,,,,,,,,
,,,,,,,,
,,,,,,,,
,,,,,,,,
,,,,,,,,
,,,,,,,,
,,,,,,,,
,,,,,,,,
,,,,,,,,
,,,,,,,,
,,,,,,,,
,,,,,,,,
,,,,,,,,
,,,,,,,,
,,,,,,,,
,,,,,,,,
,,,,,,,,
,,,,,,,,
,,,,,,,,
,,,,,,,,
,,,,,,,,
,,,,,,,,
,,,,,,,,
,,,,,,,,
,,,,,,,,
,,,,,,,,
,,,,,,,,
,,,,,,,,
,,,,,,,,
,,,,,,,,
,,,,,,,,
,,,,,,,,
,,,,,,,,
,,,,,,,,
,,,,,,,,
,,,,,,,,
,,,,,,,,
,,,,,,,,
,,,,,,,,
,,,,,,,,
,,,,,,,,
,,,,,,,,
,,,,,,,,
,,,,,,,,
,,,,,,,,
,,,,,,,,
,,,,,,,,
,,,,,,,,
,,,,,,,,
,,,,,,,,
,,,,,,,,
,,,,,,,,
,,,,,,,,
,,,,,,,,
,,,,,,,,
,,,,,,,,
,,,,,,,,
,,,,,,,,
,,,,,,,,
,,,,,,,,
,,,,,,,,
,,,,,,,,
,,,,,,,,
,,,,,,,,
,,,,,,,,
,,,,,,,,
,,,,,,,,
,,,,,,,,
,,,,,,,,
,,,,,,,,
,,,,,,,,
,,,,,,,,
,,,,,,,,
,,,,,,,,
,,,,,,,,
,,,,,,,,
,,,,,,,,
,,,,,,,,
,,,,,,,,
,,,,,,,,
,,,,,,,,
,,,,,,,,
,,,,,,,,
,,,,,,,,
,,,,,,,,
,,,,,,,,
,,,,,,,,
,,,,,,,,
,,,,,,,,
,,,,,,,,
,,,,,,,,
,,,,,,,,
,,,,,,,,
,,,,,,,,
,,,,,,,,
,,,,,,,,
,,,,,,,,
,,,,,,,,
,,,,,,,,
,,,,,,,,
,,,,,,,,
,,,,,,,,
,,,,,,,,
,,,,,,,,
,,,,,,,,
,,,,,,,,
,,,,,,,,
,,,,,,,,
,,,,,,,,
,,,,,,,,
,,,,,,,,
,,,,,,,,
,,,,,,,,
,,,,,,,,
,,,,,,,,
,,,,,,,,
,,,,,,,,
,,,,,,,,
,,,,,,,,
,,,,,,,,
,,,,,,,,
,,,,,,,,
,,,,,,,,
,,,,,,,,
,,,,,,,,
,,,,,,,,
,,,,,,,,
,,,,,,,,
,,,,,,,,
,,,,,,,,
,,,,,,,,
,,,,,,,,
,,,,,,,,
,,,,,,,,
,,,,,,,,
,,,,,,,,
,,,,,,,,
,,,,,,,,
,,,,,,,,
,,,,,,,,
,,,,,,,,
,,,,,,,,
,,,,,,,,
,,,,,,,,
,,,,,,,,
,,,,,,,,
,,,,,,,,
,,,,,,,,
,,,,,,,,
,,,,,,,,
,,,,,,,,
,,,,,,,,
,,,,,,,,
,,,,,,,,
,,,,,,,,
,,,,,,,,
,,,,,,,,
,,,,,,,,
,,,,,,,,
,,,,,,,,
,,,,,,,,
,,,,,,,,
,,,,,,,,
,,,,,,,,
,,,,,,,,
,,,,,,,,
,,,,,,,,
,,,,,,,,
,,,,,,,,
,,,,,,,,
,,,,,,,,
,,,,,,,,
,,,,,,,,
,,,,,,,,
,,,,,,,,
,,,,,,,,
,,,,,,,,
,,,,,,,,
,,,,,,,,
,,,,,,,,
,,,,,,,,
,,,,,,,,
,,,,,,,,
,,,,,,,,
,,,,,,,,
,,,,,,,,
,,,,,,,,
,,,,,,,,
,,,,,,,,
,,,,,,,,
,,,,,,,,
,,,,,,,,
,,,,,,,,
,,,,,,,,
,,,,,,,,
,,,,,,,,
,,,,,,,,
,,,,,,,,
,,,,,,,,
,,,,,,,,
,,,,,,,,
,,,,,,,,
,,,,,,,,
,,,,,,,,
,,,,,,,,
,,,,,,,,
,,,,,,,,
,,,,,,,,
,,,,,,,,
,,,,,,,,
,,,,,,,,
,,,,,,,,
,,,,,,,,
,,,,,,,,
,,,,,,,,
,,,,,,,,
,,,,,,,,
,,,,,,,,
,,,,,,,,
,,,,,,,,
,,,,,,,,
,,,,,,,,
,,,,,,,,
,,,,,,,,
,,,,,,,,
,,,,,,,,
,,,,,,,,
,,,,,,,,
,,,,,,,,
,,,,,,,,
,,,,,,,,
,,,,,,,,
,,,,,,,,
,,,,,,,,
,,,,,,,,
,,,,,,,,
,,,,,,,,
,,,,,,,,
,,,,,,,,
,,,,,,,,
,,,,,,,,
,,,,,,,,
,,,,,,,,
,,,,,,,,
,,,,,,,,
,,,,,,,,
,,,,,,,,
,,,,,,,,
,,,,,,,,
,,,,,,,,
,,,,,,,,
,,,,,,,,
,,,,,,,,
,,,,,,,,
,,,,,,,,
,,,,,,,,
,,,,,,,,
,,,,,,,,
,,,,,,,,
,,,,,,,,
,,,,,,,,
,,,,,,,,
,,,,,,,,
,,,,,,,,
,,,,,,,,
,,,,,,,,
,,,,,,,,
,,,,,,,,
,,,,,,,,
,,,,,,,,
,,,,,,,,
,,,,,,,,
,,,,,,,,
,,,,,,,,
,,,,,,,,
,,,,,,,,
,,,,,,,,
,,,,,,,,
,,,,,,,,
,,,,,,,,
,,,,,,,,
,,,,,,,,
,,,,,,,,
,,,,,,,,
,,,,,,,,
,,,,,,,,
,,,,,,,,
,,,,,,,,
,,,,,,,,
,,,,,,,,
,,,,,,,,
,,,,,,,,
,,,,,,,,
,,,,,,,,
,,,,,,,,
,,,,,,,,
,,,,,,,,
,,,,,,,,
,,,,,,,,
,,,,,,,,
,,,,,,,,
,,,,,,,,
,,,,,,,,
,,,,,,,,
,,,,,,,,
,,,,,,,,
,,,,,,,,
,,,,,,,,
,,,,,,,,
,,,,,,,,
,,,,,,,,
,,,,,,,,
,,,,,,,,
,,,,,,,,
,,,,,,,,
,,,,,,,,
,,,,,,,,
,,,,,,,,
,,,,,,,,
,,,,,,,,
,,,,,,,,
,,,,,,,,
,,,,,,,,
,,,,,,,,
,,,,,,,,
,,,,,,,,
,,,,,,,,
,,,,,,,,
,,,,,,,,
,,,,,,,,
,,,,,,,,
,,,,,,,,
,,,,,,,,
,,,,,,,,
,,,,,,,,
,,,,,,,,
,,,,,,,,
,,,,,,,,
,,,,,,,,
,,,,,,,,
,,,,,,,,
,,,,,,,,
,,,,,,,,
,,,,,,,,
,,,,,,,,
,,,,,,,,
,,,,,,,,
,,,,,,,,
,,,,,,,,
,,,,,,,,
,,,,,,,,
,,,,,,,,
,,,,,,,,
,,,,,,,,
,,,,,,,,
,,,,,,,,
,,,,,,,,
,,,,,,,,
,,,,,,,,
,,,,,,,,
,,,,,,,,
,,,,,,,,
,,,,,,,,
,,,,,,,,
,,,,,,,,
,,,,,,,,
,,,,,,,,
,,,,,,,,
,,,,,,,,
,,,,,,,,
,,,,,,,,
,,,,,,,,
,,,,,,,,
,,,,,,,,
,,,,,,,,
,,,,,,,,
,,,,,,,,
,,,,,,,,
,,,,,,,,
,,,,,,,,
,,,,,,,,
,,,,,,,,
,,,,,,,,
,,,,,,,,
,,,,,,,,
,,,,,,,,
,,,,,,,,
,,,,,,,,
,,,,,,,,
,,,,,,,,
,,,,,,,,
,,,,,,,,
,,,,,,,,
,,,,,,,,
,,,,,,,,
,,,,,,,,
,,,,,,,,
,,,,,,,,
,,,,,,,,
,,,,,,,,
,,,,,,,,
,,,,,,,,
,,,,,,,,
,,,,,,,,
,,,,,,,,
,,,,,,,,
,,,,,,,,
,,,,,,,,
,,,,,,,,
,,,,,,,,
,,,,,,,,
,,,,,,,,
,,,,,,,,
,,,,,,,,
,,,,,,,,
,,,,,,,,
,,,,,,,,
,,,,,,,,
,,,,,,,,
,,,,,,,,
,,,,,,,,
,,,,,,,,
,,,,,,,,
,,,,,,,,
,,,,,,,,
,,,,,,,,
,,,,,,,,
,,,,,,,,
,,,,,,,,
,,,,,,,,
,,,,,,,,
,,,,,,,,
,,,,,,,,
,,,,,,,,
,,,,,,,,
,,,,,,,,
,,,,,,,,
,,,,,,,,
,,,,,,,,
,,,,,,,,
,,,,,,,,
,,,,,,,,
,,,,,,,,
,,,,,,,,
,,,,,,,,
,,,,,,,,
,,,,,,,,
,,,,,,,,
,,,,,,,,
,,,,,,,,
,,,,,,,,
,,,,,,,,
,,,,,,,,
,,,,,,,,
,,,,,,,,
,,,,,,,,
,,,,,,,,
,,,,,,,,
,,,,,,,,
,,,,,,,,
,,,,,,,,
,,,,,,,,
,,,,,,,,
,,,,,,,,
,,,,,,,,
,,,,,,,,
,,,,,,,,
,,,,,,,,
,,,,,,,,
,,,,,,,,
,,,,,,,,
,,,,,,,,
,,,,,,,,
,,,,,,,,
,,,,,,,,
,,,,,,,,
,,,,,,,,
,,,,,,,,
