District,Baby Food Liquid,Baby Food Solid,Others,Date
Bajali,0.00-Q,0.00-Q,,18-05-2022
Sonitpur,0.00-Q,0.00-Q,,18-05-2022
Nagaon,"0.00-Q, 100.00-Pkt","250.00-ml, 100.00-Pkt",CANDLE-61.00-Pkt; MAXO COIL-61.00-Pkt; 0-0.00-Pieces,18-05-2022
Karimganj,10.00-Pkt,"82.00-Pkt, 0.00-Q",chira-11.85-Q; Gur-2.15-Q,18-05-2022
Karbi Anglong West,0.00-Q,0.00-Q,,18-05-2022
Kamrup,0.00-Q,0.00-Q,,18-05-2022
Hojai,"1272.00-L, 0.00-Q","0.00-Pkt, 0.00-Q",Chira -20.40-Q; Gur-3.84-Q; Water bottle-330.00-L; Amul Taza-311.00-L,18-05-2022
Biswanath,0.00-Q,"0.00-Q, 1.00-Pkt",Wheat Bran-160.64-Q; Corn Flakes-5.00-Pkt; Mosquito Coil-3.00-Pkt; Milk (Amul Taza)-5.00-L,18-05-2022
Dima-Hasao,0.00-Q,0.00-Q,Chira-0.64-Q; Biscuit-190.00-Pkt; candle-33.00-Pkt; Match-30.00-Pieces; Mortin-3.00-Pkt; Tarpoulin-25.00-Pieces,18-05-2022
Dhemaji,0.00-Q,0.00-Q,Tarpulin-15.00-Pieces,18-05-2022
Darrang,0.00-Q,"0.00-Q, 44.00-Pkt",0-0.00-Q; Tarpaulin-500.00-Pieces,18-05-2022
Charaideo,0.00-Q,0.00-Q,,18-05-2022
Cachar,"0.00-Q, 508.00-Pkt","0.00-Q, 224.00-Pkt",Cook Food-6.00-Pkt; Palm Sugar-508.00-Pkt; Sagu-277.00-Pkt; Mortein-1017.00-Pkt; Soyabin-127.80-Kg; Potato-2196.00-Kg; Candle-1727.00-Pkt; Match Box-1251.00-Pkt; Mortien-750.00-Pkt; Tarpulin-700.00-Pieces,18-05-2022
Hailakandi,850.00-Pkt,80.00-Pkt,,18-05-2022
Sonitpur,0.00-Q,0.00-Q,,19-05-2022
Nagaon,"0.00-Q, 100.00-Pkt","0.00-Q, 50000.00-ml, 400.00-Pkt",0-0.00-Pkt,19-05-2022
Lakhimpur,0.00-Q,0.00-Q,,19-05-2022
Karimganj,"23.00-Pkt, 0.00-Q","0.00-Q, 60.00-Pkt",Chira-215.60-Kg; Gur-36.10-Kg; chira-0.55-Q; Gur-0.10-Q,19-05-2022
Karbi Anglong West,0.00-Q,0.00-Q,,19-05-2022
Kamrup,0.00-Q,0.00-Q,,19-05-2022
Nalbari,0.00-Q,0.00-Q,,19-05-2022
Hailakandi,0.00-Q,0.00-Q,,19-05-2022
Dima-Hasao,20.00-L,0.00-Q,,19-05-2022
Dibrugarh,0.00-Q,0.00-Q,,19-05-2022
Dhemaji,0.00-Q,0.00-Q,Tarpaulin-155.00-Pieces,19-05-2022
Darrang,0.00-Q,"0.00-Q, 90.00-Pkt",Tarpaulin-500.00-Pieces,19-05-2022
Cachar,0.00-Q,0.00-Q,Cook Food-70.00-Pkt; Mortien-800.00-Pkt; Candle-800.00-Pkt; Match Box-800.00-Pkt,19-05-2022
Biswanath,0.00-Q,0.00-Q,Candle-16.00-Pkt; Mosquito Repellent Coil-12.00-Pkt; Match Box-9.00-Pkt; Sanitary Pad-30.00-Pkt; Hand Wash-16.00-Pieces; Soap-25.00-Pieces; Chira-1.67-Q; Jaggery-0.30-Q,19-05-2022
Hojai,"0.00-Q, 0.00-Pkt","0.00-Q, 1849.00-Kg",Tarpaulins-1350.00-Pieces; Tarpaulin-1060.00-Pieces; Chira-31.88-Q; Gur-5.50-Q; Amul Taza-640.00-L; Water-1245.00-L,19-05-2022
Sonitpur,0.00-Q,0.00-Q,,20-05-2022
Nagaon,0.00-Q,"0.00-Q, 450000.00-ml",Tarpaulin-365.00-Pieces,20-05-2022
Morigaon,0.00-Q,0.00-Q,0-0.00-Q,20-05-2022
Karimganj,0.00-Q,"100.00-Pkt, 0.00-Q",0-0.00-Q; MOSQUITO COIL -10.00-Pkt; CANDLE-20.00-Pkt; PHENYL-15.00-L; SANITARY NAPKIN-30.00-Pkt,20-05-2022
Karbi Anglong West,0.00-Q,0.00-Q,,20-05-2022
Lakhimpur,0.00-Q,0.00-Q,,20-05-2022
Hojai,"2287.00-L, 0.00-Q","0.00-Q, 2302.00-Pkt",chira-82.78-Q; Gur-15.72-Q; Amul Taza-1302.00-Pkt; water bottle-20500.00-L; biscuit-2000.00-Pkt; Tarpaulin-200.00-Pieces; Biscuit-7114.00-Pkt; Water-18858.00-L,20-05-2022
Kamrup,0.00-Q,0.00-Q,0-0.00-Q,20-05-2022
Biswanath,0.00-Q,0.00-Q,Nestum for Baby-3.00-Pkt; Chira-0.53-Q; Jaggery -0.09-Q; Candle-13.00-Pkt; Mosquito repellent coil-13.00-Pkt; Match Box-13.00-Pkt; Sanitary Pads -5.00-Pkt; Hand wash-5.00-Pieces; Soap-26.00-Pieces,20-05-2022
Darrang,"0.00-Q, 2.00-L","240.00-Pkt, 0.00-Q",Tarpaulin-200.00-Pieces; Candles-7.00-Pkt; sanitary pads-50.00-Pkt; mosquito coil-5.00-Pkt,20-05-2022
Dima-Hasao,0.00-L,0.00-Kg,,20-05-2022
Hailakandi,0.00-Q,0.00-Q,Tarpaulin-160.00-Pieces; Water Purification Tablet-2300.00-Pieces; Water Packets-3000.00-Pkt,20-05-2022
Cachar,0.00-Q,0.00-Q,Cheera-3.00-Kg; Jaggery-0.25-Kg; Candle-1369.00-Pkt; Match Box-1369.00-Pkt; Paked Drinking Water-2.00-L; Biscuit-26.00-Pkt; Mortien-50.00-Pkt; Mortein-1368.00-Pkt; Soyabean-184.20-Kg; Potato-6474.00-Kg; Soyaean-19.00-Kg; Amul Taza-12.00-L,20-05-2022
Sonitpur,0.00-Q,0.00-Q,,21-05-2022
Cachar,"0.00-Q, 2669.00-Pkt","0.00-Q, 1013.00-Pkt",Mortien-3335.00-Pkt; Candle-3765.00-Pkt; Match Box-3588.00-Pkt; Soyabean-456.75-Kg; Potato -225.00-Kg; Tarpaulin-120.00-Pieces; candle-2840.00-Pkt; Potatos-8617.00-Pkt; Biscuit-2669.00-Pkt; Mortein-253.00-Pkt; Soyabin-37.95-Kg; Potatoes-782.00-Kg; M Coil-3017.00-Pkt; Match box-3017.00-Pkt; Potatos-2790.00-Kg,21-05-2022
Darrang,0.00-Q,"0.00-Q, 8.00-Pkt",Tarpaulin-150.00-Q; Taurpaulin-500.00-Pieces,21-05-2022
Dima-Hasao,0.00-Q,0.00-Q,Biscuit-190.00-Pkt; candle-70.00-Pkt; Match Box-36.00-Pieces; M Coil-38.00-Pkt; Soap-65.00-Pkt; Tarpalin-33.00-Pieces,21-05-2022
Hojai,"6861.00-L, 0.00-Q","0.00-Pkt, 0.00-Q",Water bottle-15405.00-L; Biscuts -6861.00-Pkt; Phynyl-5.00-Pieces; Water Bottle-200.00-Pieces; Bleaching Powder-1.00-Pieces; Amul -50.00-L,21-05-2022
Karbi Anglong West,0.00-Q,0.00-Q,,21-05-2022
Karimganj,"141.00-Pkt, 0.00-Q","135.00-Pkt, 0.00-Q",0-0.00-Q,21-05-2022
Lakhimpur,0.00-Q,0.00-Q,,21-05-2022
Morigaon,0.00-Q,0.00-Q,0-0.00-Q,21-05-2022
Nagaon,"0.00-Q, 20000.00-ml","0.00-Q, 45.00-Pkt, 75.00-Kg",Drinking Water-2500.00-Pkt; Bleaching-5.00-Pkt; Halogen Tab-4000.00-Pieces; Tarpaulin-1400.00-Pieces; Biscuit-400.00-Pkt; Milk-45.00-Pkt,21-05-2022
Nalbari,0.00-Q,0.00-Q,,21-05-2022
Hailakandi,0.00-Q,0.00-Q,Phenyle-41000.00-ml; Soap-340.00-Pieces; Harpic-21000.00-ml; Tarpaulin-17.00-Pieces,21-05-2022
Kamrup,0.00-Q,0.00-Q,,21-05-2022
Hailakandi,0.00-Q,0.00-Q,Tarpaulin-47.00-Pieces,22-05-2022
Hojai,0.00-Q,0.00-Q,Tarpaulin-500.00-Pieces; Amul Taza-312.00-L; Drinking water-2460.00-L; Biscuits-480.00-Pkt; Phenyl-100.00-Pieces; Bleaching power-50.00-Kg; Sanitary pads-100.00-Pkt,22-05-2022
Morigaon,1200.00-Pieces,1000.00-Pieces,Charge Light-70.00-Pieces; Tarpaulin-1500.00-Pieces; Candle-1000.00-Pieces,22-05-2022
Karimganj,"0.00-Q, 48.00-Pkt",0.00-Q,0-0.00-Q; MOSQUITO COIL-30.00-Pkt; PHENYL-9.00-L; NAPKIN-80.00-Pkt; CANDLE-40.00-Pkt; MATCH BOX-30.00-Pkt,22-05-2022
Darrang,0.00-Q,"0.00-Q, 28.00-Pkt",Tarpailin-50.00-Pieces,22-05-2022
Cachar,0.00-Q,0.00-Q,Mortein -2000.00-Pkt; Candle-6120.00-Pkt; Match Box-6120.00-Pkt; Tarpaulin -1000.00-Pieces; Soyabean-990.45-Kg; Potato-11010.00-Kg; Mortein-4120.00-Pkt,22-05-2022
Barpeta,0.00-Q,0.00-Q,0-0.00-Q,22-05-2022
Nagaon,"0.00-ml, 660.00-L","83.00-Kg, 3300.00-Pkt",Tarpaulin-338.00-Pieces,23-05-2022
Morigaon,1800.00-Pieces,2000.00-Pieces,TARPAULIN-1000.00-Pieces,23-05-2022
Karimganj,0.00-Q,0.00-Q,0-1.00-Q,23-05-2022
Kamrup,0.00-Q,0.00-Q,0-0.00-Q,23-05-2022
Karbi Anglong West,0.00-Q,0.00-Q,,23-05-2022
Hailakandi,0.00-Q,0.00-Q,,23-05-2022
Dima-Hasao,0.00-Q,0.00-Q,,23-05-2022
Dibrugarh,0.00-Q,0.00-Q,,23-05-2022
Darrang,0.00-Q,0.00-Q,Tarpaulin-100.00-Pieces,23-05-2022
Cachar,0.00-Q,0.00-Q,Mortien -1202.00-Pkt; Candle-1202.00-Pkt; Match Box -1202.00-Pkt; Soyabean-408.55-Kg; Potato-7118.00-Pkt,23-05-2022
Barpeta,0.00-Q,0.00-Q,,23-05-2022
Hojai,0.00-Q,0.00-Q,Rice Bran-25.00-Q; Tarpaulin-160.00-Pieces; Water-1200.00-L; Biscuit-1440.00-Pkt; Phenyl-20.00-Pieces; Bleaching powder-49.00-Kg; Amul Taza-198.00-L; Chira-11.25-Q; Gur-1.50-Q,23-05-2022
Kamrup,0.00-Q,0.00-Q,,24-05-2022
Morigaon,0.00-Q,0.00-Q,,24-05-2022
Karbi Anglong West,0.00-Q,0.00-Q,,24-05-2022
Karimganj,217.00-Pkt,0.00-Q,0-0.00-Q,24-05-2022
Hailakandi,0.00-Q,0.00-Q,,24-05-2022
Goalpara,0.00-Q,0.00-Q,,24-05-2022
Dima-Hasao,0.00-Q,0.00-Q,0-0.00-Q,24-05-2022
Darrang,0.00-Q,0.00-Q,,24-05-2022
Cachar,0.00-Q,0.00-Q,Soybean -1593.55-Kg; Candle-920.00-Pkt; Match Box-920.00-Pkt; Potato -2251.00-Kg; Mortien -445.00-Pkt; 0-0.00-Q; Mortien-475.00-Pkt,24-05-2022
Hojai,"0.00-Q, 48.00-L",0.00-Q,Tarpaulin -300.00-Pieces; Chira -7.50-Q; Tarpaulin-540.00- Pieces; Water -1020.00-L; Biscuits -1080.00-Pkt; Bleaching Powder -35.00-Pkt; Phenyl-35.00-Pieces; Candle-4.00-Pkt; Gur-1.00-Q,24-05-2022
Barpeta,0.00-Q,0.00-Q,,24-05-2022
Morigaon,0.00-Q,0.00-Q,,25-05-2022
Karimganj,73.00-Pkt,0.00-Q,0-0.00-Q,25-05-2022
Karbi Anglong West,0.00-Q,0.00-Q,,25-05-2022
Darrang,0.00-Q,0.00-Q,,25-05-2022
Hojai,0.00-Q,0.00-Q,Amul Taza-30.00-L; Water-84.00-L; Bleaching Powder-2.00-Pkt; Biscuit-240.00-Pkt; Phenyl-48.00-Pieces; Chira-0.25-Q,25-05-2022
Hailakandi,0.00-Q,0.00-Q,,25-05-2022
Dima-Hasao,0.00-Q,413.00-Kg,Potato-37.50-Q; Onion-5.90-Q; Turmeric-413.00-Kg; Biscuits-2016.00-Pkt; Candle-864.00-Pkt; Match Box-413.00-Pkt; Mosquito Repellent-826.00-Pkt,25-05-2022
Kamrup,0.00-Q,0.00-Q,,25-05-2022
Cachar,0.00-Q,0.00-Q,Mortien-729.00-Pkt; Candle-729.00-Pkt; Match Box-729.00-Pkt; Soap-600.00-Pieces; Soyabean-109.35-Kg; Potato-2187.00-Kg,25-05-2022
Morigaon,0.00-Q,0.00-Q,TARPAULIN -500.00-Pieces,26-05-2022
Hailakandi,0.00-Q,0.00-Q,,26-05-2022
Hojai,24.00-L,0.00-Q,Phnyle-12.00-Pieces; Bleaching Powder-10.00-Pkt; Biscuit -180.00-Pkt,26-05-2022
Dima-Hasao,15.00-L,0.00-Pkt,Potato-20.00-Q; Onion-5.00-Q,26-05-2022
Cachar,0.00-Q,0.00-Q,,26-05-2022
Dima-Hasao,60.00-L,0.00-Q,Biscuit-120.00-Pkt; Candle-300.00-Pkt; Match Box-100.00-Pkt; Mosquito Repellent-60.00-Pkt; Turmeric-50.00-Pkt; Milk-60.00-L,27-05-2022
Hailakandi,0.00-Q,0.00-Q,,27-05-2022
Morigaon,0.00-Q,0.00-Q,Hand Tube well-112.00-Pieces,27-05-2022
Cachar,0.00-Q,0.00-Q,Mortien-120.00-Pkt; Candle-120.00-Pkt; Match Box-65.00-Pkt; Potato-360.00-Kg; Cerelec-10.00-Pkt; Amul Taja-5.00-L; Biscuit-10.00-Pkt,27-05-2022
Dima-Hasao,60.00-L,0.00-Q,Milk-60.00-L; Potato-1.00-Q; Onion-1.00-Q; Biscuit-250.00-Pkt; Candle-450.00-Pkt; Match Box-180.00-Pkt; Mosquito Repellent-200.00-Pkt,28-05-2022
Hojai,0.00-Q,0.00-Q,Chira -0.25-Q; Gur-0.50-Q; Water -12.00-L,28-05-2022
Morigaon,0.00-Q,0.00-Q,Sanitary Napkin -111.00-Pieces,28-05-2022
Dima-Hasao,78.00-L,0.00-Q,Potato-500.00-Kg; Onion-100.00-Kg; Milk-78.00-L; Biscuit-160.00-Pkt; Candle-400.00-Pkt; Match Box-156.00-Pkt; Mosquito Repellent-200.00-Pkt,29-05-2022
Dima-Hasao,0.00-L,0.00-Q,Milk-430.00-L; Potato-18.10-Q; Onion-5.66-Q; Biscuit-3444.00-Pkt; Candle-810.00-Pkt; Match Box-326.00-Pkt; Mosquito Repellent-861.00-Pkt,30-05-2022
Morigaon,4000.00-Pieces,4000.00-Pieces,Sanitary Napkin-25.00-Pieces,30-05-2022
Dima-Hasao,0.00-Q,0.00-Q,Milk-131.00-L; Onion-1031.00-Q; Candle-393.00-Pkt; Match Box-131.00-Pkt; Mosquito Repellent-131.00-Pkt,01-06-2022
Morigaon,0.00-Q,0.00-Q,,01-06-2022
Cachar,0.00-Q,0.00-Q,0-0.00-Q,03-06-2022
Dhemaji,0.00-Q,0.00-Q,,09-06-2022
Dhemaji,0.00-Q,0.00-Q,Tarpulin-345.00-Pieces,13-06-2022
Dima-Hasao,0.00-Q,0.00-Q,Haldi-212.00-Pkt; Milk-212.00-L; Potato-24.96-Q; onion-6.36-Q; Match Box-212.00-Pkt,15-06-2022
Dhemaji,0.00-Q,0.00-Q,Tarpaulin -202.00-Pieces,15-06-2022
Baksa,0.00-L,21.00-Pkt,Candle -30.00-Pkt; Biscuits -30.00-Pkt,15-06-2022
Bajali,0.00-Q,0.00-Q,,15-06-2022
Chirang,"0.00-Pkt, 0.00-Q","23.00-Pkt, 0.00-Q",Tarpaulin-10.00-Pieces; Mosquito Net-21.00-Pieces; Sanitary Napkin-20.00-Pkt,16-06-2022
Baksa,"35.00-Pkt, 0.00-Q","0.00-Q, 120.00-Pkt",Candel-166.00-Pkt; Biscuit-500.00-Pkt; Mother horliks-1.00-Pkt; Candle -30.00-Pkt; Biscuit -140.00-Pkt; Mosquito coil -140.00-Pkt; 0-0.00-Q; Cattle feed-957.00-Kg,16-06-2022
Bajali,0.00-Q,0.00-Q,Tarpaulin-600.00-Pieces; Biscuit -10.00-Pkt; Potato-5.00-Kg,16-06-2022
Dibrugarh,0.00-Q,0.00-Q,,16-06-2022
Darrang,0.00-Q,0.00-Q,Tarpaulin-10.00-Pieces; Chira-5.00-Q; Gur-1.50-Q; cake-504.00-Pkt; Biscuit-504.00-Pkt,16-06-2022
Tamulpur,0.00-Q,0.00-Q,,16-06-2022
Kokrajhar,0.00-Q,0.00-Q,Chira-276.00-Kg; Gur-48.70-Kg; CANDLES-625.00-Pkt; MATCHBOX-64.00-Pkt; GOOD DAY BISCUIT-2923.00-Pkt; TARPAULINE-110.00-Pieces,16-06-2022
Kamrup (M),0.00-Q,0.00-Q,Tarpouline-560.00-Pieces; Water Bottle 2Ltr-170.00-L; Bread-9037.00-Pkt; Biscuit-14074.00-Pkt; Candle-1770.00-Pkt; Tarpaulin-40.00-Pieces; Water Bottle-20232.00-L,16-06-2022
Hojai,0.00-Q,0.00-Q,Chira 120 bag (30 Kg per Pkt)-36.00-Q; Gur 10 bag (per bag 30 kg)-3.00-Q; Water (1 Ltr per bottle)-1200.00-L; Amoul-480.00-L; Candle (Per Pkt-6)-100.00-Pkt; Tarpaulin-200.00-Pieces; Biscuits 10 Box(Per Box 38 Pkts)-380.00-Pkt; Tarpualin -300.00-Pieces,16-06-2022
Dima-Hasao,0.00-Q,0.00-Q,Potato-13.70-Q; Onion-6.60-Q; Match Box-140.00-Pkt; Battery-280.00-Pieces; Torch-140.00-Pieces,16-06-2022
Udalguri,"0.00-Q, 0.00-Pkt","0.00-Q, 20.00-Pkt",Sanitary Pad -40.00-Pkt; Candles & Match Sticks-40.00-Pkt; Mosquito Coil-40.00-Pkt; Mosquito Net-40.00-Pieces; Disposal Plates & Glass-40.00-Pkt; Soap-80.00-Pieces; Water Bottle-40.00-Pkt; Phenyl-20.00-Pieces; Mask & Sanitizer-600.00-,17-06-2022
Tinsukia,0.00-Q,0.00-Q,,17-06-2022
Sonitpur,0.00-Q,0.00-Q,,17-06-2022
Nalbari,0.00-Q,0.00-Q,Phenyl-50.00-L; Candle-110.00-Pkt; Mosquito Coil-110.00-Pkt,17-06-2022
Tamulpur,0.00-Q,0.00-Q,chira-14676.00-Kg; Gur-2621.00-Kg,17-06-2022
Kokrajhar,0.00-Q,"6.00-Pkt, 0.00-Q",Chira-75.00-Kg; Gur-12.00-Kg; Match Box-20.00-Pkt; Water Bottle-120.00-Pieces; Candle-536.00-Pkt; Biscuit-168.00-Pkt; CANDLE-3893.00-Pkt; MATCHBOX-306.00-Pkt; GOODDAY BISCUIT-14548.00-Pkt; Match Box-138.00-Q; Match Box-71.00-Pieces; Chemical Packets-200.00-Pkt; Halogen Tablets-800.00-Pieces; M COIL-853.00-Pkt; SOAP-853.00-Pieces,17-06-2022
Bajali,0.00-Q,0.00-Q,,17-06-2022
Lakhimpur,0.00-Q,"0.00-Q, 31.00-Kg",Taurpalin-463.00-Pkt; Tarpaulin-63.00-Pieces,17-06-2022
Barpeta,0.00-Q,20.00-Pkt,candles-1013.00-Pkt; mosquito repellent coli-15.00-Pkt; Sanitary Napkin-50.00-Pkt; Chira-5155.60-Kg; Jeggary-942.70-Kg,17-06-2022
Biswanath,0.00-Q,0.00-Q,,17-06-2022
Bongaigaon,"0.00-Q, 1102.00-Pkt","0.00-Q, 6630.00-Pkt",Tarpaulin-7303.00-Pieces; Sanitay Pad-60.00-Pkt; Sanitary pad-175.00-Pkt; Candle-91.00-Pkt; Match box-91.00-Pkt; Coil-91.00-Pkt; Sanitary Pad-488.00-Pkt; chira-0.84-Q; gur-0.15-Q,17-06-2022
Chirang,0.00-Q,0.00-Q,Tarpaulin-89.00-Pieces,17-06-2022
Darrang,0.00-Q,0.00-Q,Tarpaulin-200.00-Pieces; candle-10.00-Pkt; mosquito coil-10.00-Pkt,17-06-2022
Baksa,"0.00-Q, 0.00-Pkt","0.00-Q, 30.00-Pkt",Nil-0.00-Q; Biscuit-1269.00-Pkt; Candle -30.00-Pkt; Biscuit -100.00-Pkt; Mosquito coil -30.00-Pkt,17-06-2022
Dhubri,"0.00-Q, 45.00-Pkt","0.00-Q, 0.00-Pkt",Tarpauline-250.00-Pieces; chira-236.00-Kg; gur-43.00-Kg; M. Coil-46.00-Pkt; M.Box-46.00-Pkt; Candle-46.00-Pkt; Tarpaulin-30.00-Pieces,17-06-2022
Goalpara,0.00-Q,0.00-Q,candle-570.00-Pkt; Mosquito Coil-570.00-Pkt; Match box-288.00-Pieces; Tarpaulin-242.00-Pieces; Bleaching Powder-5.00-Kg; Phenyl-5.00-Kg; 0-0.00-Q,17-06-2022
Hojai,"0.00-Q, 0.00-L",0.00-Q,Water Bottle 40 Carton ( 12 Pc per cartone) -480.00-L; Amul Taza-228.00-L; Sanitary pads-20.00-Pkt; Water Bottles-600.00-L; Sanitary Pad-75.00-Pkt; Water Bottle-1200.00-L,17-06-2022
Kamrup,"71.00-Pkt, 0.00-Q","71.00-Pkt, 0.00-Q",Candle-315.00-Pkt; Mosquito Coil-70.00-Pkt; Sanitary Napkin-17.00-Pkt; Tarpaulin-350.00-Pieces; Trpaulin-2000.00-Pieces,17-06-2022
Kamrup (M),0.00-Q,0.00-Q,Water -3144.00-L; Bread-1960.00-Pkt; Biscuit-3920.00-Pkt; Candle-240.00-Pkt; Tarpouline-530.00-Pieces; Water Bottle-15000.00-L; Tarpaulin-340.00-Pieces,17-06-2022
Karbi Anglong West,0.00-Q,0.00-Q,,17-06-2022
Dhemaji,0.00-Q,0.00-Q,Tarpaulin-40.00-Pieces,17-06-2022
Hojai,0.00-Q,0.00-Q,Amul Taza-156.00-L; Water-240.00-L; Sanitary Pad-65.00-Pkt; Water Bottle-1320.00-L,18-06-2022
Kamrup,"73.00-Pkt, 0.00-Q","73.00-Pkt, 0.00-Q",Candles-40.00-Pkt; Mosquito Coil-40.00-Pkt; Sanitary Napkin-8.00-Pkt; Tarpaulin-500.00-Pieces; Candle-15344.00-Pkt; Candel-20.00-Pkt,18-06-2022
Kamrup (M),0.00-Q,0.00-Q,Tarpouline-430.00-Pieces; Bread-50.00-Pkt; Biscuit-50.00-Pkt; Candle-5.00-Pkt,18-06-2022
Karbi Anglong West,0.00-Q,0.00-Q,,18-06-2022
Karimganj,0.00-Q,0.00-Q,0-0.00-Q,18-06-2022
Nalbari,0.00-Q,0.00-Q,Masquto Coil-186.00-Pkt; Candle -372.00-Pkt; Wheat Bran-1036.00-Q,18-06-2022
Lakhimpur,0.00-Q,"0.00-Q, 64.00-Pkt",Suji 1/2 kg-30.00-Pkt; Horlicks 500 g-14.00-Pkt; concentrated cattle feed Godrej Supreme-76.00-Q; Tarpaulin-113.00-Pieces; Concentrate Feed (Cattle Feed)-28.00-Q; Halogen Tablet-4000.00-Pieces; Horlics (Baby Food)-60.00-Pieces; 0-0.00-Q,18-06-2022
Nagaon,500.00-Pkt,500.00-Pkt,Candle-100.00-Pkt; HTW-1.00-Pieces,18-06-2022
Sonitpur,0.00-Q,0.00-Q,0-0.00-Q,18-06-2022
Tamulpur,"3.00-Pkt, 0.00-Q",0.00-Q,,18-06-2022
Goalpara,0.00-Q,0.00-Q,Chira-1.93-Q; Gur-0.34-Q; Mosquito Coil-252.00-Pkt; Match Box-252.00-Pkt; Candle-252.00-Pkt; Tarpaulin-1118.00-Pieces,18-06-2022
Kokrajhar,0.00-Q,"0.00-Q, 46.50-Kg, 12.00-Pkt",Candle-340.00-Pieces; Match Box-430.00-Pieces; CANDLE-92.00-Pkt; CORNFLAKES-3.90-Kg; MOTHER HORLICKS-9.00-Kg; BISCUITS-117.00-Pkt; SANITARY NAPKIN-240.00-Pieces; HAND SANITIZER-2.00-L; SOAP-398.00-Pieces; BLEACHING POWDER-10.00-Kg; Biscuit-54.00-Pkt; Candle-34.00-Pkt; Match Box-15.00-Pkt; Mosquito Coil-84.00-Pkt; Bath Soap-84.00-Pieces,18-06-2022
Dima-Hasao,0.00-Q,0.00-Q,Haldi-6.00-Pkt; Milk-6.00-L; Potato-30.00-Kg; Onion-6.00-Kg; Biscuit-42.00-Pkt; Candle-18.00-Pkt; Match Box-6.00-Pkt; Mosquito Repellent-12.00-Pkt,18-06-2022
Bajali,"0.00-Q, 0.00-ml","0.00-Q, 0.00-ml",wheat bran-851.00-Q; candle-17.00-Pieces,18-06-2022
Dhubri,"375.00-Pkt, 0.00-Q","0.00-Q, 26.00-Pkt",Candle-60.00-Pkt; M. Coil-60.00-Pkt; M.Box-60.00-Pieces; Tarpaulin-84.00-Pieces; sanitary napkins-90.00-Pkt,18-06-2022
Dhemaji,0.00-Q,0.00-Q,Tarpaulin-159.00-Pieces; Tarpaulin -490.00-Pieces,18-06-2022
Darrang,"0.00-Q, 0.00-Pkt","0.00-Q, 448.00-Pkt",Tarpaulin-2150.00-Pieces,18-06-2022
Chirang,0.00-Q,"0.00-Q, 42.00-Pkt",Tarpaulin-623.00-Pieces; Candle-295.00-Pkt; Mosquito Coil-298.00-Pkt; Soap-38.00-Pieces; Sanitary Napkin-48.00-Pkt; Match Box-4.00-Pkt,18-06-2022
Cachar,0.00-Q,0.00-Q,,18-06-2022
Bongaigaon,"2043.00-Pkt, 0.00-Q, 568.80-L","2043.00-Pkt, 450.00-Q",Tarpaulin-600.00-Pieces; Mother horlicks -25.00-Pkt; Sanitary Pad-474.00-Pkt; Tarpaulin -460.00-Pieces; candle-372.00-Pkt; matches -10.00-Pkt; chira-1.62-Q; gur-0.30-Q,18-06-2022
Barpeta,"0.00-Pkt, 0.00-Q","11.00-Pkt, 0.00-Q",Sanitary napkins -200.00-Pkt; Candle -50.00-Pkt; Mosquito coil -50.00-Pkt,18-06-2022
Baksa,"0.00-Q, 0.00-Pkt","0.00-Q, 47.00-Pkt",Animal feed-10000.00-Kg; Biscuit-643.00-Pkt; Candel-643.00-Pkt; Candle-5.00-Pkt; Biscuits -82.00-Pkt; Mosquito coil -2.00-Q,18-06-2022
Dibrugarh,0.00-Q,0.00-Q,Tarpaulin -2.00-Pieces,18-06-2022
Hailakandi,290.00-Pkt,94.00-Pkt,Sanitary Napkin-105.00-Pkt; Candle-65.00-Pkt; Match box-26.00-Pkt,19-06-2022
Golaghat,0.00-Q,0.00-Q,Sanitary napkin-40.00-Pkt; Candle-90.00-Pkt; M Coil-120.00-Pieces; Matchbox-20.00-Pkt,19-06-2022
Tinsukia,0.00-Q,0.00-Q,,19-06-2022
Dhubri,0.00-Q,"0.00-Q, 21.00-Pkt",Tarpauline-250.00-Pieces; Tarpaulin-132.00-Pieces; Chira-3.45-Q; gur-0.65-Q; HTW-5.00-Pieces; Temporary Toilet-2.00-Pieces; Drinking Water-300.00-L; Bleaching powder-25.00-Kg; 0-0.00-Q; Sanitary pad-21.00-Pkt; Mother Horlicks-20.00-Pkt,19-06-2022
Dima-Hasao,0.00-Q,15.00-Pkt,Haldi-100.00-Pkt; Milk-100.00-L; Potato-500.00-Kg; Onion-100.00-Kg; Biscuit-700.00-Pkt; Candle-300.00-Pkt; Match Box-100.00-Pkt; Mosquito Repellent-200.00-Pkt; Bathing Soap-100.00-Pieces; Phenyl-50.00-Pieces; Dettol Liquid-100.00-Pieces,19-06-2022
Dibrugarh,0.00-Q,0.00-Q,Tarpaulin sheets-10.00-Pieces,19-06-2022
Hojai,0.00-Q,0.00-Q,Tarpualin-340.00-Pieces; Water Bottle-3120.00-L; Sanitary pad-75.00-Pkt; Candle-130.00-Pkt; Chira-27.00-Q; Gur-4.50-Q; Amul Taza-336.00-L; Biscuit-324.00-Pkt; Sanitary Pad-65.00-Pkt; Phenyl-5.00-Pieces; Bleaching Powder-5.00-Pkt,19-06-2022
Darrang,0.00-Q,"0.00-Q, 50.00-Pkt",0-0.00-Q; tarpauline-300.00-Pieces; candles-50.00-Pkt; mosquito coil-30.00-Pkt; sanitary napkin-20.00-Pkt,19-06-2022
Goalpara,0.00-Q,0.00-Q,0-0.00-Q,19-06-2022
Tamulpur,0.00-Kg,297.50-Kg,wheat bran-10222.00-Kg,19-06-2022
Kokrajhar,"0.00-Q, 0.00-Pkt","0.00-Q, 248.00-Pkt",Chemical Packets-270.00-Pkt; Halogen Tablets-2300.00-Pieces; Biscuit-7650.00-Pkt; Candle-1507.00-Pkt; Match Box-153.00-Pkt; 0-0.00-Q,19-06-2022
Kamrup (M),0.00-Q,0.00-Q,Watter -630.00-L; Bread-105.00-Pkt; Biscuit-105.00-Pkt; Tarpoulin-20.00-Pieces,19-06-2022
Karbi Anglong West,0.00-Q,0.00-Q,,19-06-2022
Karimganj,"50.00-Pkt, 100.00-Q",0.00-Q,Biscuit-50.00-Pkt; Mosquito Coil-15.00-Pkt; Candle-20.00-Pkt; Napkin-30.00-Pkt; Chira-4.00-Q; Gur-1.00-Q; 0-0.00-Q,19-06-2022
Lakhimpur,0.00-Q,"0.00-Q, 138.00-Pkt",Taurpalin-1055.00-Pieces; Tarpaulin-135.00-Pieces; Concentrate Feed (Cattle Feed)-16.50-Q; Concentrated cattle feed Godrej Supreme-50.50-Q,19-06-2022
Nagaon,"1534.00-Pkt, 0.00-Q","1534.00-Pkt, 0.00-Q",M.Coil-160.00-Pkt; Candle-546.00-Pkt; Sanitary Napkin-100.00-Pkt; Mosquito Coil-226.00-Pkt; Bleaching Powder-10.00-Pkt; Halogen Tablet-1200.00-Pkt; M. Coil-150.00-Pkt; Match Box-40.00-Pkt,19-06-2022
Nalbari,0.00-Q,"0.00-Q, 140.00-Pkt",Wheat Bran -2048.00-Q; wheat bran-282.00-Q,19-06-2022
South Salmara,0.00-Q,0.00-Q,Biskut -122.00-Pkt; Amul-366.00-ml; Sanitary Napkin -117.00-Pkt; Phenyle-135.00-Pieces; B/Powder -270.00-Pkt; Candal-231.00-Pkt; Match-77.00-Pkt; Dasbin-7.00-Pieces,19-06-2022
Sonitpur,0.00-Q,0.00-Q,,19-06-2022
Sivasagar,0.00-Q,0.00-Q,0-0.00-Q,19-06-2022
Chirang,"16.00-Pkt, 0.00-Q","0.00-Q, 441.00-Pkt",Amul Taaza-96.00-Pkt; Biscuits-96.00-Pkt; Sanitary Pads-10.00-Pieces; Tarpaulin-705.00-Pieces; Candle-1083.00-Pkt; Mosquito Net-408.00-Pkt; Mosquito Coil-991.00-Pkt; Sanitary Napkin-300.00-Pkt,19-06-2022
Kamrup,"335.00-Pkt, 0.00-Q","335.00-Pkt, 0.00-Q",Tarpaulin-800.00-Pieces; 00-0.00-Q; 1. Water Bottle 2. Sanitary Napkins-1500.00-Pkt; Wheat bran-564.00-Q,19-06-2022
Cachar,0.00-Q,0.00-Q,cook Food-44.00-Pkt,19-06-2022
Dhemaji,0.00-Q,0.00-Q,Tarpaulin-161.00-Pieces; Water pouch-4000.00-Pkt; Hand Tube well-26.00-Pieces,19-06-2022
Bongaigaon,"603.00-Pkt, 0.00-Q","603.00-Pkt, 0.00-Q",Halogen Tab-980.00-Pkt; Temp. HTW/ Spot-9.00-Pieces; Water Pouches-1000.00-Pkt; Toilet-9.00-Pieces; Tarpaulin-1470.00-Pieces; Mother Horlicks-29.00-Pkt; Sanitary Pad-282.00-Pkt; candle-7.00-Pkt; Match-2.00-Pkt; Tarpulin-630.00-Pieces; HTW-8.00-Pieces,19-06-2022
Barpeta,0.00-Q,"0.00-Q, 20.00-Pkt",Sira-20.00-Q; Gur-10.00-Q; Candel-502.00-Pkt; Mosquito coals-502.00-Pkt; Sanitary napkins -150.00-Pkt; Mosquito coil -100.00-Pkt; Candle -100.00-Pkt,19-06-2022
Baksa,"0.00-Pkt, 0.00-Q","29.00-Pkt, 0.00-Q",Candle -80.00-Pkt; Biscuit -80.00-Pkt; Mosquito coil -80.00-Pkt; Sanitary Napkin-158.00-Pkt; Mosquito Net-240.00-Pieces; Candle-1010.00-Pkt; Tarpaulin-15.00-Pieces; Torch Light-2.00-Pieces; Register-12.00-Pieces; Biscuit-270.00-Pkt; Soap-335.00-Pieces; Mosquito Coil-67.00-Pkt; Sanitary Napkin-368.00-Pkt; Sanitary napkin-182.00-Pkt,19-06-2022
Bajali,"0.00-ml, 0.00-Q","0.00-ml, 0.00-Q",Tarpouline-2300.00-Pieces; candle-660.00-Pkt; Mosquito Coil-700.00-Pkt; Match Box-103.00-Pkt,19-06-2022
Goalpara,0.00-Q,0.00-Q,Candle-2591.00-Pkt; Mosquito Coil-2414.00-Pkt; Match box-308.00-Pkt; Bleaching Powder-5.00-Kg,20-06-2022
Dima-Hasao,0.00-Q,0.00-Q,Haldi-79.00-Pkt; Milk-79.00-L; Potato-9.48-Q; Onion-3.98-Q; Candle-228.00-Pkt; Match Box-292.00-Pkt; Mosquito Net-76.00-Pieces; Battery-152.00-Pieces; Torch-156.00-Pieces,20-06-2022
Dibrugarh,0.00-Q,0.00-Q,Tarpaulin sheets-45.00-Q,20-06-2022
Dhubri,"0.00-Q, 588.00-Pkt",0.00-Q,"CHIRA-1.29-Q; GUR-1.29-Q; Temporary Toilet-6.00-Pieces; Temporary Bathroom-5.00-Pieces; Temporary HTW-3.00-Pieces; Water Bottle -500.00-Pieces; HTW-60.00-Pieces; Tarpaulin -80.00-Pieces; chira-19.04-Q; gur-10.50-Q; M.coil, Candle, M.box-1787.00-Q; Sanitary napkin-3336.00-Pieces; Tarpaulin/Polythine sheet-10196.00-Pieces; Temporary Toilet Constructed-4.00-Pieces; Temporary Bathroom Constructed-37.00-Pieces; Water Bottle(1lit) Distributed-3650.00-Pieces; Water Pouches Distributed-12500.00-Pieces; Bleaching Packet Distributed-4000.00-Pieces; Art paper, Pencil, Eraser Colour box -105.00-Pkt; Pictorial chart, Chess game , Ludu game -15.00-Pieces; Small Toys -35.00-Pieces",20-06-2022
Darrang,0.00-Q,"460.00-Pkt, 0.00-Q",taurpaulin-500.00-Pieces; Tarpaulin-6000.00-Pieces; Candles-400.00-Pkt; Biscuit-50.00-Pkt; 0-0.00-Q,20-06-2022
Cachar,0.00-Q,0.00-Q,Candle-484.00-Pkt; Match Box-484.00-Pkt; Mortien-484.00-Pkt; 0-0.00-Q; Cooked Food packet -44.00-Pkt,20-06-2022
Golaghat,0.00-Q,0.00-Q,,20-06-2022
Bongaigaon,957.00-Pkt,"1728.00-Pieces, 2133.00-Pkt",Tarpaulin-3100.00-Pieces; Sanitary Pad-348.00-Pkt; horlicks-186.00-Pkt,20-06-2022
Biswanath,0.00-Q,0.00-Q,,20-06-2022
Barpeta,0.00-Q,0.00-Q,wheat bran -1800.00-Q; Tarpauline sheets-20000.00-Pieces; Hnad Tube wells-168.00-Pieces; 0-0.00-Q; Drinking water-2250.00-L; Hand Tube well-12.00-Pieces,20-06-2022
Baksa,"0.00-Pkt, 0.00-Q","0.00-Pkt, 0.00-Q",Mother Horlicks -10.00-Pkt; Children Horlicks -40.00-Pkt; Sanitary Napkins-368.00-Pkt; Biscuit-1080.00-Q; Candel-1080.00-Q,20-06-2022
Chirang,0.00-Q,"8.00-Pkt, 0.00-Q",Tarpaulin-662.00-Pieces; Mosquito Net-61.00-Pieces,20-06-2022
Hailakandi,"1022.00-Pkt, 0.00-Q","0.00-Q, 20.00-Pkt",Sanitary Napken-130.00-Pkt; Sanitary Napkin-194.00-Pkt; Candle-230.00-Pkt; Match Box-300.00-Pieces,20-06-2022
Kamrup,"0.00-Q, 850.00-Pkt","0.00-Q, 850.00-Pkt",Tarpaulin-3050.00-Pieces; Mosquito Coil-100.00-Pkt; Plates & Glass-2000.00-Pieces; Sanitay Napkin-20.00-Pkt; 0-0.00-Q,20-06-2022
Kamrup (M),0.00-Q,0.00-Q,Tarpoulin-360.00-Pieces,20-06-2022
Karbi Anglong West,0.00-Q,0.00-Q,,20-06-2022
Karimganj,"295.00-Pkt, 0.00-Q",0.00-Q,CHIRA-4.00-Q; GUR-10.00-Q; Candle-15.00-Pkt; Mosquito Coil-20.00-Pkt; Napkin-30.00-Pkt,20-06-2022
Kokrajhar,"441.00-Pkt, 0.00-","220.50-Kg, 0.00-Q",Sanitary Napkins-349.00-Pkt; Tarpaulin-2500.00-Pieces,20-06-2022
Lakhimpur,0.00-Q,"1745.00-Pkt, 61.00-Pieces, 0.00-Q",CONCENTRATED CATTLE FEED GODREJ SUPREME-53.50-Q; TARPAULIN-560.00-Pieces,20-06-2022
Morigaon,0.00-Q,0.00-Q,Hand Tubewell-30.00-Pieces; Tarpuline-3000.00-Pieces,20-06-2022
Nagaon,"3412.00-Pkt, 0.00-Q","4792.00-Pkt, 0.00-Q",Tube Well-4.00-Pieces; Halogen tablets-3000.00-Q; Mosquito Coil-100.00-Pkt; Candle-100.00-Pkt; HTW-2.00-Pieces; Drinking Water-11000.00-Pkt; Helogen Tablet-2000.00-Pieces,20-06-2022
Nalbari,0.00-Q,"157.00-Pkt, 0.00-Q",Tarpaulin-160.00-Pkt; sanitary paid-3500.00-Pkt; tarpulin-340.00-Pkt; tarpaulin -1155.00-Pkt; Terpolin -1600.00-Pkt; Sanitary Paid -1000.00-Pkt; Coil-330.00-Pkt; Candle -330.00-Pkt; Match Box -400.00-Pkt; whaet bran-240.00-Q; tarpaulin-261.00-Pkt,20-06-2022
Sonitpur,0.00-Q,"0.00-Q, 40.00-Pkt",TARPAULIN-50.00-Pieces,20-06-2022
South Salmara,0.00-Q,0.00-Q,0-0.00-Q,20-06-2022
Tamulpur,"0.00-L, 0.00-Q","0.00-Kg, 0.00-Q",0-0.00-Kg,20-06-2022
Tinsukia,0.00-Q,0.00-Q,,20-06-2022
Hojai,0.00-Q,0.00-Q,Amual -420.00-L; Water -420.00-L; Sanitary Pads -10.00-Pkt; Candle-175.00-Pkt; Bleching Powder-10.00-Pkt; Sanitary Pad-75.00-Pkt; Bleaching Powder (500 gm) Per pkt-75.00-Pkt; Tarpaulin-140.00-Pieces; Water Bottle-216.00-L; Sanitary Napkin-90.00-Pkt; Chira-15.00-Q; Gur-2.20-Q; Biscuit-125.00-Pkt; Bleaching Powder (500Gm per Pkt)-90.00-Pkt,20-06-2022
Bajali,"0.00-ml, 0.00-Q",50.00-Pkt,candle-20.00-Pkt; M.Coil-20.00-Pkt; Match Box-2.00-Pkt; Tarpaulin-10140.00-Pieces,20-06-2022
Dhemaji,0.00-Q,0.00-Q,Bleaching powder-450.00-Pkt; chemical Packet-250.00-Pkt; Halogen/ NaDDC Tablets-9000.00-Pieces; Tarpulin-124.00-Pieces,20-06-2022
Sivasagar,246.50-L,375.10-Kg,Sanitary Napkin-619.00-Pkt; Chemical Pakt-450.00-Pkt,21-06-2022
Nalbari,0.00-Q,0.00-Q,0-0.00-Q,21-06-2022
Nagaon,"10680.00-Pkt, 0.00-Q, 204.80-L","11704.00-Pkt, 0.00-Q",Tarpaulin-31.00-Pieces; Drinking Water-8000.00-Pkt; Helogen Tablet-2000.00-Pieces; HTW-4.00-Pieces; Toilet-4.00-Pieces; Mosquito Coil-621.00-Pkt; Candle-621.00-Pkt; Sanitary Napkin-570.00-Pkt,21-06-2022
Morigaon,"0.00-Q, 6930.00-Pkt","0.00-Q, 6930.00-Pkt",0-0.00-Q; Sanitary Napkin-100.00-Q,21-06-2022
Majuli,0.00-Q,0.00-Q,chemical packets-250.00-Pkt; Halogen tab-2000.00-Pieces; Tarpaulin-12.00-Pieces; Water Pouch-3000.00-Pkt; Halogen Tablets-3000.00-Pieces,21-06-2022
Lakhimpur,"0.00-Q, 690.00-L","0.00-Q, 365.00-Kg",Tarpaulin-6.00-Pieces; tarpaulin-310.00-Pieces; Tarpaulin -62.00-Pieces,21-06-2022
Kokrajhar,"31.60-L, 0.00-Q",0.00-Q,Horlicks-27.00-Kg; Sanitary Napkins-193.00-Pkt; Good Day Biscuit-54.00-Pkt; 0-0.00-Q,21-06-2022
Karimganj,"200.00-Q, 60.00-Pkt",0.00-Q,Mosquito Coil-20.00-Pkt; Candle-20.00-Pkt; 0-0.00-Q,21-06-2022
Karbi Anglong West,0.00-Q,0.00-Q,,21-06-2022
Kamrup (M),0.00-Q,0.00-Q,0-0.00-Q,21-06-2022
Kamrup,"40.00-Pkt, 0.00-Q","140.00-Pkt, 0.00-Q",Chira-1.97-Q; Gur-0.34-Q; Mosquito Coil-100.00-Pkt; Candle-20.00-Pkt; Sanitary Napkin-22.00-Pkt; Phenyl-30.00-Q; Water Pouch-3000.00-Pkt; Bleaching Powder-100.00-Kg; Tarpaulin-1300.00-Pieces; 7085-528.40-Q,21-06-2022
Hojai,0.00-Q,0.00-Q,Chira-3.00-Q; Gur-1.50-Q; Water bottle-2760.00-L; Candle-130.00-Pkt; Sanitary Napkin-235.00-Pkt; Amual Taza-348.00-L; beclching powder-14.00-Kg; Biscuits-75.00-Pkt; Amual -108.00-L; Water-1440.00-L; Sanitary Pads-105.00-Pkt; Phenyl-11.00-Pieces; Belching Powder-47.00-Pkt; Chira-720.00-Kg,21-06-2022
Hailakandi,"874.00-Pkt, 0.00-Q",0.00-Q,Wheat Bran-27.00-Q; Napken-100.00-Pieces; Candle-500.00-Pkt; Match Box-500.00-Pkt,21-06-2022
Golaghat,0.00-Q,0.00-Q,Tarpaulin-211.00-Pieces,21-06-2022
Goalpara,0.00-Q,0.00-Q,Mosquito Coil-1329.00-Pkt; Match Box-1174.00-Pkt; Candle-1293.00-Pkt; Bleaching Powder-5.00-Kg,21-06-2022
Bajali,"0.00-Pkt, 0.00-Q",875.00-Pkt,Tarpaulin-17979.00-Pieces; Biscuit-515.00-Pkt; Sanitary Napkins-10.00-Pkt; Sanitary Napkin-10.00-Pkt,21-06-2022
Baksa,0.00-Pkt,3.00-Pkt,Candle -7.00-Pkt; Biscuit -14.00-Pkt; Mosquito coil -14.00-Pkt,21-06-2022
Barpeta,"0.00-Q, 0.00-Pkt","1000.00-Pieces, 0.00-Q, 211.00-Pkt",Tarpauline Sheets-1200.00-Pieces; Drinking water-2500.00-L; Tarpauline-2500.00-Pieces; Biscuits-40.00-Pkt; 1. Tarpaulin -5000.00-Pieces; Mother Horlics-118.00-Pieces,21-06-2022
Biswanath,0.00-Q,0.00-Q,,21-06-2022
Bongaigaon,597.00-Pkt,"0.00-Q, 3438.00-Pkt",tarpaulin-220.00-Pieces; chira-19.50-Kg; jaggery-3.90-Kg; Sanitary Pad-756.00-Pkt; Horlicks-246.00-Pkt; Tarpaulin-140.00-Pieces,21-06-2022
Cachar,0.00-Q,0.00-Q,Cooked Food Packet -72.00-Pkt,21-06-2022
Chirang,0.00-Q,"6.00-Pkt, 0.00-Q",Sanitary Napkin-81.00-Pkt; Mosquito net-50.00-Pieces,21-06-2022
Darrang,0.00-Q,"500.00-Pieces, 0.00-Q, 50.00-Pkt",taurpaulin-500.00-Pieces; 0-0.00-Q; candles-500.00-Pkt,21-06-2022
Dhemaji,0.00-Q,0.00-Q,Tarpaulin -148.00-Pieces,21-06-2022
Dhubri,"0.00-Q, 31.00-Pkt",0.00-Q,Match Box-1.00-Pkt; Sanitary Nepkin-10.00-Pkt; Candle-10.00-Pkt; M.Coil-10.00-Pkt; Temporary Bathroom-2.00-Pieces; Water pouch -12500.00-Pieces; Bleaching Packet-1500.00-Pkt; Halogen Tablet-5000.00-Pieces; HTW-13.00-Pieces; Temporary Toilet Constructed-11.00-Pieces; Temporary Bathroom Constructed-15.00-Pieces; Water Pouches Distributed-15000.00-Pkt; Bleaching Packet Distributed-5500.00-Pkt; Halogen tablet-17000.00-Pieces; Tarpaulin -7470.00-Pieces; 0-0.00-Q,21-06-2022
Sonitpur,0.00-Q,0.00-Q,,21-06-2022
Dima-Hasao,0.00-Q,0.00-Q,Milk-16.00-L; Potato-8.10-Q; Onion-4.13-Q; Biscuit-112.00-Pkt; Candle-48.00-Pkt; Match Box-89.00-Pkt; Mosquito Repellent-24.00-Pkt,21-06-2022
South Salmara,0.00-Q,"0.00-Q, 153.00-Kg",Tarpaulin -2499.00-Pieces; Sanitary Napkin-1500.00-Pieces; Mosquito Net-200.00-Pieces; H. Light-200.00-Pieces; Dragon Light-2.00-Pieces; Milk Packet-1500.00-Pieces; Biscuit-1500.00-Pieces; Biscuit-57.00-Pkt; Candal-33.00-Pkt; M.Box-11.00-Pkt; Nepkin-15.00-Pkt; Dusbin-2.00-Pieces; Charger Light-9.00-Pieces; Amul -11.42-L; Horlicks-30.00-Kg,21-06-2022
Tamulpur,0.00-Q,"0.00-Q, 45.75-Kg",,21-06-2022
Hailakandi,"0.00-Q, 546.00-Pkt","0.00-Q, 273.00-Pkt",Sanitary Napkin-262.00-Pkt; Match Box-57.00-Pkt; Disposal Plate-700.00-Pieces; Disposal Glass-700.00-Pieces; Soap-405.00-Pieces; Tarpaulin-333.00-Pieces; Hand Sanitizer-2.00-Pieces; Candle-113.00-Pkt; Mosquito Coil-20.00-Pkt,22-06-2022
Bajali,0.00-Q,564.00-Pkt,tarpaulin-10970.00-Pieces,22-06-2022
Baksa,0.00-Q,0.00-Q,,22-06-2022
Barpeta,0.00-Q,"0.00-Q, 486.00-Pieces",1. Candle Stick -3000.00-Pkt; 2. Mosquito Coil-3000.00-Pkt; Candle-502.00-Pkt; Tarpulin-1500.00-Pieces; Water Bottle-4800.00-ml; Mosquito Coil-1502.00-Pkt; Matchs Box-1102.00-Pkt; Biscuit -960.00-Pkt; Mosquito coil -3460.00-Pkt; Candle -1500.00-Pkt; Water bottle -9000.00-Pieces; Tarpaulin -2500.00-Pieces,22-06-2022
Bongaigao,"0.00-Q, 1842.00-","0.00-Q, 3762.00-Pkt",Bleaching Powder-29.00-Kg; Halogen Tablets-2015.00-Pkt;,22-06-2022
n,Pkt,Phenyl-8.00-Pkt; Temp. HTW-13.00-Pieces; Toilet-11.00-Pieces; Biscuit-765.00-Pkt; Amul Taza-765.00-Pkt; Sanitary Pad-180.00-Pkt; Mother Horlicks-22.00-Pkt; Halogen Tablet-1150.00-Pkt; Mobile Plant/ Pouches-6500.00-Pieces; Dustbin-2.00-Pieces; Sanitary Pads-172.00-Pkt; Horlicks-363.00-Pkt; Tarpoline-460.00-Pieces; phenyl -5.00-Pkt; Mosquito Coil-20.00-Pkt; Match Box-90.00-Pieces,,22-06-2022
Cachar,0.00-Q,0.00-Q,,22-06-2022
Chirang,0.00-Q,0.00-Q,Tarpaulin-300.00-Pieces; Candle-150.00-Pkt; Match Box-15.00-Pkt; Mosquito Net-150.00-Pieces; Sanitary Pads-75.00-Pkt,22-06-2022
Darrang,"0.00-Pkt, 0.00-Q","68.00-Kg, 0.00-Q",tarpaulin-5000.00-Pieces; candles-800.00-Pkt; 0-0.00-Q,22-06-2022
Dhubri,"93.00-Pkt, 0.00-Q","0.00-Q, 65.00-Pkt",colour pencil-33.00-Pkt; Art Paper-25.00-Pkt; Wooden Pencil; Box-37.00-Pkt; Eraser-37.00-Pkt; Number Block-15.00-Pkt; Scissor-16.00-Pkt; Colour Paper-15.00-Pieces; Horliks-67.00-Pkt; Biscuit-20.00-Pkt; sanitary napkin-20.00-Pkt; Gum-15.00-Pieces; Letter Block-5.00-Pkt; HTW-16.00-Pieces; Water Pouches Distributed-19000.00-Pkt; Bleaching Packet Distributed-4200.00-Pkt; Halogen tablet-4200.00-Pieces; Temporary Toilet-14.00-Pieces; Tarpoulin-8.00-Pieces; sanitary nepkin-8.00-Pkt; Horlics-60.00-Pkt; 0-0.00-Q,22-06-2022
Tamulpur,0.00-Q,"0.00-Q, 50.00-Kg",Tarpaulin -5625.00-Pieces; 0-0.00-Q,22-06-2022
South Salmara,0.00-Q,0.00-Q,Candle-62.00-Pkt; Hand Tuebwell-66.00-Pieces; Tarpaoulin-3019.00-Pieces,22-06-2022
Sonitpur,0.00-Q,0.00-Q,,22-06-2022
Sivasagar,0.00-Q,0.00-Q,Chemical Pkt-350.00-Pkt; Halogen /NADDC tablet -500.00-Pieces,22-06-2022
Nalbari,0.00-Q,"23.00-Q, 160.00-Pkt",Tarpaulin -985.00-Pkt; Tarpaulin-1775.00-Pkt; M. Coil-720.00-Pkt; Candle-1440.00-Pkt; Match Box-1200.00-Pkt; Phenyl-500.00-L; Bleaching Powder-500.00-Pkt; CONCENTRATE CATTLE FEED-145.00-Q,22-06-2022
Nagaon,0.00-Q,0.00-Q,Tarpaulin -276.00-Pieces; HTW-13.00-Pieces; Toilet-19.00-Pieces; 0-0.00-Q; Tarpulin-5000.00-Pieces; Poha (Chira)-70.00-Q; Jaggery (Gur)(50 Gram)-22905.00-Pkt,22-06-2022
Morigaon,"330.00-ml, 0.00-Q","330.00-Pkt, 0.00-Q",TARPAULIN-6500.00-Pieces; MOSQUITO COIL-3200.00-Pieces; MATCH BOX-3200.00-Q; HAND TUBE WELL-2.00-Q; CHEMICAL PACKETS-1550.00-Q; HALOGEN TABLETS -1640.00-Q,22-06-2022
Majuli,0.00-Q,0.00-Q,Jaggery (baby food)-556.50-Kg; Flattered rice (baby food)-2226.00-Kg; Tonned milk-5565.00-Pkt; Halogen tab.-4700.00-Pieces; Water Pouch-2000.00-Pkt,22-06-2022
Lakhimpur,0.00-Q,0.00-Q,Tarpaulin-113.00-Pieces,22-06-2022
Kokrajhar,6.40-L,0.00-Q,Horlicks-11.00-Kg,22-06-2022
Karimganj,"100.00-Q, 100.00-Pkt",0.00-Q,0-0.00-Q; CANDLE-50.00-Pkt; MOSQUITO COIL-50.00-Pkt,22-06-2022
Karbi Anglong West,0.00-Q,0.00-Q,,22-06-2022
Kamrup (M),0.00-Q,0.00-Q,0-0.00-Q,22-06-2022
Dibrugarh,0.00-Q,0.00-Q,Tarpaulin sheets-956.00-Q,22-06-2022
Dima-Hasao,0.00-Q,0.00-Q,Turmeric-100.00-Pkt; Milk-100.00-L; Potato-580.00-Kg; Onion-140.00-Kg; Biscuit-700.00-Pkt; Candle-300.00-Pkt; Match Box-108.00-Pkt; Mosquito Repellent-100.00-Pkt,22-06-2022
Kamrup,"89.00-Pkt, 0.00-Q","89.00-Pkt, 0.00-Q",Water Pouch-30000.00-Pkt; Tarpaulin-3000.00-Pieces; Chira-13.77-Q; Gur-2.56-Q; Candle-20.00-Pkt; Broom & Floor Wiper-2.00-Pieces; Mosquito Coil-20.00-Pkt; Phenyl-10.00-L; 0-0.00-Q,22-06-2022
Hojai,0.00-Q,0.00-Q,Water bottle-3084.00-L; Candles-98.00-Pkt; Sanitary pads-170.00-Pkt; Amul Taza-658.00-L; Phenyl-186.00-Pieces; Bleaching Powder-186.00-Pkt; Chira-15.00-Q; Gur -3.50-Q; Sanitary Napkin-20.00-Pkt; Water-384.00-L; Candle-72.00-Pkt; Phenyl-12.00-Pkt; Belching Powder-12.00-Pkt; Water Bottle-2568.00-L; Sanitary Pads-110.00-Pkt,22-06-2022
Goalpara,"98.00-Pieces, 0.00-Q, 734.00-Pkt","2496.00-Pkt, 0.00-Q",Mosquito Coil-116.00-Pkt; Candle-116.00-Pkt; Match Box-116.00-Pkt; Chira-0.43-Q; Gur-0.04-Q; Gur (Jaggery)-0.17-Q,22-06-2022
Golaghat,0.00-Q,0.00-Q,Tarpaulin-75.00-Pieces,22-06-2022
Dhubri,0.00-Q,"0.00-Q, 3.00-Pkt",Polyethylene sheet -4350.00-Pieces; HTW-3.00-Pieces; NO OF WATER POUCHES DISTRIBUTED-5000.00-Pkt; NO O HALOGEN TABLET DISTRIBUTED-1200.00-Pieces; Tarpoline sheet-3500.00-Pieces; Horliks-6.00-Pkt; Sanitary Napkin-40.00-Pkt; Tarpaulin-5000.00-Pieces; chira-19.12-Q; gur-3.57-Q; TARPAULIN-216.00-Pieces; MATCH BOX-156.00-Pkt; MOSQUITO COIL-331.00-Pkt; SANITARY NAPKIN-307.00-Pkt; CANDLE-331.00-PktF,23-06-2022
Nagaon,0.00-Q,0.00-Q,Tarpaulin -1000.00-Pieces; Tarpulin-1000.00-Pieces,23-06-2022
Morigaon,0.00-Q,0.00-Q,HTW -30.00-Pieces; WATER PACKETS -1000.00-Q; CHEMICAL PACKETS -1200.00-Q; Tarpaulin -78.00-Pieces,23-06-2022
Majuli,0.00-Q,0.00-Q,Chemical packets-500.00-Pkt; Halogen tab-3500.00-Pieces; Jaggery (Baby food)-51.30-Kg; Flattened Rice (Baby food)-205.20-Kg; Tonned milk (Baby food)-513.00-Pkt,23-06-2022
Lakhimpur,0.00-Q,0.00-Q,Tarpaulin -2422.00-Pieces,23-06-2022
Karimganj,"551.00-Pkt, 0.00-Q","162.00-Pkt, 100.00-Q",SANITARY NAPKIN-122.00-Pkt; MOSQUITO COIL-60.00-Pkt; BLEACHING POWDER-60.00-Pkt; MATCHBOX-180.00-Pieces; Mosquito Coil-28.00-Pkt; Candle-60.00-Pkt; Water Purification Tablet-13875.00-Pieces; Chemical-4390.00-Pkt; Water Pouch-2585.00-Pkt; 0-0.00-Q,23-06-2022
Karbi Anglong West,0.00-Q,0.00-Q,,23-06-2022
Kamrup (M),0.00-Q,0.00-Q,0-0.00-Q,23-06-2022
Kamrup,"0.00-Pkt, 0.00-Q","39.00-Pkt, 0.00-Q",Water Pouch-10000.00-Pkt; Broom & Floor Wiper-2.00-Pieces; Mosquito Coil-1000.00-Pkt; 0-0.00-Q,23-06-2022
Hojai,0.00-Q,0.00-Q,Sanitary Pad-270.00-Pkt; Water -5976.00-L; Candles-254.00-Pkt; Phenyl-265.00-Pkt; Bleaching powder-122.00-Pkt; Amul Taza-1069.00-L; Water-2328.00-L; Candle-93.00-Pkt; Bleaching Powder-76.00-Pkt; Phenyl-82.00-Pieces; Sanitary Pad-135.00-Pkt; Chira-6.00-Q; Gur-1.00-Q; Bleaching Powder-11.00-Pkt,23-06-2022
Hailakandi,"450.00-Pkt, 0.00-Q",0.00-Q,Candle-500.00-Pkt; Sanitary Napkin-410.00-Pkt; Match Box-500.00-Pkt; Disposal Plate-600.00-Pieces; Disposal Glass-600.00-Pieces; Soap-500.00-Pieces; Tarpaulin-475.00-Pieces; Water Purification Tablets-25800.00-Pieces; Water Packets-15000.00-Pkt,23-06-2022
Golaghat,0.00-Q,0.00-Q,Tarpaulin-40.00-Pieces,23-06-2022
Goalpara,1503.00-Pkt,4509.00-Pkt,Chira-1.18-Q; Gur-0.59-Q; Tarpaulin-1000.00-Pieces,23-06-2022
Dima-Hasao,0.00-Q,0.00-Q,Milk-21.00-L; Potato-117.00-Kg; Onion-21.00-Kg; Biscuit-159.00-Pkt; Candle-75.00-Pkt; Match Box-33.00-Pkt; Mosquito Repellent-33.00-Pkt; Phenyl-4.00-Pieces; Dettol-5.00-Pieces,23-06-2022
Dibrugarh,"0.00-Pkt, 0.00-Q","5091.00-Pkt, 0.00-Q",,23-06-2022
Dhemaji,0.00-Q,0.00-Q,,23-06-2022
Darrang,0.00-Q,"330.00-Pkt, 0.00-Q",Taurpaulin-2000.00-Pieces; tarpaulin-1840.00-Pieces; candles-200.00-Pkt,23-06-2022
Chirang,"0.00-Q, 64.20-Kg","96.00-Pkt, 0.00-Q",Tarpaulin-59.00-Pieces; Mosquito Net-158.00-Pieces; Sooji-64.20-Kg; Sugar-16.05-Kg,23-06-2022
Cachar,0.00-Q,0.00-Q,Candle-2700.00-Pkt; Mortein-1560.00-Pkt; Biscuit-2001.00-Pkt,23-06-2022
Bongaigaon,"934.00-Pkt, 0.00-Q","0.00-Q, 70.00-Pkt",Chira-216.00-Kg; Mother horlicks-16.00-Pkt; Jaggery-43.20-Kg; Mosquito net-330.00-Pieces; Solar Light -40.00-Pieces; Tarpaulin -110.00-Pieces,23-06-2022
Barpeta,0.00-Q,"0.00-Q, 220.00-Pkt",Tarpaulin-8500.00-Pieces; Tarpalulin-840.00-Pieces; Bathing soap-1000.00-Pieces; phenyl-480.00-Pieces,23-06-2022
Nalbari,"0.00-Q, 216.00-Pkt",0.00-Q,,23-06-2022
Sonitpur,0.00-Q,0.00-Q,,23-06-2022
South Salmara,0.00-Q,0.00-Q,Tarpaulin -30.00-Pieces,23-06-2022
Tamulpur,0.00-Q,0.00-Q,,23-06-2022
Baksa,0.00-Q,0.00-Q,,23-06-2022
Bajali,0.00-Q,3956.00-Pkt,Tarpaulin-26950.00-Pieces; Candle-35.00-Pkt; Match Box-40.00-Pkt,23-06-2022
Tinsukia,0.00-Q,0.00-Q,0-0.00-Q,23-06-2022
Baksa,"0.00-Q, 0.00-Pkt","0.00-Q, 0.00-Pkt",Wheat bran-65.00-Q,24-06-2022
South Salmara,0.00-Q,0.00-Q,Hand Tube well-16.00-Pieces; Pit Latrine -34.00-Q; HTW-50.00-Pieces,24-06-2022
Nalbari,0.00-Q,0.00-Q,Tarpaulin-1050.00-Pkt; wheat bran-1284.00-Q,24-06-2022
Nagaon,"45000.00-Pkt, 0.00-Q","45000.00-Pkt, 0.00-Q",HTW-7.00-Pieces; M. Coil-42010.00-Pkt; Candle-42010.00-Pkt; Water Battle-42010.00-Pieces; 0-0.00-Q; Tapulin-1500.00-Pieces,24-06-2022
Morigaon,0.00-Q,0.00-Q,CANDLE -3200.00-Pieces; HTW -13.00-Pieces; WATER POUCH-8000.00-Pieces; CHEMICAL PACKETS-4400.00-Pieces; CHARGEABLE LIGHT -2000.00-Pieces; Tarpaulin -72.00-Pkt; Restoration of 6nos of existing HTW by PHED -6.00-Pieces,24-06-2022
Majuli,0.00-Q,0.00-Q,Halogen Tab-950.00-Pieces,24-06-2022
Lakhimpur,0.00-Q,0.00-Q,Tarpaulin -562.00-Pieces,24-06-2022
Karimganj,"100.00-Q, 24.00-Pkt",0.00-Q,NIL-0.00-Q; 0-0.00-Q; Candle-24.00-Pkt; Coil-24.00-Pkt; Water Purification Tablet-5240.00-Pieces; Chemical packets-6250.00-Pkt; Water Pouch-1735.00-Pkt,24-06-2022
Karbi Anglong West,0.00-Q,0.00-Q,,24-06-2022
Kamrup,"0.00-Q, 200.00-Pkt",0.00-Q,Water Pouch-5000.00-Q; Black Phenyl-5.00-L; Harpic-3.00-L; Cleaning Mop-3.00-Pieces; Chitranala-0.10-L; 0-0.00-Q; Wheat bran-306.20-Q; Tarpuline-1500.00-Q; Candle-200.00-Q; Sanitary Napkin-200.00-Pkt,24-06-2022
Hojai,0.00-Q,0.00-Q,Water Bottle-1392.00-L; Sanitary Pad-240.00-Pkt; Candle-110.00-Pkt; Phenyl-90.00-Pieces; Amul Taza-216.00-L; Water-480.00-L; Bleaching-12.50-Kg; Phenyl-25.00-Pkt,24-06-2022
Dima-Hasao,0.00-Q,0.00-Q,Haldi-186.00-Pkt; Onion-117.50-Kg; Biscuit-996.00-Pkt; Milk-113.00-L; Potato-497.00-Kg; Candle-421.00-Pkt; Match box-186.00-Pkt; Mosquito repellent-192.00-Pkt,24-06-2022
Dhubri,0.00-Q,0.00-Q,bleaching powder-5300.00-Pkt; halogen tablet-1800.00-Pieces; water pouches-6000.00-Pkt; Tarpaulin-1000.00-Pieces; HTW-26.00-Pieces; Pit Latrine-26.00-Pieces; Tarpaulin -359.00-Pieces,24-06-2022
Dhemaji,"0.00-Q, 0.00-L","0.00-Q, 0.00-Pkt",0-0.00-Q,24-06-2022
Darrang,0.00-Q,"0.00-Q, 20.00-Pieces",0-0.00-Q; candles-20.00-Pkt; halogen tablets-500.00-Pieces; drinking water-1000.00-L; phenyl-30.00-Pieces; Tarpaulin-3000.00-Pieces; Mosquito reseller-1000.00-Pkt; Candle-1500.00-Pkt; Matchbox-30.00-Pkt; Tarpaulin -4000.00-Q; Candle Light-1.00-Pkt; Phinyl -132.00-Q,24-06-2022
Chirang,0.00-Q,0.00-Q,Soap-85.00-Pieces; surf-50.00-Pkt,24-06-2022
Cachar,0.00-Q,0.00-Q,,24-06-2022
Bongaigaon,0.00-Q,0.00-Q,Bleaching Powder-215.25-Kg; Halogen Tablets-5950.00-Pkt; Phenyl-3.10-Pkt; Temp. HTW-69.00-Pieces; Mobile Plant-24000.00-Pieces; Toilet-53.00-Pieces; Dustbin-2.00-Pieces; Mosquito net--100.00-Pieces; Solar Light -30.00-Pieces; Halogen Tablets-12530.00-Pieces; Phenyl-19.50-L; Bathroom-2.00-Pieces,24-06-2022
Barpeta,0.00-Q,"148.00-Pkt, 0.00-Q",Suzi-495.00-Kg; Phenyl-500.00-Pieces; candles-1000.00-Pkt; biscuit-10000.00-Pkt; Match box-2600.00-Pieces; Sanitary Napkin-130.00-Pkt; 1. Tarpaulin -3500.00-Pieces; Tarpaulin-8000.00-Pieces; Hand Tube-well(HTW)-209.00-Pieces; HTW installed-114.00-Pieces; Sanitary Napkins-756.00-Pieces; Candle-440.00-Pkt; Drinking water-7250.00-Pieces; Biscuit-1160.00-Pkt; Mosquito Coil-600.00-Pkt; candel-2262.00-Pkt; Tarpulin-3500.00-Pieces; Water Bottle-7000.00-Pieces; Mosquito-1102.00-Pkt; Horlics-145.00-Pieces; Cerelac-350.00-Pkt,24-06-2022
Bajali,0.00-Q,"0.00-Q, 712.00-Pkt",Tarpaulin-2869.00-Pieces,24-06-2022
Hailakandi,"0.00-Q, 71.00-Pkt","0.00-Q, 20.00-Pkt",Water Purification Tablets-8500.00-Pieces; Tarpoulin-500.00-Pieces; Water Packets-6000.00-Pkt; sanitary Napkin-20.00-Pkt; Candle-71.00-Pkt; Match Box-80.00-Pieces; Disposable plate-1000.00-Pieces; Disposable Glass-1000.00-Pieces; Soap-71.00-Pieces; Turpoline-71.00-Pieces; Hand Sanitizer-1.00-Pieces,24-06-2022
Sonitpur,"16.00-L, 0.00-Q","11.20-Kg, 0.00-Q",,24-06-2022
Karbi Anglong West,0.00-Q,0.00-Q,,25-06-2022
South Salmara,0.00-Q,0.00-Q,,25-06-2022
Nagaon,"0.00-Q, 4561.00-ml, 20000.00-Pkt","35.44-Q, 8000.00-Pkt",Turpolin-2000.00-Pieces; Match Box-26000.00-Pkt; Candle -19600.00-Pkt; Mosquito Coil-1000.00-Pkt; Candle-3000.00-Q,25-06-2022
Morigaon,0.00-Q,0.00-Q,CHARGEABLE LIGHT -466.00-Q; HTW-9.00-Q; WATER PACKETS-1000.00-Q; CHEMICAL PACKETS -600.00-Q,25-06-2022
Lakhimpur,0.00-Q,"70.00-Kg, 0.00-Q",Concentrated cattle feed Godrej Supreme-148.00-Q; tarpaulin-1209.00-Pieces,25-06-2022
Bajali,0.00-Q,0.00-Q,Tarpaulin-5165.00-Pieces,25-06-2022
Baksa,"0.00-Q, 0.00-Pkt","0.00-Q, 0.00-Pkt",,25-06-2022
Barpeta,0.00-Q,0.00-Q,Phenyl-504.00-Pieces; Candle-3600.00-Pieces; Suzi-480.00-Pkt; Hand Tube well-120.00-Pieces; 1. Tarpaulin -21500.00-Pieces; Tarpaulin-9160.00-Pieces; Hand Tube-well(HTW)-128.00-Pieces; Biscuit-2000.00-Pkt; Bleaching powder-1995.00-Kg; Mosquito stick-4800.00-Pkt; Suji-1500.00-Pkt,25-06-2022
Karimganj,"100.00-Pkt, 35.00-Q","100.00-Pkt, 0.00-Q",SANITARY NAPKIN-56.00-Pkt; CANDLE-45.00-Pkt; MOSQUITO COIL-15.00-Pkt; MATCH BOX-15.00-Pkt; BLEACHING POWER-30.00-Pkt; 0-0.00-Q,25-06-2022
Darrang,0.00-Q,"0.00-Q, 20.00-Pkt",mosquito coil (on 22/06/2022)-1.00-Pkt; Sanitary napkin (on 22/06/2022)-1.00-Pkt; Match box (on 22/06/2022)-1.00-Pkt; Tarpaulin-6000.00-Pieces; Mortein-600.00-Pieces; Biscuits-500.00-Pkt,25-06-2022
Dhemaji,0.00-Q,0.00-Q,Tarpulin-108.00-Pieces,25-06-2022
Dibrugarh,0.00-Q,0.00-Q,,25-06-2022
Dima-Hasao,0.00-Q,0.00-Q,Onoin-21.00-Kg; Haldi-21.00-Pkt; Milk-21.00-L; Biscuit-147.00-Pkt; Candle-63.00-Pkt; Match Box-21.00-Pkt; Mosquito Repellant -21.00-Pkt; Mosquito Net-21.00-Pieces,25-06-2022
Hailakandi,"0.00-Q, 297.00-Pkt","0.00-Q, 45.00-Pkt",Sanitary Napkin-50.00-Pkt; Candle-64.00-Pkt; Match Box-36.00-Pkt; Tarpaulin-465.00-Pieces; Water Purification Tablets-18000.00-Pieces; Water Packets-8500.00-Pkt; Sanitary Nepkin-101.00-Pkt; Soap-114.00-Pieces,25-06-2022
Hojai,0.00-Q,0.00-Q,,25-06-2022
Chirang,0.00-Q,0.00-Q,Soap-38.00-Pieces,25-06-2022
Kamrup,"0.00-Q, 21.00-Pkt","621.00-Pkt, 0.00-Q",0-0.00-Q; Candle-32.00-Pkt; Mosquito Coil-22.00-Pkt; Water Pouch-4000.00-Pkt; Tarpuline-600.00-Pkt,25-06-2022
Goalpara,0.00-Q,0.00-Q,0-0.00-Q,26-06-2022
Morigaon,0.00-Q,0.00-Q,HTW-3.00-Pieces,26-06-2022
Majuli,0.00-Q,0.00-Q,Chemical packets-200.00-Pkt; Halogen tablet-1000.00-Pieces; Halogen tablet-300.00-Pkt,26-06-2022
Lakhimpur,0.00-Q,0.00-Q,Tarpaulin-1360.00-Pieces; Concentrated cattle feed Godrej Supreme-122.50-Q,26-06-2022
Karbi Anglong West,0.00-Q,0.00-Q,,26-06-2022
Kamrup,0.00-Q,"1812.00-Pkt, 0.00-Q",Matchbox-1000.00-Pkt; Mosquito coil-2000.00-Pkt; Tarpaulin-10240.00-Pieces; Sanitary Napkin-2700.00-Pkt; Biscuits-1000.00-Pkt; Candle-1000.00-Pkt; Phenyl-1000.00-Pkt; Amul Taza-500.00-Pkt; Mosquito Repelent-450.00-Pkt; Wheatbran-280.00-Q; Tarpulin-3650.00-Pieces; Potato-40.00-Q; Onion-25.00-Q; Sanitary Napkin-1500.00-Pieces; Candel-5000.00-Pkt; Mosquito Coilo-2000.00-Pkt; Milk & Baby Food-850.00-Pkt,26-06-2022
Hailakandi,"0.00-Q, 1000.00-Pkt",0.00-Q,Water Purification Tablet-2000.00-Pieces; Candle-275.00-Pkt; Match box-75.00-Pkt; Sanitary Napkin-216.00-Pkt; Water purification Tablet-65000.00-Pieces; Water Packets-7000.00-Pkt,26-06-2022
Bajali,0.00-Q,0.00-Q,Tarpaulin-4835.00-Q,26-06-2022
Dhemaji,0.00-Q,0.00-Q,Tarpaulin-40.00-Pieces,26-06-2022
Darrang,0.00-Q,0.00-Q,Taurpaulin-2000.00-Pieces; Mosquito Net-220.00-Pieces,26-06-2022
Cachar,0.00-Q,0.00-Q,Amul Taza-1410.00-Pkt; Biscuit-54450.00-Pkt; Cake-95200.00-Pkt; Packaged Drinking Water-56000.00-L,26-06-2022
Barpeta,0.00-Q,"1008.00-Pkt, 0.00-Q",Phenyl-196.00-Pkt; Biscuits-28100.00-Pkt; Mosquito Repellent Coil-225.00-Pkt; Tarpaulin Sheets-18300.00-Pieces; Suzi-510.00-Kg; muri-3435.00-Kg; Tarpaulin-3000.00-Pieces; Phenyl (1000 bottle- each bottle-500 ml)-500.00-L; 1. Match Box-900.00-Pieces; 2. Finial Bottle-2110.00-Pieces; 3. Hand Tubel-539.00-Pieces; 4. Soap-288.00-Pkt; 5. Sira-1.00-Q; 6. Biscuit-240.00-Pkt; 7. Suji -2.00-Q; Cerelac-500.00-Pkt; Suji-150.00-Kg; Chemical -8500.00-Pkt; Bleaching powder-62.00-Pkt; Halogen tablets-55000.00-Pieces; Water pouch-60800.00-Pkt; HTW installed-55.00-Pieces; phynyl-100.00-Pieces; Candle-200.00-Pieces,26-06-2022
Baksa,0.00-Q,0.00-Q,,26-06-2022
Nagaon,0.00-Q,"6000.00-Pkt, 0.00-Q",Temporary Bathroom-5.00-Pieces; Temporary Sanitary Toilet-5.00-Pieces; Installation of Hand Tube Well-22.00-Pieces; Packet Drinking Water-45400.00-Pkt; Helogen Tab-18000.00-Pieces; Bleaching Powder-75.00-Kg; Mosquito Coil-500.00-Pkt; Candle-4050.00-Pkt; Water Bottle -20000.00-Pieces; 0-0.00-Q,26-06-2022
Dibrugarh,0.00-Q,0.00-Q,,26-06-2022
Sonitpur,0.00-Q,0.00-Q,Tarpaulin (Forest Area)-310.00-Pieces; Phenyl-80.00-Pieces,26-06-2022
Karimganj,"249.00-Pkt, 0.00-Q","0.00-Q, 162.00-Pkt",Water purification tablet-18900.00-Pieces; Chemical packets-20425.00-Pieces; Water pouches-3560.00-Pieces; MOSQUITO COIL-30.00-Pkt; CANDLE-50.00-Pkt; BLEACHING POWER-50.00-Pkt; SANITARY NAPKIN-60.00-Pkt; MATCH BOX-5.00-Pkt; CERELAC-5.00-Pkt; 0-0.00-Q,26-06-2022
Hailakandi,"0.00-Q, 98.00-Pkt","0.00-Q, 25.00-Pkt",Water Packets-5500.00-Pkt; Sanitary Napkin-30.00-Pkt; Candle-15.00-Pkt; Match Box-2.00-Pkt; Soap-15.00-Pieces; Turpolin-15.00-Pieces; Water Purification Tablet-1500.00-Pieces,27-06-2022
Dima-Hasao,0.00-Q,0.00-Q,Milk-77.00-L; Onion-77.00-Kg; Biscuit-597.00-Pkt; Candle-217.00-Pkt; Match Box-77.00-Pkt; Mosquito Repellent-77.00-Pkt; Napkin-77.00-Pkt; Mosquito Net-77.00-Pieces; Bathing Soap-77.00-Pieces; Hand Wash-153.00-Pieces,27-06-2022
Darrang,0.00-Q,0.00-Q,Chira-500.00-Kg; Sugar-100.00-Kg,27-06-2022
Nagaon,"12540.00-Pkt, 0.00-Q","12696.00-Pkt, 0.00-Q",Tarpaulin-4756.00-Pieces; Bleaching Powder -165.00-Kg; Phynyl-1160.00-Pieces; Chira -325.60-Kg; Jaggery -19.18-Kg; HTW-4.00-Pieces; M. Coil-720.00-Pieces; Sanitary Pad-12096.00-Pkt; Soap-3900.00-Pieces; Bleaching Powder-1950.00-Kg; Water Bottle-2000.00-Pieces,27-06-2022
Morigaon,0.00-Q,0.00-Q,Tarpaulin -35.00-Pieces,27-06-2022
Majuli,0.00-Q,0.00-Q,chemical packets-50.00-Pkt; Halogen tab-700.00-Pieces,27-06-2022
Lakhimpur,0.00-Q,0.00-Q,Tarpaulin-1.00-Pieces,27-06-2022
Karimganj,"0.00-Q, 41.00-Pkt",0.00-Q,0-0.00-Q; Water Purification Tablet -4820.00-Pieces; Chemical Packets -10125.00-Pkt,27-06-2022
Kamrup,"0.00-Q, 0.00-Pkt","0.00-Q, 300.00-Pkt",Sanitary Napkin-300.00-Pkt; Candle-200.00-Pkt; Milk-100.00-Pkt; Mosquito Repellent-100.00-Pkt; Phenyl-150.00-Pkt; 0-0.00-Q; Tarpulin-500.00-Q,27-06-2022
Cachar,0.00-Q,0.00-Q,Tarpulin-1494.00-Pieces; Mortean-5880.00-Pkt; Amul Taza-2996.00-L; Biscuit-16920.00-Pkt; Sanitary Pad-2880.00-Pkt,27-06-2022
Barpeta,0.00-Q,0.00-Q,1. Suji-1.00-Q; Disinfection Packets-13930.00-Pkt; Halogen Tablets-154000.00-Pieces; Water Pouch-193400.00-Pieces; HTW-700.00-Pieces; Temporary Toilet-333.00-Pieces; Tarpaulin-500.00-Pieces; Candle-20.00-Pkt,27-06-2022
Baksa,0.00-Pkt,0.00-Pkt,cattle feed-58.14-Q,27-06-2022
Biswanath,0.00-Q,0.00-Q,,28-06-2022
Chirang,0.00-Q,"0.00-Pkt, 0.00-Q",,28-06-2022
Hailakandi,"111.00-Pkt, 0.00-Q","20.00-Pkt, 0.00-Q",soap-53.00-Pieces; Water Purification Tablets-3000.00-Pieces; Water Packets-1500.00-Pkt; Water Purification Tablet-56000.00-Pieces; Water packets-5000.00-Pkt,28-06-2022
Darrang,0.00-Q,0.00-Q,0-0.00-Q; TARPAULIN-1430.00-Pieces,28-06-2022
Dhemaji,0.00-Q,0.00-Q,Tarpaulin-20.00-Pieces; Hand wash-5.00-Pieces; Soap-30.00-Pieces; Mosquito Net-30.00-Pieces; Mosquito coil-15.00-Pkt; Candle-20.00-Pkt; Detergent-10.00-Pkt; Sanitary Pads-20.00-Pkt; Match Box-10.00-Pkt; Biscuit-20.00-Pkt,28-06-2022
Cachar,0.00-Q,0.00-Q,,28-06-2022
Hojai,0.00-Q,0.00-Q,Water bottle-240.00-L; Bleaching Powder-6.00-Pkt; Phenyl-6.00-Pieces,28-06-2022
Majuli,0.00-Q,0.00-Q,Chemical packets-300.00-Pkt; Halogen tablets-2000.00-Pieces,28-06-2022
Karimganj,"150.00-Pkt, 0.00-Q","120.00-Pkt, 0.00-Q",CANDLE-60.00-Pkt; SANITARY NAPKIN-51.00-Pkt; BLEACHING POWER-20.00-Pkt; MOSQUITO COIL-20.00-Pkt; MATCH BOX-20.00-Pkt; 0-0.00-Q; Candle-15.00-Pkt; Mosquito Coil-15.00-Pkt; Water Purification Tablet-5200.00-Pkt; Chemical Pakets-6640.00-Pkt,28-06-2022
Lakhimpur,0.00-Q,"0.00-Q, 10.00-Pkt",Taurpalin-901.00-Q; Tarpaulin-13.00-Pieces; Concentrate Feed (Cattle Feed)-13.00-Q; Halogen Tablet-1000.00-Pieces,28-06-2022
Dima-Hasao,0.00-Q,0.00-Q,Milk-20.00-L; Onion-20.00-Kg; Haldi-20.00-Pkt; Biscuit-140.00-Pkt; Candle-60.00-Pkt; Match Box-20.00-Pkt; Mosquito Repellent-20.00-Pkt; Bathing Soap-20.00-Pieces; Mosquito Net-18.00-Pieces,28-06-2022
Bongaigaon,0.00-Q,0.00-Q,Biscuit-1242.00-Pkt; Amul Taza-1242.00-Pkt; Sanitary Pad-231.00-Pkt; Mother Horlicks-21.00-Pkt; Tarpaulin-350.00-Pieces; Tarpaulin -260.00-Pieces,28-06-2022
Morigaon,0.00-Q,0.00-Q,WATER PACKETS-1000.00-Q; HALOGEN TABLETS -3000.00-Q,28-06-2022
Nagaon,0.00-Q,0.00-Q,Tarpulin-2000.00-Pieces; Water Bottle-23000.00-Pieces; Soap-1100.00-Pieces; Bleaching Powder-1050.00-Kg,28-06-2022
Nalbari,0.00-Q,0.00-Q,Tarpaulin -74.00-Pkt; wheat Bran-34.65-Q,28-06-2022
Sonitpur,0.00-Q,0.00-Q,,28-06-2022
Tamulpur,0.00-Q,0.00-Q,,28-06-2022
Bajali,0.00-Q,0.00-Q,water bottle-150.00-Pieces,28-06-2022
Barpeta,0.00-Q,0.00-Q,0-0.00-Q,28-06-2022
Kamrup,0.00-Q,180.00-Q,Biscuit-300.00-Pkt; Sanitary Napkin-400.00-Pkt; Candle-150.00-Pkt; Milk-70.00-Pkt; Mosquito-50.00-Pkt; Phenyl-100.00-Pkt,28-06-2022
Cachar,0.00-Q,53450.00-Pkt,Fruit Juice-250.00-Pkt; Dry Fruite-4.00-Kg; Amul Taza-2000.00-Pkt; Biscuit-25000.00-Pkt; Water Bottole-30122.00-L; Sanytary Pad-4000.00-Pkt; Candle-700.00-Pkt; Dry Kits-1500.00-Pkt,29-06-2022
Nagaon,"0.00-Q, 2631.00-Pkt",0.00-Q,HTW-6.00-Pieces; Phenyl-4984.00-Q; Sanitary Napkin -1500.00-Pieces,29-06-2022
Chirang,0.00-Q,218.00-Pkt,Tarpaulin-34.00-Pieces; Sanitary Napkin-342.00-Pkt; Candle-376.00-Pkt; M. Coil-342.00-Pkt; Horlicks-1.00-Pkt; Mosquito Net-34.00-Pieces; Potato-255.00-Kg; Onion-85.00-Kg; Soyabean-43.00-Kg; Chilli-22.00-Kg,29-06-2022
Darrang,0.00-Q,0.00-Q,0-0.00-Q; TARPAULIN-800.00-Pieces; Tarpaulin-7690.00-Pieces,29-06-2022
Dhemaji,0.00-Q,0.00-Q,Tarpaulin-104.00-Pieces,29-06-2022
Dhubri,"0.00-Q, 0.00-Pkt","0.00-Q, 0.00-Pkt",Tarpaulin-2189.00-Pieces; Chira-1259.00-Kg; Gur-426.40-Kg; HTW-110.00-Pieces; Tarpoline -1000.00-Pieces; M-Coil-100.00-Pkt; Candle-100.00-Pkt; M-Box-100.00-Pieces; Chira-1.50-Q; Gur-0.45-Q; Bleaching powder-25.00-Kg; Water Pouch(250 ml)-16300.00-Pkt,29-06-2022
Dibrugarh,0.00-Q,0.00-Q,0-0.00-Q; Tarpaulin sheets-21.00-Q,29-06-2022
Dima-Hasao,0.00-Q,0.00-Q,HALDI-94.00-Pkt; Onion-209.00-Kg; Biscuit-484.00-Pkt; Milk-65.00-L; napkin-36.00-Pkt; Candel-224.00-Pkt; Match box-94.00-Pkt; M.repellent-94.00-Pkt; M.net-36.00-Pieces; Bathing soap-58.00-Pkt,29-06-2022
Hailakandi,"0.00-Q, 75.00-Pkt",0.00-Q,Water purification tablets-2000.00-Pieces; Candle-20.00-Pkt; Match box-5.00-Pkt; Water Packets-2500.00-Pkt; Water Purification Tablets-23500.00-Pieces,29-06-2022
Biswanath,0.00-Q,"0.00-Q, 4.00-Kg",Onion-0.93-Q; Potato-1.42-Q; Egg-480.00-Pieces,29-06-2022
Hojai,0.00-Q,0.00-Q,Candel-3.00-Pkt; Sanitary Pad-5.00-Pkt; Bleaching powder-6.00-Pkt; phenyle-6.00-Pieces; Tarpaulin-50.00-Pieces; water bottle -160.00-L; Phenyl-6.00-Pkt; bleaching powder-6.00-Pkt,29-06-2022
Kamrup,"0.00-Q, 0.00-Pkt",150.00-Pkt,Sanitary Napkin-600.00-Pkt; Mosquito Repelent-35.00-Pkt; Phenyl-50.00-Pkt; Milk-12.00-Pkt; Candle-120.00-Pkt; Candel-400.00-Pkt; Tarpulin-750.00-Pieces,29-06-2022
Karimganj,"0.00-Q, 230.00-Pkt",0.00-Q,0-0.00-Q; Mosquito Coil-21.00-Pkt; Candle-35.00-Pkt; Water Purification Tablet-4650.00-Pkt; Chemical Packets-5780.00-Pkt; Water Pouch-3500.00-Pkt; Lime & Alum Pouch-1450.00-Pkt; Hydrochloride Solution-80.00-L,29-06-2022
Lakhimpur,0.00-Q,"208.40-Kg, 0.00-Q",tarpaulin-121.00-Pieces; Tarupalin-800.00-Pieces,29-06-2022
Majuli,0.00-Q,0.00-Q,Chemical Packets-100.00-Pkt; Halogen Tab-1800.00-Pieces; Chemical Peckets-150.00-Pkt,29-06-2022
Tinsukia,0.00-Q,0.00-Q,0-0.00-Q,29-06-2022
Morigaon,"1039.00-Pkt, 0.00-Q","1039.00-Pkt, 0.00-Q",Tarpoulin-163.00-Pieces; Rechargeable light-120.00-Pieces; Hand Tube well-21.00-Pieces; CHEMICAL PACKETS -250.00-Q; HALOGEN -2000.00-Q; HTW -5.00-Q,29-06-2022
Dima-Hasao,0.00-Q,0.00-Q,Milk-44.00-L; Potato-320.00-Kg; Onion-237.00-Kg; Biscuit-1659.00-Pkt; Candle-633.00-Pkt; Match Box-237.00-Pkt; Mosquito Repellent-237.00-Q; Bathing Soap-237.00-Pieces,30-06-2022
Biswanath,0.00-Q,"10.00-Pkt, 0.00-Q",Drinking water-120.00-L,30-06-2022
Cachar,0.00-Q,0.00-Q,Candle-17500.00-Pkt; Mortien-11100.00-Pkt; Biscuit-578875.00-Pkt; Amul Taza-72938.00-Pkt; Cake-1890.00-Pkt; Drinking Water-73218.00-Pkt; Sanitary Pad-40532.00-Pkt,30-06-2022
Chirang,0.00-Q,0.00-Q,,30-06-2022
Darrang,0.00-Q,0.00-Q,tarpaulin-2765.00-Pieces; 0-0.00-Q,30-06-2022
Nagaon,"1894.00-Pkt, 0.00-Q",0.00-Q,Sanitary Napkin-180.00-Pkt; Tarpulin-1400.00-Pieces,30-06-2022
Morigaon,"3155.00-Q, 2995.00-Pkt","3155.00-Q, 2995.00-Pieces",Tarpoulin-230.00-Pieces; Hand Tube Well-2.00-Pieces; Sanitary Napkin-239.00-Pkt; Tarpaulin-5000.00-Q; Temporary Toilet -24.00-Q; Halogen tablets-13000.00-Q; Water pouch-22000.00-Q; Chemical Packets-2950.00-Q; HTW-20.00-Q; Sanitary Napkin-271.00-Q,30-06-2022
Majuli,0.00-Q,0.00-Q,Helogen Tab-800.00-Pieces,30-06-2022
Lakhimpur,"0.00-Q, 170.00-Pkt","69.00-Pkt, 2.04-Q, 90.00-Kg",Tarpaulin-1159.00-Pieces; Concentrate Feed (Cattle Feed)-19.00-Q; Sanitary Napkins-385.00-Pkt; Chira-2.04-Q; Jaggery(Gur)-51.00-Kg; TARPAULIN-107.00-Pieces; potato-30.00-Kg; Eggs-94.00-Pieces; Soyabean-5.00-Kg; Onion-10.00-Kg; candle-30.00-Pkt; maxo-15.00-Pkt; tea leaves-0.50-Kg; sugar-2.00-Kg; biscuit-30.00-Pkt; disposable glass and plate-600.00-Pieces; bucket with mug-20.00-Pieces; turmeric-1.00-Kg; dry chilli-0.50-Kg; bread-60.00-Pkt; bathing soaf-22.00-Pieces; detergent powder 10 Rs pouch -22.00-Pieces; vim Bar 10 Rs Pouch-5.00-Pieces; Match Box-4.00-Pkt; 0-0.00-Q,30-06-2022
Karimganj,"555.00-Pkt, 0.00-Q","135.00-Pkt, 0.00-Q",CANDLE-144.00-Pkt; MOSQUITO COIL-48.00-Pkt; BLEACHING POWDER-48.00-Pkt; SANITARY NAPKIN-97.00-Pkt; MATCH BOX-135.00-Pkt; 0-0.00-Q; Candle-55.00-Pkt; Mosquito Coil-33.00-Pkt; Water Purification Tablet-4625.00-Pkt; Chemical Packets-12235.00-Pkt; Water Pouch-3700.00-Pkt; Lime & Alum Pouch-2050.00-Pkt; Hydrochloride Solution-110.00-L,30-06-2022
Kamrup,0.00-Q,"0.00-Q, 100.00-Pkt",0-0.00-Q; Wheat Bran-74.55-Q; Tarpaulin-2000.00-Pieces,30-06-2022
Hojai,0.00-Q,0.00-Q,,30-06-2022
Hailakandi,0.00-Q,0.00-Q,Water Purification Tablets-4200.00-Pieces; Water Packets-2600.00-Pkt,30-06-2022
Dibrugarh,0.00-Q,0.00-Q,,30-06-2022
Dhemaji,0.00-Q,0.00-Q,Tarpaulin-908.00-Pieces; Tarpulin-24.00-Pieces; soap-25.00-Pieces; Mosquito coil-10.00-Pieces; Candle-20.00-Pieces; Detergent-10.00-Pkt; sanitary pad-20.00-Pkt; Match box-10.00-Pkt; Biscuit-20.00-Pkt; Phenyl-5.00-Pkt; Disposal Dishes-1000.00-Pieces; Potato-50.00-Kg; Soyabean-5.00-Kg; Mosquito net-100.00-Pieces,30-06-2022
Tamulpur,0.00-Q,0.00-Q,Tarpaulin -320.00-Pieces,30-06-2022
Sonitpur,0.00-Q,0.00-Q,Chira-2.90-Q; Gur-0.53-Q,30-06-2022
Sonitpur,0.00-Q,0.00-Q,Chira-32.21-Q; Gur-5.92-Q,01-07-2022
Nagaon,"0.00-Q, 500.00-Pkt","0.00-Q, 500.00-Pkt",HTW-30.00-Q; Tube Well -77.00-Pieces; Temporary Sanitary-33.00-Pieces; Temporary Bathroom-20.00-Pieces; HTW -55.00-Pieces; Temporary Bathroom -7.00-Pieces; Temporary Toilet -16.00-Pieces; Tarpaulin -1300.00-Pieces,01-07-2022
Cachar,0.00-Q,0.00-Q,,01-07-2022
Darrang,0.00-Q,0.00-Q,,01-07-2022
Dhemaji,0.00-Q,0.00-Q,Tarpaulin -222.00-Pieces; Tarpaulin-1056.00-Pieces,01-07-2022
Bajali,0.00-Q,0.00-Q,,01-07-2022
Dhubri,0.00-Q,0.00-Q,HTW-16.00-Pieces,01-07-2022
Dibrugarh,"0.00-Q, 532.00-Pkt","6418.00-Pkt, 0.00-Q, 399.00-Kg",Tarpaulin sheets-23.00-Pieces; Halogen Tablets-1000.00-Pieces; Water Pouch-4800.00-Pkt; NADCC Tablet-7100.00-Pieces,01-07-2022
Dima-Hasao,0.00-Q,0.00-Pkt,Onion-652.50-Kg; Biscuit-1232.00-Pkt; Milk-47.00-L; Potato-66.00-Kg; Candle-186.00-Pkt; Match Box-795.00-Pkt; M. Repellent-457.00-Pkt; Bathing Soap-423.00-Pkt; Dettol-6.00-Pieces,01-07-2022
Hailakandi,"270.00-Pkt, 0.00-Q",0.00-Q,Candle-20.00-Pkt; Match box-5.00-Pkt; Water Purification Tablets-6000.00-Pieces; Water Packets-1250.00-Pkt; Tarpaulin-20.00-Pieces; Water Purification tablets-2000.00-Pieces,01-07-2022
Biswanath,0.00-Q,0.00-Q,Flatten Rice( Chira)-0.54-Q; Jaggery ( Gur)-0.10-Q; Milk-3.20-L; Biscuit-20.00-Pkt; Tarpaulin-12.00-Pieces; Chana-0.20-Q; Soyabeen-0.05-Q,01-07-2022
Lakhimpur,0.00-Q,"0.00-Q, 11.00-Pkt",Tarpaulin-1566.00-Pieces; Concentrate Feed (Cattle Feed)-4.50-Q; Tarpaulin -338.00-Pieces; Potato-30.00-Kg; Soyabean-2.00-Kg; Onion-10.00-Kg; Candle-15.00-Pkt; Biscuit-30.00-Pkt; Disposable Plate & Glass-300.00-Pieces; Haldi-1.00-Kg; Dry Chilli-0.50-Kg; Bread-30.00-Pkt,01-07-2022
Morigaon,0.00-Q,0.00-Q,Sanitary Napkin-490.00-Q; Water Pouch-3000.00-Q; HTW-7.00-Q; Temporary Toilets -4.00-Q; Chemical Packets-600.00-Q; Halogen Tablets-2000.00-Q; Tarpoulin-122.00-Pieces,01-07-2022
Majuli,0.00-Q,0.00-Q,Helogen Tab-1000.00-Pieces,01-07-2022
Karimganj,"135.00-Pkt, 0.00-Q","100.00-Pkt, 0.00-Q",MOSQUITO COIL-15.00-Pkt; MATCH BOX-15.00-Pkt; CANDLE-30.00-Pkt; BLEACHING POWER-15.00-Pkt; Water Purification Tablet-3925.00-Pkt; Chemical Packets-9560.00-Pkt; Water Pouch-1150.00-Pkt; Lime & Bleaching Powder Pouch-1775.00-Pkt; Hydrochloride Solution-80.00-L; 0-0.00-Q,01-07-2022
Karbi Anglong West,400.00-L,2000.00-Pkt,Sanitary Napkins-2000.00-Pkt,01-07-2022
Kamrup,0.00-Q,0.00-Q,,01-07-2022
Hojai,0.00-Q,0.00-Q,Water-564.00-L; Sanitary Pad-30.00-Pkt; Candle-16.00-Pkt; Phenyl-16.00-Pieces; Bleaching Powder-16.00-Pkt,01-07-2022
Biswanath,0.00-Q,0.00-Q,,02-07-2022
Sonitpur,0.00-Q,0.00-Q,Chira-25.26-Q; Gur-4.75-Q,02-07-2022
Sivasagar,234.50-L,234.50-Kg,Sugar (against baby food)-118.00-Kg; Sanitary Napkin-1330.00-Pkt; Phenyl-1980.00-Pieces,02-07-2022
Nagaon,0.00-Q,0.00-Q,HTW-1.00-Pieces; Tube Well-15.00-Pieces,02-07-2022
Cachar,0.00-Q,0.00-Q,Mortien -13.00-Pkt; Candle -13.00-Pkt,02-07-2022
Lakhimpur,"0.00-Q, 1819.00-Pkt",21.83-Q,Concentrated Cettle Feed Godrej Supreme-105.00-Q; Halogen Tablet (PHE)-8000.00-Pkt; Water Pouch (PHE)-11000.00-Pkt; Jaggery (Gur)-5.46-Q; Chira-16.24-Q; tarpaulin-1000.00-Pieces,02-07-2022
Charaideo,0.00-Pkt,0.00-Pkt,,02-07-2022
Morigaon,0.00-Q,0.00-Q,Chemical Packets-500.00-Q; Halogen Tablets-4000.00-Q; Water Pouch -4000.00-Q,02-07-2022
Chirang,0.00-Q,103.00-Pkt,Candle-383.00-Pkt; Potato-2.37-Q; Onion-79.00-Kg; Chilli-20.00-Kg; Soyabean-39.50-Kg; Soap-40.00-Pieces; Tarpaulin-18.00-Pieces,02-07-2022
Darrang,0.00-Q,"0.00-Q, 756.00-Pkt",0-0.00-Q,02-07-2022
Dhemaji,0.00-Q,0.00-Q,Tarpaulin-210.00-Pieces,02-07-2022
Tamulpur,0.00-Q,0.00-Q,,02-07-2022
Dima-Hasao,1.00-Pkt,0.00-Q,Onion-8.00-Kg; Milk-1.50-L; Match Box-10.00-Pkt; M. Repellent-13.00-Pkt; Soap-16.00-Pieces; Phenyl-2.00-L,02-07-2022
Karimganj,0.00-Q,0.00-Q,Wheat Bran-150.00-Q; HALOGEN TABLET-2500.00-Pieces; CHEMICAL PACKETS (50 GRAMS)-1200.00-Pkt; WATER POUCH (300 ML)-5000.00-Pkt; HYPOCHLORITE SOLUTION-10.00-Pieces; LIME BLEACHING MIXTURE (500GRAM POUCH)-40.00-Pkt; Water Purification Tablet-3825.00-Pkt; Chemical Packets-6950.00-Pkt; Water Pouch-300.00-Pkt; Lime & Bleaching Powder Pouch-1550.00-Pkt; Hydrochloride Solution-25.00-L,02-07-2022
Dibrugarh,"0.00-Q, 1151.00-Pkt","0.00-Q, 744.50-Kg",Bleaching Powder-59.00-Kg; Halogen Tablet-2400.00-Pieces; Water Pouches-2500.00-Pkt; NADCC Tablet-9000.00-Pieces; Water Pouch-1500.00-Pkt; Water Pouch-4000.00-Pieces; Halogen Tablets-500.00-Pieces; Soyabean-12.00-Pkt; Potato-52.00-Kg; Green veg-14.00-Kg; Bread-50.00-Pkt; Turmeric powder -2.10-Kg; Horlicks-41.00-Pkt; Lemon-12.00-Pieces; Onion-40.00-Kg; Mosquito coil-10.00-Pieces; Mineral water-70.00-L,02-07-2022
Hailakandi,0.00-Q,0.00-Q,,02-07-2022
Nagaon,0.00-Q,0.00-Q,,03-07-2022
Sivasagar,0.00-Q,0.00-Q,,03-07-2022
Sonitpur,0.00-Q,0.00-Q,,03-07-2022
Tinsukia,0.00-Q,0.00-Q,O-0.00-Q,03-07-2022
Lakhimpur,0.00-Q,0.00-Q,Tarpaulin -250.00-Pieces,03-07-2022
Kamrup,0.00-Q,0.00-Q,Tarpaulin-500.00-Q,03-07-2022
Karimganj,0.00-Q,0.00-Q,0-0.00-Q; Water Purification Tablet-3025.00-Pkt; Chemical Packets-5795.00-Pkt; Lime & Bleaching Pouch-800.00-Pkt,03-07-2022
Dibrugarh,"3904.00-Pkt, 0.00-Q","1142.90-Kg, 0.00-Q",NADCC Tablet-2000.00-Pieces; Water Pouch-1000.00-Pkt; Halogen Tablets-500.00-Pieces; Candle-43.00-Pkt; Match box-1.00-Pkt; Haldhi-0.50-Kg; Potato-10.00-Kg; Onion-5.00-Kg; Sanitary pads -27.00-Pkt; Soyabean -10.00-Pkt; Vegetable -10.00-Kg; Lemon-5.00-Pieces; Copy-28.00-Pieces; Pen-28.00-Pieces,03-07-2022
Cachar,0.00-Q,0.00-Q,,03-07-2022
Biswanath,0.00-Q,0.00-Q,,03-07-2022
Morigaon,"0.00-Q, 2000.00-Pkt","0.00-Q, 568.50-Kg",Chemical Packets-520.00-Q; Halogen Tablets -3000.00-Q; Water Pouch-3000.00-Q; Temporary Toilet -7.00-Q; Temporary HTW-17.00-Q,03-07-2022
Hailakandi,0.00-Q,0.00-Q,Water Purification Tablets-5000.00-Pieces,03-07-2022
Goalpara,0.00-Q,0.00-Q,Tarpaulin-1000.00-Pieces,03-07-2022
Lakhimpur,0.00-Q,0.00-Q,Concentrated cattle feed Godrej Supreme-32.50-Q; Tarpaulin-3000.00-Pieces,04-07-2022
Karimganj,"0.00-Q, 405.00-Pkt","0.00-Q, 135.00-Pkt",0-0.00-Q; MOSQUITO COIL-48.00-Pkt; CANDLE-144.00-Pkt; BLEACHING POWDER-40.00-Pkt; SANITARY NAPKIN-50.00-Pkt; MATCH BOX-90.00-Pkt,04-07-2022
Biswanath,0.00-Q,0.00-Q,,04-07-2022
Chirang,0.00-Q,0.00-Q,,04-07-2022
Morigaon,"1050.00-Pkt, 0.00-Q","568.00-Kg, 0.00-Q",Hand Tube Well-10.00-Pieces,04-07-2022
Nagaon,0.00-Q,0.00-Q,HTW-2.00-Pieces; Halogen Tablets-27500.00-Q; Bleaching Powder-3250.00-Kg,04-07-2022
Hailakandi,210.00-Pkt,0.00-Q,Candle-25.00-Pkt; Water Purification Tablets-5000.00-Pieces,04-07-2022
Dibrugarh,0.00-Q,0.00-Q,Tarpaulin sheets-10.00-Pieces; Halogen Tablets-3000.00-Pieces,04-07-2022
Darrang,0.00-Q,0.00-Q,Tarpaulin-550.00-Pieces; 0-0.00-Q,04-07-2022
Karimganj,"30.00-Q, 100.00-Pkt",0.00-Q,0-0.00-Q; Candle-100.00-Pkt; mosquito coil-100.00-Pkt; napkin-30.00-Pkt; LACTOGEN-5.00-Pkt,05-07-2022
Dibrugarh,"172.00-Pkt, 0.00-Q","77.10-Kg, 0.00-Q",Water Pouches-3000.00-Pkt; Tarpauline-6.00-Pieces; Halogen Tablet -1000.00-Pieces; Art papeer-25.00-Pieces; Colour Pencil-25.00-Pkt; Wooden Pencil-3.00-Pkt; Vegetable-24.00-Kg; Horlicks-15.00-Pkt; Soyabeen-10.00-Kg,05-07-2022
Morigaon,"1222.00-Pkt, 0.00-Q",0.00-Q,Chemical Packets -800.00-Q; Halogen Tablets -3000.00-Q; Water Pouch-5000.00-Q; Temporary Toilet-9.00-Q,05-07-2022
Darrang,0.00-Q,0.00-Q,Tarpaulin-2340.00-Pieces,05-07-2022
Chirang,0.00-Q,0.00-Q,Candle-6.00-Pkt,05-07-2022
Barpeta,0.00-Q,0.00-Q,,05-07-2022
Nagaon,6000.00-Pkt,5500.00-Pkt,,05-07-2022
Lakhimpur,0.00-Q,0.00-Q,0-0.00-Q,05-07-2022
Biswanath,0.00-Q,0.00-Q,,06-07-2022
Darrang,0.00-Q,0.00-Q,,06-07-2022
Dhemaji,0.00-Q,0.00-Q,Tarpaulin-955.00-Pieces,06-07-2022
Hailakandi,0.00-Q,0.00-Q,Water Purification Tablets-3000.00-Pieces,06-07-2022
Karimganj,"0.00-Q, 50.00-Pkt",0.00-Q,0-0.00-Q; CANDLE-20.00-Pkt; MOSQUITO COIL-20.00-Pkt,06-07-2022
Dibrugarh,0.00-Q,0.00-Q,Water Pouches-200.00-Pkt; Halogen Tablets-1000.00-Pieces,06-07-2022
Morigaon,0.00-Q,0.00-Q,"1no of Hand Tube well installed at 1no Bangalbori as reported by JE PHED, Morigaon -1.00-Pieces; Chemical Packets-150.00-Q; Bleaching powder-50.00-Q; Halogen Tablets -1000.00-Q; Water pouch -6000.00-Q",06-07-2022
Nagaon,500.00-Pkt,500.00-Pkt,,06-07-2022
Lakhimpur,0.00-Q,8.00-Kg,Tarpaulin-14.00-Pieces,06-07-2022
Darrang,0.00-Q,0.00-Q,Tarpaulin-2110.00-Pieces,07-07-2022
Dibrugarh,0.00-Q,0.00-Q,Water Pouches-400.00-Pkt; Bleaching Powder-10.00-Kg,07-07-2022
Hailakandi,0.00-Q,0.00-Q,,07-07-2022
Karimganj,"0.00-Q, 575.00-Pkt","0.00-Q, 299.00-Pkt",0-0.00-Q; MOSQUITO COIL-106.00-Pkt; MATCH BOX-161.00-Pkt; BLEACHING POWDER-74.00-Pkt; CANDLE-202.00-Pkt,07-07-2022
Morigaon,0.00-Q,0.00-Q,,07-07-2022
Sivasagar,0.00-Q,0.00-Q,0-0.00-Q,07-07-2022
Karimganj,0.00-Q,0.00-Q,0-0.00-Q,09-07-2022
Hailakandi,0.00-Q,0.00-Q,Water Purification Tablets-1000.00-Pieces,09-07-2022
Dibrugarh,0.00-Q,0.00-Q,NADCC Tablet-1000.00-Pieces,09-07-2022
Nagaon,0.00-Q,0.00-Q,,10-07-2022
Morigaon,0.00-Q,0.00-Q,chemical Packets -9420.00-Pkt; bleaching powder -100.00-Pkt; halogen Tablets -25600.00-Pieces; water Pouch -30000.00-Pkt; Tube well -1.00-Pieces,10-07-2022
Cachar,0.00-Q,0.00-Q,,11-07-2022
Biswanath,0.00-Q,0.00-Q,,11-07-2022
Hailakandi,0.00-Q,0.00-Q,Water Purification Tablets-3700.00-Pieces,12-07-2022
Cachar,0.00-Q,0.00-Q,CANDEL-60.00-Pkt,13-07-2022
Chirang,0.00-Q,0.00-Q,Soap-44.00-Pieces; Candle-44.00-Pkt,16-07-2022
Biswanath,0.00-Q,0.00-Q,,18-07-2022
Dima-Hasao,0.00-Q,0.00-Q,Onion-5.00-Kg; Milk-2.50-L,20-07-2022
Jorhat,0.00-L,0.00-Pkt,Chira-20.00-Kg; Gur-5.00-Kg; Water Bottle-20.00-L; Biscuit-88.00-Pkt,01-08-2022
Dhemaji,0.00-Q,0.00-Q,"Tarpaulin-35.00-Pieces; Soap-55.00-Pieces; Mosquito coil-25.00-Pkt; Candle-60.00-Pkt; Sanitary pad-40.00-Pkt; Match Box-25.00-Pkt; Biscuit-111.00-Pkt; Phenyl-5.00-L; Disposal dishes-2000.00-Pieces; potato-100.00-Kg; Soyabean-13.00-Kg; Tarpulin-1120.00-Pieces; Potato-78.70-Kg; Turmeric Powder-1.50-Kg; Chilli-2.00-Kg; Mosquito Coil (Mortein)-12.00-Pkt; Onion-15.00-Kg; Disposal Plate-600.00-Pieces; Disposal Glass-1000.00-Pieces; Water Bottle (1/2 Litre)-288.00-Pieces; Mosquito Incense Stick-24.00-Pkt; Biscuite (Marie Gold, Rs. 10/-)-48.00-Pkt; Sugar-2.00-Kg; Tea-0.50-Kg; Masala (Rs.10/-)-13.00-Pkt",01-08-2022
Chirang,0.00-Q,"0.00-Q, 50.00-Pkt",Candle-58.00-Pkt; Mosquito Coil-58.00-Pkt,01-08-2022
Dhemaji,0.00-Q,0.00-Q,Tarpulin-22.00-Pieces,02-08-2022
Chirang,0.00-Q,"0.00-Q, 8.00-Pkt",Candle-34.00-Pkt,02-08-2022
Lakhimpur,0.00-Q,0.00-Q,POTATO-60.00-Q; SOYABEAN-5.00-Kg; ONION-20.00-Kg; CANDLE-30.00-Pkt; BISCUIT-60.00-Pkt; DISPOSABLE PLATE & GLASS-700.00-Pieces; HALDI-2.00-Kg; DRY CHILLI-1.00-Kg; BATHING SOAP-50.00-Pieces; DETERGENT POWDER -50.00-Pkt; MAXO-20.00-Pkt; TEA LEAVES-1.00-Kg; SUGAR-4.00-Kg; VIM BAR-10.00-Pieces; MATCH BOX-8.00-Pkt,02-08-2022
Dhemaji,0.00-Q,0.00-Q,Soap-10.00-Pieces; Biscuit-38.00-Pkt; Disposal Dishes-500.00-Pieces; Soyabean-3.00-Kg; Mosquito Net-30.00-Pieces,03-08-2022
Chirang,0.00-Q,0.00-Q,Tarpaulin-63.00-Pieces,04-08-2022
Bajali,0.00-Q,0.00-Q,,04-08-2022
Dhemaji,0.00-Q,0.00-Q,Tarpoulin-243.00-Pieces; Tarpaulin-261.00-Pieces,12-10-2022
Dibrugarh,0.00-Q,0.00-Q,,12-10-2022
Dibrugarh,0.00-Q,0.00-Q,,13-10-2022
Lakhimpur,0.00-Q,0.00-Q,HTW-22.00-Pieces; Concentrated Cattle feed/Gold level (Godrej brand)-397.20-Q,14-10-2022
Chirang,0.00-Q,0.00-Q,Candle-44.00-Pkt; Soap-44.00-Pieces,08-07-2022
Dibrugarh,0.00-Q,0.00-Q,Halogen Tablets-1000.00-Pieces,08-07-2022
Dima-Hasao 0.00-Q ,0.00-Q,2.00-Pkt,Onion-101.00-Kg; Milk-10.00-L; Mosquito Repellent-21.00-Pkt;Phenyl-2.00-L,08-07-2022
Hailakandi,70.00-Pkt,0.00-Q,Water Purification Tablets-2500.00-Pieces,08-07-2022
Sivasagar,256.00-L,256.00-Kg,Sugar (against baby food)-129.00-Kg; Mosquito Net-72.00-Pieces; Sanitary napkin-1307.00-Pieces,08-07-2022
Karimganj,20.00-Q,0.00-Q,0-0.00-Q; CANDLE-20.00-Pkt; COIL-20.00-Pkt,08-07-2022
Morigaon,0.00-Q,0.00-Q,Chemical Packets-7850.00-Pkt; Halogen/ NaDDC Tablets-38560.00-Pieces; Water Pouch-30000.00-Pkt; Hand Tube Well-3.00-Pieces; Temporary Toilet in Relief Shelter-4.00-Pieces,08-07-2022
Cachar,0.00-Q,0.00-Q,0.00-Q,15-05-2022
Hojai,0.00-Q,0.00-Q,0.00-Q,15-05-2022
Karbi Anglong West,0.00-Q,0.00-Q,0.00-Q,15-05-2022
Nagaon,0.00-Q,0.00-Q,0.00-Q,15-05-2022
Biswanath,0.00-Q,0.00-Q,,16-05-2022
Cachar,0.00-Q,0.00-Q,"Mortien-96.00-Q; Candle-652.00-Q; Match box-102.00-Q; Sanitary Pad-
600.00-Q; Soap-260.00-Q; Biscuit-520.00-Q; Tea-4.00-Q; Sugar-7.00-Q;
Sanitary pad-60.00-Q; Biscut-20.00-Q",16-05-2022
Hojai,2333.00-L,410.00-Pkt,,16-05-2022
Karbi Anglong West,0.00-Q,0.00-Q,,16-05-2022
Nagaon,0.00-Q,0.00-Q,,16-05-2022
Cachar,0.00-Q,0.00-Q,Soyabin-531.00-Kg; Potato-531.00-Kg; Mortin-117.00-Pkt; Candle-117.00-Pkt; Match Box-117.00-Pk,17-05-2022
Charaideo,0.00-Pkt,40.00-Pkt,,17-05-2022
Dibrugarh,0.00-Q,0.00-Q,Tarpaulin sheets-23.00-Pieces,17-05-2022
Hojai,"0.00-Q, 3816.00-L","0.00-Q, 207.00-Pkt",,17-05-2022
Kamrup,20.00-Pkt,20.00-Pkt,Chira-1.23-Q; Gur-0.22-Q,17-05-2022
Karimganj,"1.00-L, 60.00-Pkt",0.00-Q,Chira-24.00-Kg; Ghur-4.50-Kg; chira-1.00-Q; Gur-0.20-Q,17-05-2022
Udalguri,"0.00-Q, 282.00-Pkt","0.00-Q, 118.00-Pkt, 22.80-Kg",Sanitary Pad-512.00-Pkt; 0-0.00-Kg; Candle-18.00-Pkt; Matches-36.00-Pieces,17-05-2022
Karbi Anglong West,50.00-L,300.00-Pkt,Sanitary Napkins-84.00-Pkt,17-05-2022
,,,,
,,,,
,,,,
,,,,
,,,,
,,,,
,,,,
,,,,
,,,,
,,,,
,,,,
,,,,
,,,,
,,,,
,,,,
,,,,
,,,,
,,,,
,,,,
,,,,
,,,,
,,,,
,,,,
,,,,
,,,,
,,,,
,,,,
,,,,
,,,,
,,,,
,,,,
,,,,
,,,,
,,,,
,,,,
,,,,
,,,,
,,,,
,,,,
,,,,
,,,,
,,,,
,,,,
,,,,
,,,,
,,,,
,,,,
,,,,
,,,,
,,,,
,,,,
,,,,
,,,,
,,,,
,,,,
,,,,
,,,,
,,,,
,,,,
,,,,
,,,,
,,,,
,,,,
,,,,
,,,,
,,,,
,,,,
,,,,
,,,,
,,,,
,,,,
,,,,
,,,,
,,,,
,,,,
,,,,
,,,,
,,,,
,,,,
,,,,
,,,,
,,,,
,,,,
,,,,
,,,,
,,,,
,,,,
,,,,
,,,,
,,,,
,,,,
,,,,
,,,,
,,,,
,,,,
,,,,
,,,,
,,,,
,,,,
,,,,
,,,,
,,,,
,,,,
,,,,
,,,,
,,,,
,,,,
,,,,
,,,,
,,,,
,,,,
,,,,
,,,,
,,,,
,,,,
,,,,
,,,,
,,,,
,,,,
,,,,
,,,,
,,,,
,,,,
,,,,
,,,,
,,,,
,,,,
,,,,
,,,,
,,,,
,,,,
,,,,
,,,,
,,,,
,,,,
,,,,
,,,,
,,,,
,,,,
,,,,
,,,,
,,,,
,,,,
,,,,
,,,,
,,,,
,,,,
,,,,
,,,,
,,,,
,,,,
,,,,
,,,,
,,,,
,,,,
,,,,
,,,,
,,,,
,,,,
,,,,
,,,,
,,,,
,,,,
,,,,
,,,,
,,,,
,,,,
,,,,
,,,,
,,,,
,,,,
,,,,
,,,,
,,,,
,,,,
,,,,
,,,,
,,,,
,,,,
,,,,
,,,,
,,,,
,,,,
,,,,
,,,,
,,,,
,,,,
,,,,
,,,,
,,,,
,,,,
,,,,
,,,,
,,,,
,,,,
,,,,
,,,,
,,,,
,,,,
,,,,
,,,,
,,,,
,,,,
,,,,
,,,,
,,,,
,,,,
,,,,
,,,,
,,,,
,,,,
,,,,
,,,,
,,,,
,,,,
,,,,
,,,,
,,,,
,,,,
,,,,
,,,,
,,,,
,,,,
,,,,
,,,,
,,,,
,,,,
,,,,
,,,,
,,,,
,,,,
,,,,
,,,,
,,,,
,,,,
,,,,
,,,,
,,,,
,,,,
,,,,
,,,,
,,,,
,,,,
,,,,
,,,,
,,,,
,,,,
,,,,
,,,,
,,,,
,,,,
,,,,
,,,,
,,,,
,,,,
,,,,
,,,,
,,,,
,,,,
,,,,
,,,,
,,,,
,,,,
,,,,
,,,,
,,,,
,,,,
,,,,
,,,,
,,,,
,,,,
,,,,
,,,,
,,,,
,,,,
,,,,
,,,,
,,,,
,,,,
,,,,
,,,,
,,,,
,,,,
,,,,
,,,,
,,,,
,,,,
,,,,
,,,,
,,,,
,,,,
,,,,
,,,,
,,,,
,,,,
,,,,
,,,,
,,,,
,,,,
,,,,
,,,,
,,,,
,,,,
,,,,
,,,,
,,,,
,,,,
,,,,
,,,,
,,,,
,,,,
,,,,
,,,,
,,,,
,,,,
,,,,
,,,,
,,,,
,,,,
,,,,
,,,,
,,,,
,,,,
,,,,
,,,,
,,,,
,,,,
,,,,
,,,,
,,,,
,,,,
,,,,
,,,,
,,,,
,,,,
,,,,
,,,,
,,,,
,,,,
,,,,
,,,,
,,,,
,,,,
,,,,
,,,,
,,,,
,,,,
,,,,
,,,,
,,,,
,,,,
,,,,
,,,,
,,,,
,,,,
,,,,
,,,,
,,,,
,,,,
,,,,
,,,,
,,,,
,,,,
,,,,
,,,,
,,,,
,,,,
,,,,
,,,,
,,,,
,,,,
,,,,
,,,,
,,,,
,,,,
,,,,
,,,,
,,,,
,,,,
,,,,
,,,,
,,,,
,,,,
,,,,
,,,,
,,,,
,,,,
,,,,
,,,,
,,,,
,,,,
,,,,
,,,,
,,,,
,,,,
,,,,
,,,,
,,,,
,,,,
,,,,
,,,,
,,,,
,,,,
,,,,
,,,,
,,,,
,,,,
,,,,
,,,,
,,,,
,,,,
,,,,
,,,,
,,,,
,,,,
,,,,
,,,,
,,,,
,,,,
,,,,
,,,,
,,,,
,,,,
,,,,
,,,,
,,,,
,,,,
,,,,
,,,,
,,,,
,,,,
,,,,
,,,,
,,,,
,,,,
,,,,
,,,,
,,,,
,,,,
,,,,
,,,,
,,,,
,,,,
,,,,
,,,,
,,,,
,,,,
,,,,
,,,,
,,,,
,,,,
,,,,
,,,,
,,,,
,,,,
,,,,
,,,,
,,,,
,,,,
,,,,
,,,,
,,,,
,,,,
,,,,
,,,,
,,,,
,,,,
,,,,
,,,,
,,,,
,,,,
,,,,
,,,,
,,,,
,,,,
,,,,
,,,,
,,,,
,,,,
,,,,
,,,,
,,,,
,,,,
,,,,
,,,,
,,,,
,,,,
,,,,
,,,,
,,,,
,,,,
,,,,
,,,,
,,,,
,,,,
,,,,
,,,,
,,,,
,,,,
,,,,
,,,,
,,,,
,,,,
,,,,
,,,,
,,,,
,,,,
,,,,
,,,,
,,,,
,,,,
,,,,
,,,,
,,,,
,,,,
,,,,
,,,,
,,,,
,,,,
,,,,
,,,,
,,,,
,,,,
,,,,
,,,,
,,,,
,,,,
,,,,
,,,,
,,,,
,,,,
,,,,
,,,,
,,,,
,,,,
,,,,
,,,,
,,,,
,,,,
,,,,
,,,,
,,,,
,,,,
,,,,
,,,,
,,,,
,,,,
,,,,
,,,,
,,,,
,,,,
,,,,
,,,,
,,,,
,,,,
,,,,
,,,,
,,,,
,,,,
,,,,
,,,,
,,,,
,,,,
,,,,
,,,,
,,,,
,,,,
,,,,
,,,,
,,,,
,,,,
,,,,
,,,,
,,,,
,,,,
,,,,
,,,,
,,,,
,,,,
,,,,
,,,,
,,,,
,,,,
,,,,
,,,,
,,,,
,,,,
,,,,
,,,,
,,,,
,,,,
,,,,
,,,,
,,,,
,,,,
,,,,
,,,,
,,,,
,,,,
,,,,
,,,,
,,,,
,,,,
,,,,
,,,,
,,,,
,,,,
,,,,
,,,,
,,,,
,,,,
,,,,
,,,,
,,,,
,,,,
,,,,
,,,,
,,,,
,,,,
,,,,
,,,,
,,,,
,,,,
,,,,
,,,,
,,,,
,,,,
,,,,
,,,,
,,,,
,,,,
,,,,
,,,,
,,,,
,,,,
,,,,
,,,,
,,,,
,,,,
,,,,
,,,,
,,,,
,,,,
,,,,
,,,,
,,,,
,,,,
,,,,
,,,,
,,,,
,,,,
,,,,
,,,,
,,,,
,,,,
,,,,
,,,,
,,,,
,,,,
,,,,
,,,,
,,,,
,,,,
,,,,
,,,,
,,,,
,,,,
,,,,
,,,,
,,,,
,,,,
,,,,
,,,,
,,,,
,,,,
,,,,
,,,,
,,,,
,,,,
,,,,
,,,,
,,,,
,,,,
,,,,
,,,,
,,,,
,,,,
,,,,
,,,,
,,,,
,,,,
,,,,
,,,,
,,,,
,,,,
,,,,
,,,,
,,,,
,,,,
,,,,
,,,,
,,,,
,,,,
,,,,
,,,,
,,,,
,,,,
,,,,
,,,,
,,,,
,,,,
,,,,
,,,,
,,,,
,,,,
,,,,
,,,,
,,,,
,,,,
,,,,
,,,,
,,,,
,,,,
,,,,
,,,,
,,,,
,,,,
,,,,
,,,,
,,,,
,,,,
,,,,
,,,,
,,,,
,,,,
,,,,
,,,,
,,,,
,,,,
,,,,
,,,,
,,,,
,,,,
,,,,
,,,,
,,,,
,,,,
,,,,
,,,,
,,,,
,,,,
,,,,
,,,,
,,,,
,,,,
,,,,
,,,,
,,,,
,,,,
,,,,
,,,,
,,,,
,,,,
,,,,
,,,,
,,,,
,,,,
,,,,
,,,,
,,,,
,,,,
,,,,
,,,,
,,,,
,,,,
,,,,
,,,,
,,,,
,,,,
,,,,
,,,,
,,,,
,,,,
,,,,
,,,,
,,,,
,,,,
,,,,
,,,,
,,,,
,,,,
,,,,
,,,,
,,,,
,,,,
,,,,
,,,,
,,,,
,,,,
,,,,
,,,,
,,,,
,,,,
,,,,
,,,,
,,,,
,,,,
,,,,
,,,,
,,,,
,,,,
,,,,
,,,,
,,,,
,,,,
,,,,
,,,,
,,,,
,,,,
,,,,
,,,,
,,,,
,,,,
,,,,
,,,,
,,,,
,,,,
,,,,
,,,,
,,,,
,,,,
,,,,
,,,,
,,,,
,,,,
,,,,
,,,,
,,,,
,,,,
,,,,
,,,,
,,,,
,,,,
,,,,
,,,,
,,,,
,,,,
,,,,
,,,,
,,,,
,,,,
,,,,
,,,,
,,,,
,,,,
,,,,
,,,,
,,,,
,,,,
,,,,
,,,,
,,,,
,,,,
,,,,
,,,,
,,,,
,,,,
,,,,
,,,,
,,,,
,,,,
,,,,
,,,,
,,,,
,,,,
,,,,
,,,,
,,,,
,,,,
,,,,
,,,,
,,,,
,,,,
,,,,
,,,,
,,,,
,,,,
,,,,
,,,,
,,,,
,,,,
,,,,
,,,,
,,,,
,,,,
,,,,
,,,,
,,,,
,,,,
,,,,
,,,,
,,,,
,,,,
,,,,
,,,,
,,,,
,,,,
,,,,
,,,,
,,,,
,,,,
,,,,
,,,,
,,,,
,,,,
,,,,
,,,,
,,,,
,,,,
,,,,
,,,,
,,,,
,,,,
,,,,
,,,,
,,,,
,,,,
,,,,
,,,,
,,,,
,,,,
,,,,
,,,,
,,,,
,,,,
,,,,
,,,,
,,,,
,,,,
,,,,
,,,,
,,,,
,,,,
,,,,
,,,,
,,,,
,,,,
,,,,
,,,,
,,,,
,,,,
,,,,
,,,,
,,,,
,,,,
,,,,
,,,,
,,,,
,,,,
,,,,
,,,,
,,,,
,,,,
,,,,
,,,,
,,,,
,,,,
,,,,
,,,,
,,,,
,,,,
,,,,
,,,,
,,,,
,,,,
,,,,
,,,,
,,,,
,,,,
,,,,
,,,,
,,,,
,,,,
,,,,
,,,,
,,,,
,,,,
,,,,
,,,,
,,,,
,,,,
,,,,
,,,,
,,,,
,,,,
,,,,
,,,,
,,,,
,,,,
,,,,
,,,,
,,,,
,,,,
,,,,
,,,,
,,,,
,,,,
,,,,
,,,,
,,,,
,,,,
,,,,
,,,,
,,,,
,,,,
,,,,
,,,,
,,,,
,,,,
,,,,
,,,,
,,,,
,,,,
,,,,
,,,,
,,,,
,,,,
,,,,
,,,,
,,,,
,,,,
,,,,
,,,,
,,,,
,,,,
,,,,
,,,,
,,,,
,,,,
,,,,
,,,,
,,,,
,,,,
,,,,
,,,,
,,,,
,,,,
,,,,
,,,,
,,,,
,,,,
,,,,
,,,,
,,,,
,,,,
,,,,
,,,,
,,,,
,,,,
,,,,
,,,,
,,,,
,,,,
,,,,
,,,,
,,,,
,,,,
,,,,
,,,,
,,,,
,,,,
,,,,
,,,,
,,,,
,,,,
,,,,
,,,,
,,,,
,,,,
,,,,
,,,,
,,,,
,,,,
,,,,
,,,,
,,,,
,,,,
,,,,
,,,,
,,,,
,,,,
,,,,
,,,,
,,,,
,,,,
,,,,
,,,,
,,,,
,,,,
,,,,
,,,,
,,,,
,,,,
,,,,
,,,,
,,,,
,,,,
,,,,
,,,,
,,,,
,,,,
,,,,
,,,,
,,,,
,,,,
,,,,
,,,,
,,,,
,,,,
,,,,
,,,,
,,,,
,,,,
,,,,
,,,,
,,,,
,,,,
,,,,
,,,,
,,,,
,,,,
,,,,
,,,,
,,,,
,,,,
,,,,
,,,,
,,,,
,,,,
,,,,
,,,,
,,,,
,,,,
,,,,
,,,,
,,,,
,,,,
,,,,
,,,,
,,,,
,,,,
,,,,
,,,,
,,,,
,,,,
,,,,
,,,,
,,,,
,,,,
,,,,
,,,,
,,,,
,,,,
,,,,
,,,,
,,,,
,,,,
,,,,
,,,,
,,,,
,,,,
,,,,
,,,,
,,,,
,,,,
,,,,
,,,,
,,,,
,,,,
,,,,
,,,,
,,,,
,,,,
,,,,
,,,,
,,,,
,,,,
,,,,
,,,,
,,,,
,,,,
,,,,
,,,,
,,,,
,,,,
,,,,
,,,,
,,,,
,,,,
,,,,
,,,,
,,,,
,,,,
,,,,
,,,,
,,,,
,,,,
,,,,
,,,,
,,,,
,,,,
,,,,
,,,,
,,,,
,,,,
,,,,
,,,,
,,,,
,,,,
,,,,
,,,,
,,,,
,,,,
,,,,
,,,,
,,,,
,,,,
,,,,
,,,,
,,,,
,,,,
,,,,
,,,,
,,,,
,,,,
,,,,
,,,,
,,,,
,,,,
,,,,
,,,,
,,,,
,,,,
,,,,
,,,,
,,,,
,,,,
,,,,
,,,,
,,,,
,,,,
,,,,
,,,,
,,,,
,,,,
,,,,
,,,,
,,,,
,,,,
,,,,
,,,,
,,,,
,,,,
,,,,
,,,,
,,,,
,,,,
,,,,
,,,,
,,,,
,,,,
,,,,
,,,,
,,,,
,,,,
,,,,
,,,,
,,,,
,,,,
,,,,
,,,,
,,,,
,,,,
,,,,
,,,,
,,,,
,,,,
,,,,
,,,,
,,,,
,,,,
,,,,
,,,,
,,,,
,,,,
,,,,
,,,,
,,,,
,,,,
,,,,
,,,,
,,,,
,,,,
,,,,
,,,,
,,,,
,,,,
,,,,
,,,,
,,,,
,,,,
,,,,
,,,,
,,,,
,,,,
,,,,
,,,,
,,,,
,,,,
,,,,
,,,,
,,,,
,,,,
,,,,
,,,,
,,,,
,,,,
,,,,
,,,,
,,,,
,,,,
,,,,
,,,,
,,,,
,,,,
,,,,
,,,,
,,,,
,,,,
,,,,
,,,,
,,,,
,,,,
,,,,
,,,,
,,,,
,,,,
,,,,
,,,,
,,,,
,,,,
,,,,
,,,,
,,,,
,,,,
,,,,
,,,,
,,,,
,,,,
,,,,
,,,,
,,,,
,,,,
,,,,
,,,,
,,,,
,,,,
,,,,
,,,,
,,,,
,,,,
,,,,
,,,,
,,,,
,,,,
,,,,
,,,,
,,,,
,,,,
,,,,
,,,,
,,,,
,,,,
,,,,
,,,,
,,,,
,,,,
,,,,
,,,,
,,,,
,,,,
,,,,
,,,,
,,,,
,,,,
,,,,
,,,,
,,,,
,,,,
,,,,
,,,,
,,,,
,,,,
,,,,
,,,,
,,,,
,,,,
,,,,
,,,,
,,,,
,,,,
,,,,
,,,,
,,,,
,,,,
,,,,
,,,,
,,,,
,,,,
,,,,
,,,,
,,,,
,,,,
,,,,
,,,,
,,,,
,,,,
,,,,
,,,,
,,,,
,,,,
,,,,
,,,,
,,,,
,,,,
,,,,
,,,,
,,,,
,,,,
,,,,
,,,,
,,,,
,,,,
,,,,
,,,,
,,,,
,,,,
,,,,
,,,,
,,,,
,,,,
,,,,
,,,,
,,,,
,,,,
,,,,
,,,,
,,,,
,,,,
,,,,
,,,,
,,,,
,,,,
,,,,
,,,,
,,,,
,,,,
,,,,
,,,,
,,,,
,,,,
,,,,
,,,,
,,,,
,,,,
,,,,
,,,,
,,,,
,,,,
,,,,
,,,,
,,,,
,,,,
,,,,
,,,,
,,,,
,,,,
,,,,
,,,,
,,,,
,,,,
,,,,
,,,,
,,,,
,,,,
,,,,
,,,,
,,,,
,,,,
,,,,
,,,,
,,,,
,,,,
,,,,
,,,,
,,,,
,,,,
,,,,
,,,,
,,,,
,,,,
,,,,
,,,,
,,,,
,,,,
,,,,
,,,,
,,,,
,,,,
,,,,
,,,,
,,,,
,,,,
,,,,
,,,,
,,,,
,,,,
,,,,
,,,,
,,,,
,,,,
,,,,
,,,,
,,,,
,,,,
,,,,
,,,,
,,,,
,,,,
,,,,
,,,,
,,,,
,,,,
,,,,
,,,,
,,,,
,,,,
,,,,
,,,,
,,,,
,,,,
,,,,
,,,,
,,,,
,,,,
,,,,
,,,,
,,,,
,,,,
,,,,
,,,,
,,,,
,,,,
,,,,
,,,,
,,,,
,,,,
,,,,
,,,,
,,,,
,,,,
,,,,
,,,,
,,,,
,,,,
,,,,
,,,,
,,,,
,,,,
,,,,
,,,,
,,,,
,,,,
,,,,
,,,,
,,,,
,,,,
,,,,
,,,,
,,,,
,,,,
,,,,
,,,,
,,,,
,,,,
,,,,
,,,,
,,,,
,,,,
,,,,
,,,,
,,,,
,,,,
,,,,
,,,,
,,,,
,,,,
,,,,
,,,,
,,,,
,,,,
,,,,
,,,,
,,,,
,,,,
,,,,
,,,,
,,,,
,,,,
,,,,
,,,,
,,,,
,,,,
,,,,
,,,,
,,,,
,,,,
,,,,
,,,,
,,,,
,,,,
,,,,
,,,,
,,,,
,,,,
,,,,
,,,,
,,,,
,,,,
,,,,
,,,,
,,,,
,,,,
,,,,
,,,,
,,,,
,,,,
,,,,
,,,,
,,,,
,,,,
,,,,
,,,,
,,,,
,,,,
,,,,
,,,,
,,,,
,,,,
,,,,
,,,,
,,,,
,,,,
,,,,
,,,,
,,,,
,,,,
,,,,
,,,,
,,,,
,,,,
,,,,
,,,,
,,,,
,,,,
,,,,
,,,,
,,,,
,,,,
,,,,
,,,,
,,,,
,,,,
,,,,
,,,,
,,,,
,,,,
,,,,
,,,,
,,,,
,,,,
,,,,
,,,,
,,,,
,,,,
,,,,
,,,,
,,,,
,,,,
,,,,
,,,,
,,,,
,,,,
,,,,
,,,,
,,,,
,,,,
,,,,
,,,,
,,,,
,,,,
,,,,
,,,,
,,,,
,,,,
,,,,
,,,,
,,,,
,,,,
,,,,
,,,,
,,,,
,,,,
,,,,
,,,,
,,,,
,,,,
,,,,
,,,,
,,,,
,,,,
,,,,
,,,,
,,,,
,,,,
,,,,
,,,,
,,,,
,,,,
,,,,
,,,,
,,,,
,,,,
,,,,
,,,,
,,,,
,,,,
,,,,
,,,,
,,,,
,,,,
,,,,
,,,,
,,,,
,,,,
,,,,
,,,,
,,,,
,,,,
,,,,
,,,,
,,,,
,,,,
,,,,
,,,,
,,,,
,,,,
,,,,
,,,,
,,,,
,,,,
,,,,
,,,,
,,,,
,,,,
,,,,
,,,,
,,,,
,,,,
,,,,
,,,,
,,,,
,,,,
,,,,
,,,,
,,,,
,,,,
,,,,
,,,,
,,,,
,,,,
,,,,
,,,,
,,,,
,,,,
,,,,
,,,,
,,,,
,,,,
,,,,
,,,,
,,,,
,,,,
,,,,
,,,,
,,,,
,,,,
,,,,
,,,,
,,,,
,,,,
,,,,
,,,,
,,,,
,,,,
,,,,
,,,,
,,,,
,,,,
,,,,
,,,,
,,,,
,,,,
,,,,
,,,,
,,,,
,,,,
,,,,
,,,,
,,,,
,,,,
,,,,
,,,,
,,,,
,,,,
,,,,
,,,,
,,,,
,,,,
,,,,
,,,,
,,,,
,,,,
,,,,
,,,,
,,,,
,,,,
,,,,
,,,,
,,,,
,,,,
,,,,
,,,,
,,,,
,,,,
,,,,
,,,,
,,,,
,,,,
,,,,
,,,,
,,,,
,,,,
,,,,
,,,,
,,,,
,,,,
,,,,
,,,,
,,,,
,,,,
,,,,
,,,,
,,,,
,,,,
,,,,
,,,,
,,,,
,,,,
,,,,
,,,,
,,,,
,,,,
,,,,
,,,,
,,,,
,,,,
,,,,
,,,,
,,,,
,,,,
,,,,
,,,,
,,,,
,,,,
,,,,
,,,,
,,,,
,,,,
,,,,
,,,,
,,,,
,,,,
,,,,
,,,,
,,,,
,,,,
,,,,
,,,,
,,,,
,,,,
,,,,
,,,,
,,,,
,,,,
,,,,
,,,,
,,,,
,,,,
,,,,
,,,,
,,,,
,,,,
,,,,
,,,,
,,,,
,,,,
,,,,
,,,,
,,,,
,,,,
,,,,
,,,,
,,,,
,,,,
,,,,
,,,,
,,,,
,,,,
,,,,
,,,,
,,,,
,,,,
,,,,
,,,,
,,,,
,,,,
,,,,
,,,,
,,,,
,,,,
,,,,
,,,,
,,,,
,,,,
,,,,
,,,,
,,,,
,,,,
,,,,
,,,,
,,,,
,,,,
,,,,
,,,,
,,,,
,,,,
,,,,
,,,,
,,,,
,,,,
,,,,
,,,,
,,,,
,,,,
,,,,
,,,,
,,,,
,,,,
,,,,
,,,,
,,,,
,,,,
,,,,
,,,,
,,,,
,,,,
,,,,
,,,,
,,,,
,,,,
,,,,
,,,,
,,,,
,,,,
,,,,
,,,,
,,,,
,,,,
,,,,
,,,,
,,,,
,,,,
,,,,
,,,,
,,,,
,,,,
,,,,
,,,,
,,,,
,,,,
,,,,
,,,,
,,,,
,,,,
,,,,
,,,,
,,,,
,,,,
,,,,
,,,,
,,,,
,,,,
,,,,
,,,,
,,,,
,,,,
,,,,
,,,,
,,,,
,,,,
,,,,
,,,,
,,,,
,,,,
,,,,
,,,,
,,,,
,,,,
,,,,
,,,,
,,,,
,,,,
,,,,
,,,,
,,,,
,,,,
,,,,
,,,,
,,,,
,,,,
,,,,
,,,,
,,,,
,,,,
,,,,
,,,,
,,,,
,,,,
,,,,
,,,,
,,,,
,,,,
,,,,
,,,,
,,,,
,,,,
,,,,
,,,,
,,,,
,,,,
,,,,
,,,,
,,,,
,,,,
,,,,
,,,,
,,,,
,,,,
,,,,
,,,,
,,,,
,,,,
,,,,
,,,,
,,,,
,,,,
,,,,
,,,,
,,,,
,,,,
,,,,
,,,,
,,,,
,,,,
,,,,
,,,,
,,,,
,,,,
,,,,
,,,,
,,,,
,,,,
,,,,
,,,,
,,,,
,,,,
,,,,
,,,,
,,,,
,,,,
,,,,
,,,,
,,,,
,,,,
,,,,
,,,,
,,,,
,,,,
,,,,
,,,,
,,,,
,,,,
,,,,
,,,,
,,,,
,,,,
,,,,
,,,,
,,,,
,,,,
,,,,
,,,,
,,,,
,,,,
,,,,
,,,,
,,,,
,,,,
,,,,
,,,,
,,,,
,,,,
,,,,
,,,,
,,,,
,,,,
,,,,
,,,,
,,,,
,,,,
,,,,
,,,,
,,,,
,,,,
,,,,
,,,,
,,,,
,,,,
,,,,
,,,,
,,,,
,,,,
,,,,
,,,,
,,,,
,,,,
,,,,
,,,,
,,,,
,,,,
,,,,
,,,,
,,,,
,,,,
,,,,
,,,,
,,,,
,,,,
,,,,
,,,,
,,,,
,,,,
,,,,
,,,,
,,,,
,,,,
,,,,
,,,,
,,,,
,,,,
,,,,
,,,,
,,,,
,,,,
,,,,
,,,,
,,,,
,,,,
,,,,
,,,,
,,,,
,,,,
,,,,
,,,,
,,,,
,,,,
,,,,
,,,,
,,,,
,,,,
,,,,
,,,,
,,,,
,,,,
,,,,
,,,,
,,,,
,,,,
,,,,
,,,,
,,,,
,,,,
,,,,
,,,,
,,,,
,,,,
,,,,
,,,,
,,,,
,,,,
,,,,
,,,,
,,,,
,,,,
,,,,
,,,,
,,,,
,,,,
,,,,
,,,,
,,,,
,,,,
,,,,
,,,,
,,,,
,,,,
,,,,
,,,,
,,,,
,,,,
,,,,
,,,,
,,,,
,,,,
,,,,
,,,,
,,,,
,,,,
,,,,
,,,,
,,,,
,,,,
,,,,
,,,,
,,,,
,,,,
,,,,
,,,,
,,,,
,,,,
,,,,
,,,,
,,,,
,,,,
,,,,
,,,,
,,,,
,,,,
,,,,
,,,,
,,,,
,,,,
,,,,
,,,,
,,,,
,,,,
,,,,
,,,,
,,,,
,,,,
,,,,
,,,,
,,,,
,,,,
,,,,
,,,,
,,,,
,,,,
,,,,
,,,,
,,,,
,,,,
,,,,
,,,,
,,,,
,,,,
,,,,
,,,,
,,,,
,,,,
,,,,
,,,,
,,,,
,,,,
,,,,
,,,,
,,,,
,,,,
,,,,
,,,,
,,,,
,,,,
,,,,
,,,,
,,,,
,,,,
,,,,
,,,,
,,,,
,,,,
,,,,
,,,,
,,,,
,,,,
,,,,
,,,,
,,,,
,,,,
,,,,
,,,,
,,,,
,,,,
,,,,
,,,,
,,,,
,,,,
,,,,
,,,,
,,,,
,,,,
,,,,
,,,,
,,,,
,,,,
,,,,
,,,,
,,,,
,,,,
,,,,
,,,,
,,,,
,,,,
,,,,
,,,,
,,,,
,,,,
,,,,
,,,,
,,,,
,,,,
,,,,
,,,,
,,,,
,,,,
,,,,
,,,,
,,,,
,,,,
,,,,
,,,,
,,,,
,,,,
,,,,
,,,,
,,,,
,,,,
,,,,
,,,,
,,,,
,,,,
,,,,
,,,,
,,,,
,,,,
,,,,
,,,,
,,,,
,,,,
,,,,
,,,,
,,,,
,,,,
,,,,
,,,,
,,,,
,,,,
,,,,
,,,,
,,,,
,,,,
,,,,
,,,,
,,,,
,,,,
,,,,
,,,,
,,,,
,,,,
,,,,
,,,,
,,,,
,,,,
,,,,
,,,,
,,,,
,,,,
,,,,
,,,,
,,,,
,,,,
,,,,
,,,,
,,,,
,,,,
,,,,
,,,,
,,,,
,,,,
,,,,
,,,,
,,,,
,,,,
,,,,
,,,,
,,,,
,,,,
,,,,
,,,,
,,,,
,,,,
,,,,
,,,,
,,,,
,,,,
,,,,
,,,,
,,,,
,,,,
,,,,
,,,,
,,,,
,,,,
,,,,
,,,,
,,,,
,,,,
,,,,
,,,,
,,,,
,,,,
,,,,
,,,,
,,,,
,,,,
,,,,
,,,,
,,,,
,,,,
,,,,
,,,,
,,,,
,,,,
,,,,
,,,,
,,,,
,,,,
,,,,
,,,,
,,,,
,,,,
,,,,
,,,,
,,,,
,,,,
,,,,
,,,,
,,,,
,,,,
,,,,
,,,,
,,,,
,,,,
,,,,
,,,,
,,,,
,,,,
,,,,
,,,,
,,,,
,,,,
,,,,
,,,,
,,,,
,,,,
,,,,
,,,,
,,,,
,,,,
,,,,
,,,,
,,,,
,,,,
,,,,
,,,,
,,,,
,,,,
,,,,
,,,,
,,,,
,,,,
,,,,
,,,,
,,,,
,,,,
,,,,
,,,,
,,,,
,,,,
,,,,
,,,,
,,,,
,,,,
,,,,
,,,,
,,,,
,,,,
,,,,
,,,,
,,,,
,,,,
,,,,
,,,,
,,,,
,,,,
,,,,
,,,,
,,,,
,,,,
,,,,
,,,,
,,,,
,,,,
,,,,
,,,,
,,,,
,,,,
,,,,
,,,,
,,,,
,,,,
,,,,
,,,,
,,,,
,,,,
,,,,
,,,,
,,,,
,,,,
,,,,
,,,,
,,,,
,,,,
,,,,
,,,,
,,,,
,,,,
,,,,
,,,,
,,,,
,,,,
,,,,
,,,,
,,,,
,,,,
,,,,
,,,,
,,,,
,,,,
,,,,
,,,,
,,,,
,,,,
,,,,
,,,,
,,,,
,,,,
,,,,
,,,,
,,,,
,,,,
,,,,
,,,,
,,,,
,,,,
,,,,
